Workbook

Sheet 0. Instructions
A1: FOREST CARBON CALCULATOR
B2: WWF-Canada Carbon Measurement · Forest Carbon Workshop
A4: What this workbook does | B4: Turns field measurements of trees, understory and soil into a carbon stock in kg C/m², then scales plots to sites and to your whole study area. It follows 'Measuring Carbon in Trees' and 'Measuring Carbon in Non-Peat Soils' (WWF-Canada, 2026).
A6: COLOUR KEY
A7: Yellow | B7: TYPE HERE — field measurements you record.
A8: Blue | B8: TYPE HERE — lab results, once they come back.
A9: Grey | B9: Calculated for you. Do not type in grey cells.
A10: Green | B10: Summary output.
A11: Red | B11: A quality-control flag. Read it before trusting the row.
A13: ORDER OF WORK
A14: 1 | B14: Fill '1. Plot & Site Log' FIRST — one row per plot. Everything else joins to it on Plot ID.
A15: 2 | B15: Fill '2. Tree Data', '3. Understory Data' and '4. Soil Data' as the field data comes in.
A16: 3 | B16: Add lab results (blue columns) to '3. Understory Data' and '4. Soil Data' when they return.
A17: 4 | B17: Read '5. Plot Summary' and '6. Site Summary'. Both calculate themselves.
A19: ⚠ PLOT IDs MUST MATCH | B19: Plot ID is the key that joins every sheet. If a Plot ID on the Tree, Understory or Soil sheet does not appear in the Plot & Site Log, that row's plot area cannot be looked up and its carbon will not reach the summary. The QC flag column will tell you.
A21: UNITS
A22: DBH | B22: centimetres (cm), measured at 1.3 m above ground
A23: Tree height | B23: metres (m)
A24: Shrub L / W / H | B24: metres (m)
A25: Depths | B25: centimetres (cm), measured down from the soil surface
A26: Bulk density | B26: g/cm³ — oven-dry fine earth (<2 mm) ÷ total sample volume (see '4. Soil Data')
A27: Carbon content | B27: per cent of dry mass (%)
A28: Carbon stock | B28: kg C/m² at plot and site level; kg C for totals
A30: WHERE THE NUMBERS COME FROM
A31: Tree biomass | B31: Lambert, Ung & Raulier (2005) and Ung, Bernier & Guo (2008) — Canadian national biomass equations. See 'R1. Tree Coefficients'.
A32: Tree roots | B32: Root:shoot relationships, 'Measuring Carbon in Trees' p.17. See the note on 'R1. Tree Coefficients'.
A33: Shrub biomass | B33: Flade et al. (2020). See 'R2. Understory Coefficients'.
A34: Soil carbon | B34: 'Measuring Carbon in Non-Peat Soils' pp.23–24, Eq 1–4.
A35: Carbon fraction | B35: 0.5 of dry biomass, and 0.5 of soil organic matter. Set on '8. Settings'.
A37: BEFORE YOU START | B37: Open '8. Settings' and confirm the reporting depth, the plot sizes your crew actually used, and your precision target from Part 2 of the workshop.

Sheet 1. Plot & Site Log
A1: PLOT & SITE LOG
A2: ONE ROW PER PLOT. This is the key every other sheet joins to. Fill this in first. Leave the plot-area columns at your standard sizes unless a plot was laid out differently. 'Slope allowance applied in field?' — answer Yes if you lengthened the tape on the slope (Trees guide, Appendix); answer No if you laid out the nominal distance along the ground, and the effective area will be corrected for you.
A4: Plot ID | B4: Site ID | C4: Study area | D4: Date | E4: Location | F4: Latitude | G4: Longitude | H4: GNSS accuracy (m) | I4: Datum | J4: Elevation (m) | K4: Plot shape | L4: Large plot area (m²) | M4: Medium plot area (m²) | N4: Small plot area (m²) | O4: Slope S–N (°) | P4: Slope E–W (°) | Q4: Slope allowance applied in field? | R4: Effective large plot area (m²) | S4: Notes
A5: MR-01 | B5: S1 | C5: MR | D5: 2026-07-14 | E5: Moose Ridge upland | F5: 51.4412 | G5: -84.2018 | H5: 0.4 | I5: WGS84 | J5: 214 | K5: circular | L5: 400 | M5: 100 | N5: 1 | O5: 3.2 | P5: -1.8 | Q5: Yes | R5: =IF($L5="","",IF($Q5="Yes",$L5,IF(OR($O5="",$P5=""),$L5,$L5*COS(RADIANS(ABS($O5)))*COS(RADIANS(ABS($P5)))))) -> 400
A6: MR-02 | B6: S1 | C6: MR | D6: 2026-07-14 | E6: Moose Ridge upland | F6: 51.4438 | G6: -84.1975 | H6: 0.5 | I6: WGS84 | J6: 219 | K6: circular | L6: 400 | M6: 100 | N6: 1 | O6: 6.1 | P6: 2.4 | Q6: Yes | R6: =IF($L6="","",IF($Q6="Yes",$L6,IF(OR($O6="",$P6=""),$L6,$L6*COS(RADIANS(ABS($O6)))*COS(RADIANS(ABS($P6)))))) -> 400
A7: MR-03 | B7: S1 | C7: MR | D7: 2026-07-15 | E7: Moose Ridge upland | F7: 51.4401 | G7: -84.1932 | H7: 0.4 | I7: WGS84 | J7: 208 | K7: circular | L7: 400 | M7: 100 | N7: 1 | O7: 11.5 | P7: 4 | Q7: No | R7: =IF($L7="","",IF($Q7="Yes",$L7,IF(OR($O7="",$P7=""),$L7,$L7*COS(RADIANS(ABS($O7)))*COS(RADIANS(ABS($P7)))))) -> 391.01506
A8: BC-01 | B8: S2 | C8: MR | D8: 2026-07-16 | E8: Beaver Creek lowland | F8: 51.4288 | G8: -84.2211 | H8: 0.6 | I8: WGS84 | J8: 186 | K8: square | L8: 400 | M8: 100 | N8: 1 | O8: 1.1 | P8: -0.7 | Q8: Yes | R8: =IF($L8="","",IF($Q8="Yes",$L8,IF(OR($O8="",$P8=""),$L8,$L8*COS(RADIANS(ABS($O8)))*COS(RADIANS(ABS($P8)))))) -> 400
A9: BC-02 | B9: S2 | C9: MR | D9: 2026-07-16 | E9: Beaver Creek lowland | F9: 51.4265 | G9: -84.2168 | H9: 0.5 | I9: WGS84 | J9: 184 | K9: square | L9: 400 | M9: 100 | N9: 1 | O9: 2 | P9: 1.2 | Q9: Yes | R9: =IF($L9="","",IF($Q9="Yes",$L9,IF(OR($O9="",$P9=""),$L9,$L9*COS(RADIANS(ABS($O9)))*COS(RADIANS(ABS($P9)))))) -> 400
A10: BC-03 | B10: S2 | C10: MR | D10: 2026-07-17 | E10: Beaver Creek lowland | F10: 51.4301 | G10: -84.2245 | H10: 0.7 | I10: WGS84 | J10: 188 | K10: square | L10: 400 | M10: 100 | N10: 1 | O10: 0.8 | P10: -0.4 | Q10: Yes | R10: =IF($L10="","",IF($Q10="Yes",$L10,IF(OR($O10="",$P10=""),$L10,$L10*COS(RADIANS(ABS($O10)))*COS(RADIANS(ABS($P10)))))) -> 400
R11: =IF($L11="","",IF($Q11="Yes",$L11,IF(OR($O11="",$P11=""),$L11,$L11*COS(RADIANS(ABS($O11)))*COS(RADIANS(ABS($P11))))))
R12: =IF($L12="","",IF($Q12="Yes",$L12,IF(OR($O12="",$P12=""),$L12,$L12*COS(RADIANS(ABS($O12)))*COS(RADIANS(ABS($P12))))))
R13: =IF($L13="","",IF($Q13="Yes",$L13,IF(OR($O13="",$P13=""),$L13,$L13*COS(RADIANS(ABS($O13)))*COS(RADIANS(ABS($P13))))))
R14: =IF($L14="","",IF($Q14="Yes",$L14,IF(OR($O14="",$P14=""),$L14,$L14*COS(RADIANS(ABS($O14)))*COS(RADIANS(ABS($P14))))))
R15: =IF($L15="","",IF($Q15="Yes",$L15,IF(OR($O15="",$P15=""),$L15,$L15*COS(RADIANS(ABS($O15)))*COS(RADIANS(ABS($P15))))))
R16: =IF($L16="","",IF($Q16="Yes",$L16,IF(OR($O16="",$P16=""),$L16,$L16*COS(RADIANS(ABS($O16)))*COS(RADIANS(ABS($P16))))))
R17: =IF($L17="","",IF($Q17="Yes",$L17,IF(OR($O17="",$P17=""),$L17,$L17*COS(RADIANS(ABS($O17)))*COS(RADIANS(ABS($P17))))))
R18: =IF($L18="","",IF($Q18="Yes",$L18,IF(OR($O18="",$P18=""),$L18,$L18*COS(RADIANS(ABS($O18)))*COS(RADIANS(ABS($P18))))))
R19: =IF($L19="","",IF($Q19="Yes",$L19,IF(OR($O19="",$P19=""),$L19,$L19*COS(RADIANS(ABS($O19)))*COS(RADIANS(ABS($P19))))))
R20: =IF($L20="","",IF($Q20="Yes",$L20,IF(OR($O20="",$P20=""),$L20,$L20*COS(RADIANS(ABS($O20)))*COS(RADIANS(ABS($P20))))))
R21: =IF($L21="","",IF($Q21="Yes",$L21,IF(OR($O21="",$P21=""),$L21,$L21*COS(RADIANS(ABS($O21)))*COS(RADIANS(ABS($P21))))))
R22: =IF($L22="","",IF($Q22="Yes",$L22,IF(OR($O22="",$P22=""),$L22,$L22*COS(RADIANS(ABS($O22)))*COS(RADIANS(ABS($P22))))))
... R64: =IF($L64="","",IF($Q64="Yes",$L64,IF(OR($O64="",$P64=""),$L64,$L64*COS(RADIANS(ABS($O64)))*COS(RADIANS(ABS($P64))))))

Sheet 2. Core Log
A1: CORE LOG
A2: ONE ROW PER CORE OR PIT. Matches the 'Core Notes' block on the paper Soil Carbon Data Sheet. Hole depth is the true depth of the ground you sampled; core length is what you recovered — the difference is compaction (Non-peat guide, Sampling).
A4: Core ID | B4: Plot ID | C4: Latitude | D4: Longitude | E4: Sampling method | F4: Hole depth (cm) | G4: Core length recovered (cm) | H4: Compaction factor | I4: Depth to substratum (cm) | J4: Photo series taken? | K4: Deepest slice logged (cm) | L4: Stock to reporting depth (kg C/m²) | M4: Stock, full core (kg C/m²) | N4: Reaches reporting depth? | O4: QC flags | P4: Notes
A5: MR-01-C1 | B5: MR-01 | C5: 51.4225 | D5: -84.20415 | E5: Soil core | F5: 50 | G5: 49 | H5: =IF(OR($F5="",$G5="",$G5=0),"",$F5/$G5) -> 1.0204082 | I5: 50 | J5: Yes | K5: =IF($A5="","",IF(SUMPRODUCT(MAX(('5. Soil Data'!$B$5:$B$504=$A5)*'5. Soil Data'!$E$5:$E$504))=0,"",SUMPRODUCT(MAX(('5. Soil Data'!$B$5:$B$504=$A5)*'5. Soil Data'!$E$5:$E$504)))) -> 50 | L5: =IF($A5="","",IFERROR(SUMIFS('5. Soil Data'!$O$5:$O$504,'5. Soil Data'!$B$5:$B$504,$A5),"")) -> 10.470085 | M5: =IF($A5="","",IFERROR(SUMIFS('5. Soil Data'!$P$5:$P$504,'5. Soil Data'!$B$5:$B$504,$A5),"")) -> 12.303385 | N5: =IF($K5="","",IF($K5>=REPORTING_DEPTH_CM,"Yes","No")) -> Yes | O5: =IF($A5="","",IF(AND($B5<>"",COUNTIF('1. Plot & Site Log'!$A$5:$A$64,$B5)=0),"Plot ID not in Plot & Site Log. ","")&IF($K5="","No soil slices logged for this core. ","")&IF($N5="No","Core stops short of the reporting depth — its depth-limited stock is an underestimate. ","")&IF(AND($H5<>"",$H5>1.05),"Core compacted by "&TEXT(($H5-1)*100,"0")&"%: slice depths in the tube sit shallower than in the ground, so the depth-limited stock is biased. Full-core stock is unaffected. ","")&IF(AND($H5<>"",$H5<0.98),"Core length exceeds hole depth — check the two measurements. ",""))
A6: MR-01-C2 | B6: MR-01 | C6: 51.43711 | D6: -84.20424 | E6: Soil core | F6: 30 | G6: 27.5 | H6: =IF(OR($F6="",$G6="",$G6=0),"",$F6/$G6) -> 1.0909091 | I6: 30 | J6: Yes | K6: =IF($A6="","",IF(SUMPRODUCT(MAX(('5. Soil Data'!$B$5:$B$504=$A6)*'5. Soil Data'!$E$5:$E$504))=0,"",SUMPRODUCT(MAX(('5. Soil Data'!$B$5:$B$504=$A6)*'5. Soil Data'!$E$5:$E$504)))) -> 30 | L6: =IF($A6="","",IFERROR(SUMIFS('5. Soil Data'!$O$5:$O$504,'5. Soil Data'!$B$5:$B$504,$A6),"")) -> 10.621455 | M6: =IF($A6="","",IFERROR(SUMIFS('5. Soil Data'!$P$5:$P$504,'5. Soil Data'!$B$5:$B$504,$A6),"")) -> 10.621455 | N6: =IF($K6="","",IF($K6>=REPORTING_DEPTH_CM,"Yes","No")) -> Yes | O6: =IF($A6="","",IF(AND($B6<>"",COUNTIF('1. Plot & Site Log'!$A$5:$A$64,$B6)=0),"Plot ID not in Plot & Site Log. ","")&IF($K6="","No soil slices logged for this core. ","")&IF($N6="No","Core stops short of the reporting depth — its depth-limited stock is an underestimate. ","")&IF(AND($H6<>"",$H6>1.05),"Core compacted by "&TEXT(($H6-1)*100,"0")&"%: slice depths in the tube sit shallower than in the ground, so the depth-limited stock is biased. Full-core stock is unaffected. ","")&IF(AND($H6<>"",$H6<0.98),"Core length exceeds hole depth — check the two measurements. ","")) -> Core compacted by 9%: slice depths in the tube sit shallower than in the ground, so the depth-limited stock is biased. Full-core stock is unaffected.
A7: MR-02-C1 | B7: MR-02 | C7: 51.4357 | D7: -84.20137 | E7: Soil core | F7: 40 | G7: 36.8 | H7: =IF(OR($F7="",$G7="",$G7=0),"",$F7/$G7) -> 1.0869565 | I7: 40 | J7: Yes | K7: =IF($A7="","",IF(SUMPRODUCT(MAX(('5. Soil Data'!$B$5:$B$504=$A7)*'5. Soil Data'!$E$5:$E$504))=0,"",SUMPRODUCT(MAX(('5. Soil Data'!$B$5:$B$504=$A7)*'5. Soil Data'!$E$5:$E$504)))) -> 40 | L7: =IF($A7="","",IFERROR(SUMIFS('5. Soil Data'!$O$5:$O$504,'5. Soil Data'!$B$5:$B$504,$A7),"")) -> 10.50648 | M7: =IF($A7="","",IFERROR(SUMIFS('5. Soil Data'!$P$5:$P$504,'5. Soil Data'!$B$5:$B$504,$A7),"")) -> 11.32278 | N7: =IF($K7="","",IF($K7>=REPORTING_DEPTH_CM,"Yes","No")) -> Yes | O7: =IF($A7="","",IF(AND($B7<>"",COUNTIF('1. Plot & Site Log'!$A$5:$A$64,$B7)=0),"Plot ID not in Plot & Site Log. ","")&IF($K7="","No soil slices logged for this core. ","")&IF($N7="No","Core stops short of the reporting depth — its depth-limited stock is an underestimate. ","")&IF(AND($H7<>"",$H7>1.05),"Core compacted by "&TEXT(($H7-1)*100,"0")&"%: slice depths in the tube sit shallower than in the ground, so the depth-limited stock is biased. Full-core stock is unaffected. ","")&IF(AND($H7<>"",$H7<0.98),"Core length exceeds hole depth — check the two measurements. ","")) -> Core compacted by 9%: slice depths in the tube sit shallower than in the ground, so the depth-limited stock is biased. Full-core stock is unaffected.
A8: MR-03-C1 | B8: MR-03 | C8: 51.42047 | D8: -84.20285 | E8: Soil core | F8: 22 | G8: 20.9 | H8: =IF(OR($F8="",$G8="",$G8=0),"",$F8/$G8) -> 1.0526316 | I8: 22 | J8: Yes | K8: =IF($A8="","",IF(SUMPRODUCT(MAX(('5. Soil Data'!$B$5:$B$504=$A8)*'5. Soil Data'!$E$5:$E$504))=0,"",SUMPRODUCT(MAX(('5. Soil Data'!$B$5:$B$504=$A8)*'5. Soil Data'!$E$5:$E$504)))) -> 22 | L8: =IF($A8="","",IFERROR(SUMIFS('5. Soil Data'!$O$5:$O$504,'5. Soil Data'!$B$5:$B$504,$A8),"")) -> 9.756524 | M8: =IF($A8="","",IFERROR(SUMIFS('5. Soil Data'!$P$5:$P$504,'5. Soil Data'!$B$5:$B$504,$A8),"")) -> 9.756524 | N8: =IF($K8="","",IF($K8>=REPORTING_DEPTH_CM,"Yes","No")) -> No | O8: =IF($A8="","",IF(AND($B8<>"",COUNTIF('1. Plot & Site Log'!$A$5:$A$64,$B8)=0),"Plot ID not in Plot & Site Log. ","")&IF($K8="","No soil slices logged for this core. ","")&IF($N8="No","Core stops short of the reporting depth — its depth-limited stock is an underestimate. ","")&IF(AND($H8<>"",$H8>1.05),"Core compacted by "&TEXT(($H8-1)*100,"0")&"%: slice depths in the tube sit shallower than in the ground, so the depth-limited stock is biased. Full-core stock is unaffected. ","")&IF(AND($H8<>"",$H8<0.98),"Core length exceeds hole depth — check the two measurements. ","")) -> Core stops short of the reporting depth — its depth-limited stock is an underestimate. Core compacted by 5%: slice depths in the tube sit shallower than in the ground, so the depth-limited stock is biased. Full-core stock is unaffected.
A9: BC-01-C1 | B9: BC-01 | C9: 51.4275 | D9: -84.21008 | E9: Soil core | F9: 50 | G9: 47.3 | H9: =IF(OR($F9="",$G9="",$G9=0),"",$F9/$G9) -> 1.0570825 | I9: 50 | J9: Yes | K9: =IF($A9="","",IF(SUMPRODUCT(MAX(('5. Soil Data'!$B$5:$B$504=$A9)*'5. Soil Data'!$E$5:$E$504))=0,"",SUMPRODUCT(MAX(('5. Soil Data'!$B$5:$B$504=$A9)*'5. Soil Data'!$E$5:$E$504)))) -> 50 | L9: =IF($A9="","",IFERROR(SUMIFS('5. Soil Data'!$O$5:$O$504,'5. Soil Data'!$B$5:$B$504,$A9),"")) -> 11.889705 | M9: =IF($A9="","",IFERROR(SUMIFS('5. Soil Data'!$P$5:$P$504,'5. Soil Data'!$B$5:$B$504,$A9),"")) -> 13.761845 | N9: =IF($K9="","",IF($K9>=REPORTING_DEPTH_CM,"Yes","No")) -> Yes | O9: =IF($A9="","",IF(AND($B9<>"",COUNTIF('1. Plot & Site Log'!$A$5:$A$64,$B9)=0),"Plot ID not in Plot & Site Log. ","")&IF($K9="","No soil slices logged for this core. ","")&IF($N9="No","Core stops short of the reporting depth — its depth-limited stock is an underestimate. ","")&IF(AND($H9<>"",$H9>1.05),"Core compacted by "&TEXT(($H9-1)*100,"0")&"%: slice depths in the tube sit shallower than in the ground, so the depth-limited stock is biased. Full-core stock is unaffected. ","")&IF(AND($H9<>"",$H9<0.98),"Core length exceeds hole depth — check the two measurements. ","")) -> Core compacted by 6%: slice depths in the tube sit shallower than in the ground, so the depth-limited stock is biased. Full-core stock is unaffected.
A10: BC-01-C2 | B10: BC-01 | C10: 51.42675 | D10: -84.20708 | E10: Soil core | F10: 50 | G10: 49.8 | H10: =IF(OR($F10="",$G10="",$G10=0),"",$F10/$G10) -> 1.0040161 | I10: 50 | J10: Yes | K10: =IF($A10="","",IF(SUMPRODUCT(MAX(('5. Soil Data'!$B$5:$B$504=$A10)*'5. Soil Data'!$E$5:$E$504))=0,"",SUMPRODUCT(MAX(('5. Soil Data'!$B$5:$B$504=$A10)*'5. Soil Data'!$E$5:$E$504)))) -> 50 | L10: =IF($A10="","",IFERROR(SUMIFS('5. Soil Data'!$O$5:$O$504,'5. Soil Data'!$B$5:$B$504,$A10),"")) -> 11.3162 | M10: =IF($A10="","",IFERROR(SUMIFS('5. Soil Data'!$P$5:$P$504,'5. Soil Data'!$B$5:$B$504,$A10),"")) -> 13.1242 | N10: =IF($K10="","",IF($K10>=REPORTING_DEPTH_CM,"Yes","No")) -> Yes | O10: =IF($A10="","",IF(AND($B10<>"",COUNTIF('1. Plot & Site Log'!$A$5:$A$64,$B10)=0),"Plot ID not in Plot & Site Log. ","")&IF($K10="","No soil slices logged for this core. ","")&IF($N10="No","Core stops short of the reporting depth — its depth-limited stock is an underestimate. ","")&IF(AND($H10<>"",$H10>1.05),"Core compacted by "&TEXT(($H10-1)*100,"0")&"%: slice depths in the tube sit shallower than in the ground, so the depth-limited stock is biased. Full-core stock is unaffected. ","")&IF(AND($H10<>"",$H10<0.98),"Core length exceeds hole depth — check the two measurements. ",""))
A11: BC-02-C1 | B11: BC-02 | C11: 51.44 | D11: -84.20575 | E11: Soil core | F11: 40 | G11: 35.8 | H11: =IF(OR($F11="",$G11="",$G11=0),"",$F11/$G11) -> 1.1173184 | I11: 40 | J11: Yes | K11: =IF($A11="","",IF(SUMPRODUCT(MAX(('5. Soil Data'!$B$5:$B$504=$A11)*'5. Soil Data'!$E$5:$E$504))=0,"",SUMPRODUCT(MAX(('5. Soil Data'!$B$5:$B$504=$A11)*'5. Soil Data'!$E$5:$E$504)))) -> 40 | L11: =IF($A11="","",IFERROR(SUMIFS('5. Soil Data'!$O$5:$O$504,'5. Soil Data'!$B$5:$B$504,$A11),"")) -> 10.794935 | M11: =IF($A11="","",IFERROR(SUMIFS('5. Soil Data'!$P$5:$P$504,'5. Soil Data'!$B$5:$B$504,$A11),"")) -> 11.600435 | N11: =IF($K11="","",IF($K11>=REPORTING_DEPTH_CM,"Yes","No")) -> Yes | O11: =IF($A11="","",IF(AND($B11<>"",COUNTIF('1. Plot & Site Log'!$A$5:$A$64,$B11)=0),"Plot ID not in Plot & Site Log. ","")&IF($K11="","No soil slices logged for this core. ","")&IF($N11="No","Core stops short of the reporting depth — its depth-limited stock is an underestimate. ","")&IF(AND($H11<>"",$H11>1.05),"Core compacted by "&TEXT(($H11-1)*100,"0")&"%: slice depths in the tube sit shallower than in the ground, so the depth-limited stock is biased. Full-core stock is unaffected. ","")&IF(AND($H11<>"",$H11<0.98),"Core length exceeds hole depth — check the two measurements. ","")) -> Core compacted by 12%: slice depths in the tube sit shallower than in the ground, so the depth-limited stock is biased. Full-core stock is unaffected.
A12: BC-03-C1 | B12: BC-03 | C12: 51.43526 | D12: -84.21274 | E12: Soil core | F12: 30 | G12: 26.4 | H12: =IF(OR($F12="",$G12="",$G12=0),"",$F12/$G12) -> 1.1363636 | I12: 30 | J12: Yes | K12: =IF($A12="","",IF(SUMPRODUCT(MAX(('5. Soil Data'!$B$5:$B$504=$A12)*'5. Soil Data'!$E$5:$E$504))=0,"",SUMPRODUCT(MAX(('5. Soil Data'!$B$5:$B$504=$A12)*'5. Soil Data'!$E$5:$E$504)))) -> 30 | L12: =IF($A12="","",IFERROR(SUMIFS('5. Soil Data'!$O$5:$O$504,'5. Soil Data'!$B$5:$B$504,$A12),"")) -> 10.58331 | M12: =IF($A12="","",IFERROR(SUMIFS('5. Soil Data'!$P$5:$P$504,'5. Soil Data'!$B$5:$B$504,$A12),"")) -> 10.58331 | N12: =IF($K12="","",IF($K12>=REPORTING_DEPTH_CM,"Yes","No")) -> Yes | O12: =IF($A12="","",IF(AND($B12<>"",COUNTIF('1. Plot & Site Log'!$A$5:$A$64,$B12)=0),"Plot ID not in Plot & Site Log. ","")&IF($K12="","No soil slices logged for this core. ","")&IF($N12="No","Core stops short of the reporting depth — its depth-limited stock is an underestimate. ","")&IF(AND($H12<>"",$H12>1.05),"Core compacted by "&TEXT(($H12-1)*100,"0")&"%: slice depths in the tube sit shallower than in the ground, so the depth-limited stock is biased. Full-core stock is unaffected. ","")&IF(AND($H12<>"",$H12<0.98),"Core length exceeds hole depth — check the two measurements. ","")) -> Core compacted by 14%: slice depths in the tube sit shallower than in the ground, so the depth-limited stock is biased. Full-core stock is unaffected.
H13: =IF(OR($F13="",$G13="",$G13=0),"",$F13/$G13) | K13: =IF($A13="","",IF(SUMPRODUCT(MAX(('5. Soil Data'!$B$5:$B$504=$A13)*'5. Soil Data'!$E$5:$E$504))=0,"",SUMPRODUCT(MAX(('5. Soil Data'!$B$5:$B$504=$A13)*'5. Soil Data'!$E$5:$E$504)))) | L13: =IF($A13="","",IFERROR(SUMIFS('5. Soil Data'!$O$5:$O$504,'5. Soil Data'!$B$5:$B$504,$A13),"")) | M13: =IF($A13="","",IFERROR(SUMIFS('5. Soil Data'!$P$5:$P$504,'5. Soil Data'!$B$5:$B$504,$A13),"")) | N13: =IF($K13="","",IF($K13>=REPORTING_DEPTH_CM,"Yes","No")) | O13: =IF($A13="","",IF(AND($B13<>"",COUNTIF('1. Plot & Site Log'!$A$5:$A$64,$B13)=0),"Plot ID not in Plot & Site Log. ","")&IF($K13="","No soil slices logged for this core. ","")&IF($N13="No","Core stops short of the reporting depth — its depth-limited stock is an underestimate. ","")&IF(AND($H13<>"",$H13>1.05),"Core compacted by "&TEXT(($H13-1)*100,"0")&"%: slice depths in the tube sit shallower than in the ground, so the depth-limited stock is biased. Full-core stock is unaffected. ","")&IF(AND($H13<>"",$H13<0.98),"Core length exceeds hole depth — check the two measurements. ",""))
H14: =IF(OR($F14="",$G14="",$G14=0),"",$F14/$G14) | K14: =IF($A14="","",IF(SUMPRODUCT(MAX(('5. Soil Data'!$B$5:$B$504=$A14)*'5. Soil Data'!$E$5:$E$504))=0,"",SUMPRODUCT(MAX(('5. Soil Data'!$B$5:$B$504=$A14)*'5. Soil Data'!$E$5:$E$504)))) | L14: =IF($A14="","",IFERROR(SUMIFS('5. Soil Data'!$O$5:$O$504,'5. Soil Data'!$B$5:$B$504,$A14),"")) | M14: =IF($A14="","",IFERROR(SUMIFS('5. Soil Data'!$P$5:$P$504,'5. Soil Data'!$B$5:$B$504,$A14),"")) | N14: =IF($K14="","",IF($K14>=REPORTING_DEPTH_CM,"Yes","No")) | O14: =IF($A14="","",IF(AND($B14<>"",COUNTIF('1. Plot & Site Log'!$A$5:$A$64,$B14)=0),"Plot ID not in Plot & Site Log. ","")&IF($K14="","No soil slices logged for this core. ","")&IF($N14="No","Core stops short of the reporting depth — its depth-limited stock is an underestimate. ","")&IF(AND($H14<>"",$H14>1.05),"Core compacted by "&TEXT(($H14-1)*100,"0")&"%: slice depths in the tube sit shallower than in the ground, so the depth-limited stock is biased. Full-core stock is unaffected. ","")&IF(AND($H14<>"",$H14<0.98),"Core length exceeds hole depth — check the two measurements. ",""))
H15: =IF(OR($F15="",$G15="",$G15=0),"",$F15/$G15) | K15: =IF($A15="","",IF(SUMPRODUCT(MAX(('5. Soil Data'!$B$5:$B$504=$A15)*'5. Soil Data'!$E$5:$E$504))=0,"",SUMPRODUCT(MAX(('5. Soil Data'!$B$5:$B$504=$A15)*'5. Soil Data'!$E$5:$E$504)))) | L15: =IF($A15="","",IFERROR(SUMIFS('5. Soil Data'!$O$5:$O$504,'5. Soil Data'!$B$5:$B$504,$A15),"")) | M15: =IF($A15="","",IFERROR(SUMIFS('5. Soil Data'!$P$5:$P$504,'5. Soil Data'!$B$5:$B$504,$A15),"")) | N15: =IF($K15="","",IF($K15>=REPORTING_DEPTH_CM,"Yes","No")) | O15: =IF($A15="","",IF(AND($B15<>"",COUNTIF('1. Plot & Site Log'!$A$5:$A$64,$B15)=0),"Plot ID not in Plot & Site Log. ","")&IF($K15="","No soil slices logged for this core. ","")&IF($N15="No","Core stops short of the reporting depth — its depth-limited stock is an underestimate. ","")&IF(AND($H15<>"",$H15>1.05),"Core compacted by "&TEXT(($H15-1)*100,"0")&"%: slice depths in the tube sit shallower than in the ground, so the depth-limited stock is biased. Full-core stock is unaffected. ","")&IF(AND($H15<>"",$H15<0.98),"Core length exceeds hole depth — check the two measurements. ",""))
H16: =IF(OR($F16="",$G16="",$G16=0),"",$F16/$G16) | K16: =IF($A16="","",IF(SUMPRODUCT(MAX(('5. Soil Data'!$B$5:$B$504=$A16)*'5. Soil Data'!$E$5:$E$504))=0,"",SUMPRODUCT(MAX(('5. Soil Data'!$B$5:$B$504=$A16)*'5. Soil Data'!$E$5:$E$504)))) | L16: =IF($A16="","",IFERROR(SUMIFS('5. Soil Data'!$O$5:$O$504,'5. Soil Data'!$B$5:$B$504,$A16),"")) | M16: =IF($A16="","",IFERROR(SUMIFS('5. Soil Data'!$P$5:$P$504,'5. Soil Data'!$B$5:$B$504,$A16),"")) | N16: =IF($K16="","",IF($K16>=REPORTING_DEPTH_CM,"Yes","No")) | O16: =IF($A16="","",IF(AND($B16<>"",COUNTIF('1. Plot & Site Log'!$A$5:$A$64,$B16)=0),"Plot ID not in Plot & Site Log. ","")&IF($K16="","No soil slices logged for this core. ","")&IF($N16="No","Core stops short of the reporting depth — its depth-limited stock is an underestimate. ","")&IF(AND($H16<>"",$H16>1.05),"Core compacted by "&TEXT(($H16-1)*100,"0")&"%: slice depths in the tube sit shallower than in the ground, so the depth-limited stock is biased. Full-core stock is unaffected. ","")&IF(AND($H16<>"",$H16<0.98),"Core length exceeds hole depth — check the two measurements. ",""))
H17: =IF(OR($F17="",$G17="",$G17=0),"",$F17/$G17) | K17: =IF($A17="","",IF(SUMPRODUCT(MAX(('5. Soil Data'!$B$5:$B$504=$A17)*'5. Soil Data'!$E$5:$E$504))=0,"",SUMPRODUCT(MAX(('5. Soil Data'!$B$5:$B$504=$A17)*'5. Soil Data'!$E$5:$E$504)))) | L17: =IF($A17="","",IFERROR(SUMIFS('5. Soil Data'!$O$5:$O$504,'5. Soil Data'!$B$5:$B$504,$A17),"")) | M17: =IF($A17="","",IFERROR(SUMIFS('5. Soil Data'!$P$5:$P$504,'5. Soil Data'!$B$5:$B$504,$A17),"")) | N17: =IF($K17="","",IF($K17>=REPORTING_DEPTH_CM,"Yes","No")) | O17: =IF($A17="","",IF(AND($B17<>"",COUNTIF('1. Plot & Site Log'!$A$5:$A$64,$B17)=0),"Plot ID not in Plot & Site Log. ","")&IF($K17="","No soil slices logged for this core. ","")&IF($N17="No","Core stops short of the reporting depth — its depth-limited stock is an underestimate. ","")&IF(AND($H17<>"",$H17>1.05),"Core compacted by "&TEXT(($H17-1)*100,"0")&"%: slice depths in the tube sit shallower than in the ground, so the depth-limited stock is biased. Full-core stock is unaffected. ","")&IF(AND($H17<>"",$H17<0.98),"Core length exceeds hole depth — check the two measurements. ",""))
H18: =IF(OR($F18="",$G18="",$G18=0),"",$F18/$G18) | K18: =IF($A18="","",IF(SUMPRODUCT(MAX(('5. Soil Data'!$B$5:$B$504=$A18)*'5. Soil Data'!$E$5:$E$504))=0,"",SUMPRODUCT(MAX(('5. Soil Data'!$B$5:$B$504=$A18)*'5. Soil Data'!$E$5:$E$504)))) | L18: =IF($A18="","",IFERROR(SUMIFS('5. Soil Data'!$O$5:$O$504,'5. Soil Data'!$B$5:$B$504,$A18),"")) | M18: =IF($A18="","",IFERROR(SUMIFS('5. Soil Data'!$P$5:$P$504,'5. Soil Data'!$B$5:$B$504,$A18),"")) | N18: =IF($K18="","",IF($K18>=REPORTING_DEPTH_CM,"Yes","No")) | O18: =IF($A18="","",IF(AND($B18<>"",COUNTIF('1. Plot & Site Log'!$A$5:$A$64,$B18)=0),"Plot ID not in Plot & Site Log. ","")&IF($K18="","No soil slices logged for this core. ","")&IF($N18="No","Core stops short of the reporting depth — its depth-limited stock is an underestimate. ","")&IF(AND($H18<>"",$H18>1.05),"Core compacted by "&TEXT(($H18-1)*100,"0")&"%: slice depths in the tube sit shallower than in the ground, so the depth-limited stock is biased. Full-core stock is unaffected. ","")&IF(AND($H18<>"",$H18<0.98),"Core length exceeds hole depth — check the two measurements. ",""))
H19: =IF(OR($F19="",$G19="",$G19=0),"",$F19/$G19) | K19: =IF($A19="","",IF(SUMPRODUCT(MAX(('5. Soil Data'!$B$5:$B$504=$A19)*'5. Soil Data'!$E$5:$E$504))=0,"",SUMPRODUCT(MAX(('5. Soil Data'!$B$5:$B$504=$A19)*'5. Soil Data'!$E$5:$E$504)))) | L19: =IF($A19="","",IFERROR(SUMIFS('5. Soil Data'!$O$5:$O$504,'5. Soil Data'!$B$5:$B$504,$A19),"")) | M19: =IF($A19="","",IFERROR(SUMIFS('5. Soil Data'!$P$5:$P$504,'5. Soil Data'!$B$5:$B$504,$A19),"")) | N19: =IF($K19="","",IF($K19>=REPORTING_DEPTH_CM,"Yes","No")) | O19: =IF($A19="","",IF(AND($B19<>"",COUNTIF('1. Plot & Site Log'!$A$5:$A$64,$B19)=0),"Plot ID not in Plot & Site Log. ","")&IF($K19="","No soil slices logged for this core. ","")&IF($N19="No","Core stops short of the reporting depth — its depth-limited stock is an underestimate. ","")&IF(AND($H19<>"",$H19>1.05),"Core compacted by "&TEXT(($H19-1)*100,"0")&"%: slice depths in the tube sit shallower than in the ground, so the depth-limited stock is biased. Full-core stock is unaffected. ","")&IF(AND($H19<>"",$H19<0.98),"Core length exceeds hole depth — check the two measurements. ",""))
H20: =IF(OR($F20="",$G20="",$G20=0),"",$F20/$G20) | K20: =IF($A20="","",IF(SUMPRODUCT(MAX(('5. Soil Data'!$B$5:$B$504=$A20)*'5. Soil Data'!$E$5:$E$504))=0,"",SUMPRODUCT(MAX(('5. Soil Data'!$B$5:$B$504=$A20)*'5. Soil Data'!$E$5:$E$504)))) | L20: =IF($A20="","",IFERROR(SUMIFS('5. Soil Data'!$O$5:$O$504,'5. Soil Data'!$B$5:$B$504,$A20),"")) | M20: =IF($A20="","",IFERROR(SUMIFS('5. Soil Data'!$P$5:$P$504,'5. Soil Data'!$B$5:$B$504,$A20),"")) | N20: =IF($K20="","",IF($K20>=REPORTING_DEPTH_CM,"Yes","No")) | O20: =IF($A20="","",IF(AND($B20<>"",COUNTIF('1. Plot & Site Log'!$A$5:$A$64,$B20)=0),"Plot ID not in Plot & Site Log. ","")&IF($K20="","No soil slices logged for this core. ","")&IF($N20="No","Core stops short of the reporting depth — its depth-limited stock is an underestimate. ","")&IF(AND($H20<>"",$H20>1.05),"Core compacted by "&TEXT(($H20-1)*100,"0")&"%: slice depths in the tube sit shallower than in the ground, so the depth-limited stock is biased. Full-core stock is unaffected. ","")&IF(AND($H20<>"",$H20<0.98),"Core length exceeds hole depth — check the two measurements. ",""))
H21: =IF(OR($F21="",$G21="",$G21=0),"",$F21/$G21) | K21: =IF($A21="","",IF(SUMPRODUCT(MAX(('5. Soil Data'!$B$5:$B$504=$A21)*'5. Soil Data'!$E$5:$E$504))=0,"",SUMPRODUCT(MAX(('5. Soil Data'!$B$5:$B$504=$A21)*'5. Soil Data'!$E$5:$E$504)))) | L21: =IF($A21="","",IFERROR(SUMIFS('5. Soil Data'!$O$5:$O$504,'5. Soil Data'!$B$5:$B$504,$A21),"")) | M21: =IF($A21="","",IFERROR(SUMIFS('5. Soil Data'!$P$5:$P$504,'5. Soil Data'!$B$5:$B$504,$A21),"")) | N21: =IF($K21="","",IF($K21>=REPORTING_DEPTH_CM,"Yes","No")) | O21: =IF($A21="","",IF(AND($B21<>"",COUNTIF('1. Plot & Site Log'!$A$5:$A$64,$B21)=0),"Plot ID not in Plot & Site Log. ","")&IF($K21="","No soil slices logged for this core. ","")&IF($N21="No","Core stops short of the reporting depth — its depth-limited stock is an underestimate. ","")&IF(AND($H21<>"",$H21>1.05),"Core compacted by "&TEXT(($H21-1)*100,"0")&"%: slice depths in the tube sit shallower than in the ground, so the depth-limited stock is biased. Full-core stock is unaffected. ","")&IF(AND($H21<>"",$H21<0.98),"Core length exceeds hole depth — check the two measurements. ",""))
H22: =IF(OR($F22="",$G22="",$G22=0),"",$F22/$G22) | K22: =IF($A22="","",IF(SUMPRODUCT(MAX(('5. Soil Data'!$B$5:$B$504=$A22)*'5. Soil Data'!$E$5:$E$504))=0,"",SUMPRODUCT(MAX(('5. Soil Data'!$B$5:$B$504=$A22)*'5. Soil Data'!$E$5:$E$504)))) | L22: =IF($A22="","",IFERROR(SUMIFS('5. Soil Data'!$O$5:$O$504,'5. Soil Data'!$B$5:$B$504,$A22),"")) | M22: =IF($A22="","",IFERROR(SUMIFS('5. Soil Data'!$P$5:$P$504,'5. Soil Data'!$B$5:$B$504,$A22),"")) | N22: =IF($K22="","",IF($K22>=REPORTING_DEPTH_CM,"Yes","No")) | O22: =IF($A22="","",IF(AND($B22<>"",COUNTIF('1. Plot & Site Log'!$A$5:$A$64,$B22)=0),"Plot ID not in Plot & Site Log. ","")&IF($K22="","No soil slices logged for this core. ","")&IF($N22="No","Core stops short of the reporting depth — its depth-limited stock is an underestimate. ","")&IF(AND($H22<>"",$H22>1.05),"Core compacted by "&TEXT(($H22-1)*100,"0")&"%: slice depths in the tube sit shallower than in the ground, so the depth-limited stock is biased. Full-core stock is unaffected. ","")&IF(AND($H22<>"",$H22<0.98),"Core length exceeds hole depth — check the two measurements. ",""))
H23: =IF(OR($F23="",$G23="",$G23=0),"",$F23/$G23) | K23: =IF($A23="","",IF(SUMPRODUCT(MAX(('5. Soil Data'!$B$5:$B$504=$A23)*'5. Soil Data'!$E$5:$E$504))=0,"",SUMPRODUCT(MAX(('5. Soil Data'!$B$5:$B$504=$A23)*'5. Soil Data'!$E$5:$E$504)))) | L23: =IF($A23="","",IFERROR(SUMIFS('5. Soil Data'!$O$5:$O$504,'5. Soil Data'!$B$5:$B$504,$A23),"")) | M23: =IF($A23="","",IFERROR(SUMIFS('5. Soil Data'!$P$5:$P$504,'5. Soil Data'!$B$5:$B$504,$A23),"")) | N23: =IF($K23="","",IF($K23>=REPORTING_DEPTH_CM,"Yes","No")) | O23: =IF($A23="","",IF(AND($B23<>"",COUNTIF('1. Plot & Site Log'!$A$5:$A$64,$B23)=0),"Plot ID not in Plot & Site Log. ","")&IF($K23="","No soil slices logged for this core. ","")&IF($N23="No","Core stops short of the reporting depth — its depth-limited stock is an underestimate. ","")&IF(AND($H23<>"",$H23>1.05),"Core compacted by "&TEXT(($H23-1)*100,"0")&"%: slice depths in the tube sit shallower than in the ground, so the depth-limited stock is biased. Full-core stock is unaffected. ","")&IF(AND($H23<>"",$H23<0.98),"Core length exceeds hole depth — check the two measurements. ",""))
H24: =IF(OR($F24="",$G24="",$G24=0),"",$F24/$G24) | K24: =IF($A24="","",IF(SUMPRODUCT(MAX(('5. Soil Data'!$B$5:$B$504=$A24)*'5. Soil Data'!$E$5:$E$504))=0,"",SUMPRODUCT(MAX(('5. Soil Data'!$B$5:$B$504=$A24)*'5. Soil Data'!$E$5:$E$504)))) | L24: =IF($A24="","",IFERROR(SUMIFS('5. Soil Data'!$O$5:$O$504,'5. Soil Data'!$B$5:$B$504,$A24),"")) | M24: =IF($A24="","",IFERROR(SUMIFS('5. Soil Data'!$P$5:$P$504,'5. Soil Data'!$B$5:$B$504,$A24),"")) | N24: =IF($K24="","",IF($K24>=REPORTING_DEPTH_CM,"Yes","No")) | O24: =IF($A24="","",IF(AND($B24<>"",COUNTIF('1. Plot & Site Log'!$A$5:$A$64,$B24)=0),"Plot ID not in Plot & Site Log. ","")&IF($K24="","No soil slices logged for this core. ","")&IF($N24="No","Core stops short of the reporting depth — its depth-limited stock is an underestimate. ","")&IF(AND($H24<>"",$H24>1.05),"Core compacted by "&TEXT(($H24-1)*100,"0")&"%: slice depths in the tube sit shallower than in the ground, so the depth-limited stock is biased. Full-core stock is unaffected. ","")&IF(AND($H24<>"",$H24<0.98),"Core length exceeds hole depth — check the two measurements. ",""))
... H124: =IF(OR($F124="",$G124="",$G124=0),"",$F124/$G124) | K124: =IF($A124="","",IF(SUMPRODUCT(MAX(('5. Soil Data'!$B$5:$B$504=$A124)*'5. Soil Data'!$E$5:$E$504))=0,"",SUMPRODUCT(MAX(('5. Soil Data'!$B$5:$B$504=$A124)*'5. Soil Data'!$E$5:$E$504)))) | L124: =IF($A124="","",IFERROR(SUMIFS('5. Soil Data'!$O$5:$O$504,'5. Soil Data'!$B$5:$B$504,$A124),"")) | M124: =IF($A124="","",IFERROR(SUMIFS('5. Soil Data'!$P$5:$P$504,'5. Soil Data'!$B$5:$B$504,$A124),"")) | N124: =IF($K124="","",IF($K124>=REPORTING_DEPTH_CM,"Yes","No")) | O124: =IF($A124="","",IF(AND($B124<>"",COUNTIF('1. Plot & Site Log'!$A$5:$A$64,$B124)=0),"Plot ID not in Plot & Site Log. ","")&IF($K124="","No soil slices logged for this core. ","")&IF($N124="No","Core stops short of the reporting depth — its depth-limited stock is an underestimate. ","")&IF(AND($H124<>"",$H124>1.05),"Core compacted by "&TEXT(($H124-1)*100,"0")&"%: slice depths in the tube sit shallower than in the ground, so the depth-limited stock is biased. Full-core stock is unaffected. ","")&IF(AND($H124<>"",$H124<0.98),"Core length exceeds hole depth — check the two measurements. ",""))

Sheet 3. Tree Data
A1: TREE DATA
A2: ONE ROW PER TREE over 2 m tall, inside the large plot. Type Plot ID, Tree ID, species and DBH. Height is optional — leave it blank and the DBH-only equation is used; fill it in and the more precise DBH+height equation is used instead. Column G tells you which one ran.
A4: Plot ID | B4: Tree ID | C4: Species | D4: DBH (cm) | E4: Height (m) | F4: Coefficient block | G4: Equation used | H4: Wood (kg) | I4: Bark (kg) | J4: Branches (kg) | K4: Foliage (kg) | L4: Above-ground biomass (kg) | M4: Tree type | N4: Below-ground biomass (kg) | O4: Total biomass (kg) | P4: Carbon (kg C) | Q4: QC flags
A5: MR-01 | B5: 1 | C5: White birch | D5: 18.3 | E5: 18.4 | F5: =IF($C5="","",IFERROR(12+(MATCH($C5,'R1. Tree Coefficients'!$L$12:$L$53,0)-1)*4,"")) -> 160 | G5: =IF($F5="","",IF(AND($E5<>"",$E5>0),"DBH + height","DBH only")) -> DBH + height | H5: =IF(OR($D5="",$F5=""),"",IF($E5>0,INDEX('R1. Tree Coefficients'!$F:$F,$F5+0)*($D5^INDEX('R1. Tree Coefficients'!$G:$G,$F5+0))*($E5^INDEX('R1. Tree Coefficients'!$H:$H,$F5+0)),INDEX('R1. Tree Coefficients'!$D:$D,$F5+0)*($D5^INDEX('R1. Tree Coefficients'!$E:$E,$F5+0)))) -> 102.10628 | I5: =IF(OR($D5="",$F5=""),"",IF($E5>0,INDEX('R1. Tree Coefficients'!$F:$F,$F5+1)*($D5^INDEX('R1. Tree Coefficients'!$G:$G,$F5+1))*($E5^INDEX('R1. Tree Coefficients'!$H:$H,$F5+1)),INDEX('R1. Tree Coefficients'!$D:$D,$F5+1)*($D5^INDEX('R1. Tree Coefficients'!$E:$E,$F5+1)))) -> 17.352862 | J5: =IF(OR($D5="",$F5=""),"",IF($E5>0,INDEX('R1. Tree Coefficients'!$F:$F,$F5+2)*($D5^INDEX('R1. Tree Coefficients'!$G:$G,$F5+2))*($E5^INDEX('R1. Tree Coefficients'!$H:$H,$F5+2)),INDEX('R1. Tree Coefficients'!$D:$D,$F5+2)*($D5^INDEX('R1. Tree Coefficients'!$E:$E,$F5+2)))) -> 17.111175 | K5: =IF(OR($D5="",$F5=""),"",IF($E5>0,INDEX('R1. Tree Coefficients'!$F:$F,$F5+3)*($D5^INDEX('R1. Tree Coefficients'!$G:$G,$F5+3))*($E5^INDEX('R1. Tree Coefficients'!$H:$H,$F5+3)),INDEX('R1. Tree Coefficients'!$D:$D,$F5+3)*($D5^INDEX('R1. Tree Coefficients'!$E:$E,$F5+3)))) -> 4.4850411 | L5: =IF($F5="","",IFERROR(SUM($H5:$K5),"")) -> 141.05536 | M5: =IF($F5="","",INDEX('R1. Tree Coefficients'!$J:$J,$F5)) -> Deciduous | N5: =IF($L5="","",IF($M5="Deciduous",BGB_RS_DECIDUOUS_a*($L5^BGB_RS_DECIDUOUS_b),IF($M5="Conifers",BGB_RS_CONIFER*$L5,AVERAGE(BGB_RS_DECIDUOUS_a*($L5^BGB_RS_DECIDUOUS_b),BGB_RS_CONIFER*$L5)))) -> 33.069742 | O5: =IF($L5="","",$L5+$N5) -> 174.1251 | P5: =IF($O5="","",$O5*CARBON_FRACTION_BIOMASS) -> 87.062549 | Q5: =IF(AND($A5="",$C5=""),"",IF(AND($A5<>"",COUNTIF('1. Plot & Site Log'!$A$5:$A$64,$A5)=0),"Plot ID not in Plot & Site Log — this tree will not reach the summary. ","")&IF($A5="","No Plot ID. ","")&IF(AND($C5<>"",$F5=""),"Species not in the coefficient list — check the spelling against R1. ","")&IF($D5="","No DBH — nothing can be calculated. ","")&IF(AND($D5<>"",$D5>QC_DBH_MAX_CM),"DBH above "&QC_DBH_MAX_CM&" cm — check for a transcription error. ","")&IF($M5="All","Generic species: no published root:shoot applies, so below-ground biomass is the mean of the deciduous and conifer relationships. Choose a species, or Deciduous/Conifers, if you can. ","")&IF(AND($O5<>"",$O5>0,OR($N5/$O5<BGB_FRACTION_MIN,$N5/$O5>BGB_FRACTION_MAX)),"Below-ground share is "&TEXT($N5/$O5,"0%")&", outside the 18–30% the Trees guide describes. ",""))
A6: MR-01 | B6: 2 | C6: Black spruce | D6: 19.2 | F6: =IF($C6="","",IFERROR(12+(MATCH($C6,'R1. Tree Coefficients'!$L$12:$L$53,0)-1)*4,"")) -> 48 | G6: =IF($F6="","",IF(AND($E6<>"",$E6>0),"DBH + height","DBH only")) -> DBH only | H6: =IF(OR($D6="",$F6=""),"",IF($E6>0,INDEX('R1. Tree Coefficients'!$F:$F,$F6+0)*($D6^INDEX('R1. Tree Coefficients'!$G:$G,$F6+0))*($E6^INDEX('R1. Tree Coefficients'!$H:$H,$F6+0)),INDEX('R1. Tree Coefficients'!$D:$D,$F6+0)*($D6^INDEX('R1. Tree Coefficients'!$E:$E,$F6+0)))) -> 80.387454 | I6: =IF(OR($D6="",$F6=""),"",IF($E6>0,INDEX('R1. Tree Coefficients'!$F:$F,$F6+1)*($D6^INDEX('R1. Tree Coefficients'!$G:$G,$F6+1))*($E6^INDEX('R1. Tree Coefficients'!$H:$H,$F6+1)),INDEX('R1. Tree Coefficients'!$D:$D,$F6+1)*($D6^INDEX('R1. Tree Coefficients'!$E:$E,$F6+1)))) -> 11.400385 | J6: =IF(OR($D6="",$F6=""),"",IF($E6>0,INDEX('R1. Tree Coefficients'!$F:$F,$F6+2)*($D6^INDEX('R1. Tree Coefficients'!$G:$G,$F6+2))*($E6^INDEX('R1. Tree Coefficients'!$H:$H,$F6+2)),INDEX('R1. Tree Coefficients'!$D:$D,$F6+2)*($D6^INDEX('R1. Tree Coefficients'!$E:$E,$F6+2)))) -> 13.3928 | K6: =IF(OR($D6="",$F6=""),"",IF($E6>0,INDEX('R1. Tree Coefficients'!$F:$F,$F6+3)*($D6^INDEX('R1. Tree Coefficients'!$G:$G,$F6+3))*($E6^INDEX('R1. Tree Coefficients'!$H:$H,$F6+3)),INDEX('R1. Tree Coefficients'!$D:$D,$F6+3)*($D6^INDEX('R1. Tree Coefficients'!$E:$E,$F6+3)))) -> 10.903476 | L6: =IF($F6="","",IFERROR(SUM($H6:$K6),"")) -> 116.08411 | M6: =IF($F6="","",INDEX('R1. Tree Coefficients'!$J:$J,$F6)) -> Conifers | N6: =IF($L6="","",IF($M6="Deciduous",BGB_RS_DECIDUOUS_a*($L6^BGB_RS_DECIDUOUS_b),IF($M6="Conifers",BGB_RS_CONIFER*$L6,AVERAGE(BGB_RS_DECIDUOUS_a*($L6^BGB_RS_DECIDUOUS_b),BGB_RS_CONIFER*$L6)))) -> 25.770673 | O6: =IF($L6="","",$L6+$N6) -> 141.85479 | P6: =IF($O6="","",$O6*CARBON_FRACTION_BIOMASS) -> 70.927394 | Q6: =IF(AND($A6="",$C6=""),"",IF(AND($A6<>"",COUNTIF('1. Plot & Site Log'!$A$5:$A$64,$A6)=0),"Plot ID not in Plot & Site Log — this tree will not reach the summary. ","")&IF($A6="","No Plot ID. ","")&IF(AND($C6<>"",$F6=""),"Species not in the coefficient list — check the spelling against R1. ","")&IF($D6="","No DBH — nothing can be calculated. ","")&IF(AND($D6<>"",$D6>QC_DBH_MAX_CM),"DBH above "&QC_DBH_MAX_CM&" cm — check for a transcription error. ","")&IF($M6="All","Generic species: no published root:shoot applies, so below-ground biomass is the mean of the deciduous and conifer relationships. Choose a species, or Deciduous/Conifers, if you can. ","")&IF(AND($O6<>"",$O6>0,OR($N6/$O6<BGB_FRACTION_MIN,$N6/$O6>BGB_FRACTION_MAX)),"Below-ground share is "&TEXT($N6/$O6,"0%")&", outside the 18–30% the Trees guide describes. ",""))
A7: MR-01 | B7: 3 | C7: Balsam fir | D7: 23.3 | F7: =IF($C7="","",IFERROR(12+(MATCH($C7,'R1. Tree Coefficients'!$L$12:$L$53,0)-1)*4,"")) -> 24 | G7: =IF($F7="","",IF(AND($E7<>"",$E7>0),"DBH + height","DBH only")) -> DBH only | H7: =IF(OR($D7="",$F7=""),"",IF($E7>0,INDEX('R1. Tree Coefficients'!$F:$F,$F7+0)*($D7^INDEX('R1. Tree Coefficients'!$G:$G,$F7+0))*($E7^INDEX('R1. Tree Coefficients'!$H:$H,$F7+0)),INDEX('R1. Tree Coefficients'!$D:$D,$F7+0)*($D7^INDEX('R1. Tree Coefficients'!$E:$E,$F7+0)))) -> 103.10923 | I7: =IF(OR($D7="",$F7=""),"",IF($E7>0,INDEX('R1. Tree Coefficients'!$F:$F,$F7+1)*($D7^INDEX('R1. Tree Coefficients'!$G:$G,$F7+1))*($E7^INDEX('R1. Tree Coefficients'!$H:$H,$F7+1)),INDEX('R1. Tree Coefficients'!$D:$D,$F7+1)*($D7^INDEX('R1. Tree Coefficients'!$E:$E,$F7+1)))) -> 18.698057 | J7: =IF(OR($D7="",$F7=""),"",IF($E7>0,INDEX('R1. Tree Coefficients'!$F:$F,$F7+2)*($D7^INDEX('R1. Tree Coefficients'!$G:$G,$F7+2))*($E7^INDEX('R1. Tree Coefficients'!$H:$H,$F7+2)),INDEX('R1. Tree Coefficients'!$D:$D,$F7+2)*($D7^INDEX('R1. Tree Coefficients'!$E:$E,$F7+2)))) -> 20.845028 | K7: =IF(OR($D7="",$F7=""),"",IF($E7>0,INDEX('R1. Tree Coefficients'!$F:$F,$F7+3)*($D7^INDEX('R1. Tree Coefficients'!$G:$G,$F7+3))*($E7^INDEX('R1. Tree Coefficients'!$H:$H,$F7+3)),INDEX('R1. Tree Coefficients'!$D:$D,$F7+3)*($D7^INDEX('R1. Tree Coefficients'!$E:$E,$F7+3)))) -> 16.109423 | L7: =IF($F7="","",IFERROR(SUM($H7:$K7),"")) -> 158.76174 | M7: =IF($F7="","",INDEX('R1. Tree Coefficients'!$J:$J,$F7)) -> Conifers | N7: =IF($L7="","",IF($M7="Deciduous",BGB_RS_DECIDUOUS_a*($L7^BGB_RS_DECIDUOUS_b),IF($M7="Conifers",BGB_RS_CONIFER*$L7,AVERAGE(BGB_RS_DECIDUOUS_a*($L7^BGB_RS_DECIDUOUS_b),BGB_RS_CONIFER*$L7)))) -> 35.245106 | O7: =IF($L7="","",$L7+$N7) -> 194.00684 | P7: =IF($O7="","",$O7*CARBON_FRACTION_BIOMASS) -> 97.003421 | Q7: =IF(AND($A7="",$C7=""),"",IF(AND($A7<>"",COUNTIF('1. Plot & Site Log'!$A$5:$A$64,$A7)=0),"Plot ID not in Plot & Site Log — this tree will not reach the summary. ","")&IF($A7="","No Plot ID. ","")&IF(AND($C7<>"",$F7=""),"Species not in the coefficient list — check the spelling against R1. ","")&IF($D7="","No DBH — nothing can be calculated. ","")&IF(AND($D7<>"",$D7>QC_DBH_MAX_CM),"DBH above "&QC_DBH_MAX_CM&" cm — check for a transcription error. ","")&IF($M7="All","Generic species: no published root:shoot applies, so below-ground biomass is the mean of the deciduous and conifer relationships. Choose a species, or Deciduous/Conifers, if you can. ","")&IF(AND($O7<>"",$O7>0,OR($N7/$O7<BGB_FRACTION_MIN,$N7/$O7>BGB_FRACTION_MAX)),"Below-ground share is "&TEXT($N7/$O7,"0%")&", outside the 18–30% the Trees guide describes. ",""))
A8: MR-01 | B8: 4 | C8: White birch | D8: 23.2 | E8: 19.7 | F8: =IF($C8="","",IFERROR(12+(MATCH($C8,'R1. Tree Coefficients'!$L$12:$L$53,0)-1)*4,"")) -> 160 | G8: =IF($F8="","",IF(AND($E8<>"",$E8>0),"DBH + height","DBH only")) -> DBH + height | H8: =IF(OR($D8="",$F8=""),"",IF($E8>0,INDEX('R1. Tree Coefficients'!$F:$F,$F8+0)*($D8^INDEX('R1. Tree Coefficients'!$G:$G,$F8+0))*($E8^INDEX('R1. Tree Coefficients'!$H:$H,$F8+0)),INDEX('R1. Tree Coefficients'!$D:$D,$F8+0)*($D8^INDEX('R1. Tree Coefficients'!$E:$E,$F8+0)))) -> 175.1866 | I8: =IF(OR($D8="",$F8=""),"",IF($E8>0,INDEX('R1. Tree Coefficients'!$F:$F,$F8+1)*($D8^INDEX('R1. Tree Coefficients'!$G:$G,$F8+1))*($E8^INDEX('R1. Tree Coefficients'!$H:$H,$F8+1)),INDEX('R1. Tree Coefficients'!$D:$D,$F8+1)*($D8^INDEX('R1. Tree Coefficients'!$E:$E,$F8+1)))) -> 29.100111 | J8: =IF(OR($D8="",$F8=""),"",IF($E8>0,INDEX('R1. Tree Coefficients'!$F:$F,$F8+2)*($D8^INDEX('R1. Tree Coefficients'!$G:$G,$F8+2))*($E8^INDEX('R1. Tree Coefficients'!$H:$H,$F8+2)),INDEX('R1. Tree Coefficients'!$D:$D,$F8+2)*($D8^INDEX('R1. Tree Coefficients'!$E:$E,$F8+2)))) -> 33.970495 | K8: =IF(OR($D8="",$F8=""),"",IF($E8>0,INDEX('R1. Tree Coefficients'!$F:$F,$F8+3)*($D8^INDEX('R1. Tree Coefficients'!$G:$G,$F8+3))*($E8^INDEX('R1. Tree Coefficients'!$H:$H,$F8+3)),INDEX('R1. Tree Coefficients'!$D:$D,$F8+3)*($D8^INDEX('R1. Tree Coefficients'!$E:$E,$F8+3)))) -> 7.1797124 | L8: =IF($F8="","",IFERROR(SUM($H8:$K8),"")) -> 245.43692 | M8: =IF($F8="","",INDEX('R1. Tree Coefficients'!$J:$J,$F8)) -> Deciduous | N8: =IF($L8="","",IF($M8="Deciduous",BGB_RS_DECIDUOUS_a*($L8^BGB_RS_DECIDUOUS_b),IF($M8="Conifers",BGB_RS_CONIFER*$L8,AVERAGE(BGB_RS_DECIDUOUS_a*($L8^BGB_RS_DECIDUOUS_b),BGB_RS_CONIFER*$L8)))) -> 46.491039 | O8: =IF($L8="","",$L8+$N8) -> 291.92796 | P8: =IF($O8="","",$O8*CARBON_FRACTION_BIOMASS) -> 145.96398 | Q8: =IF(AND($A8="",$C8=""),"",IF(AND($A8<>"",COUNTIF('1. Plot & Site Log'!$A$5:$A$64,$A8)=0),"Plot ID not in Plot & Site Log — this tree will not reach the summary. ","")&IF($A8="","No Plot ID. ","")&IF(AND($C8<>"",$F8=""),"Species not in the coefficient list — check the spelling against R1. ","")&IF($D8="","No DBH — nothing can be calculated. ","")&IF(AND($D8<>"",$D8>QC_DBH_MAX_CM),"DBH above "&QC_DBH_MAX_CM&" cm — check for a transcription error. ","")&IF($M8="All","Generic species: no published root:shoot applies, so below-ground biomass is the mean of the deciduous and conifer relationships. Choose a species, or Deciduous/Conifers, if you can. ","")&IF(AND($O8<>"",$O8>0,OR($N8/$O8<BGB_FRACTION_MIN,$N8/$O8>BGB_FRACTION_MAX)),"Below-ground share is "&TEXT($N8/$O8,"0%")&", outside the 18–30% the Trees guide describes. ",""))
A9: MR-01 | B9: 5 | C9: Black spruce | D9: 18.6 | F9: =IF($C9="","",IFERROR(12+(MATCH($C9,'R1. Tree Coefficients'!$L$12:$L$53,0)-1)*4,"")) -> 48 | G9: =IF($F9="","",IF(AND($E9<>"",$E9>0),"DBH + height","DBH only")) -> DBH only | H9: =IF(OR($D9="",$F9=""),"",IF($E9>0,INDEX('R1. Tree Coefficients'!$F:$F,$F9+0)*($D9^INDEX('R1. Tree Coefficients'!$G:$G,$F9+0))*($E9^INDEX('R1. Tree Coefficients'!$H:$H,$F9+0)),INDEX('R1. Tree Coefficients'!$D:$D,$F9+0)*($D9^INDEX('R1. Tree Coefficients'!$E:$E,$F9+0)))) -> 74.247715 | I9: =IF(OR($D9="",$F9=""),"",IF($E9>0,INDEX('R1. Tree Coefficients'!$F:$F,$F9+1)*($D9^INDEX('R1. Tree Coefficients'!$G:$G,$F9+1))*($E9^INDEX('R1. Tree Coefficients'!$H:$H,$F9+1)),INDEX('R1. Tree Coefficients'!$D:$D,$F9+1)*($D9^INDEX('R1. Tree Coefficients'!$E:$E,$F9+1)))) -> 10.614612 | J9: =IF(OR($D9="",$F9=""),"",IF($E9>0,INDEX('R1. Tree Coefficients'!$F:$F,$F9+2)*($D9^INDEX('R1. Tree Coefficients'!$G:$G,$F9+2))*($E9^INDEX('R1. Tree Coefficients'!$H:$H,$F9+2)),INDEX('R1. Tree Coefficients'!$D:$D,$F9+2)*($D9^INDEX('R1. Tree Coefficients'!$E:$E,$F9+2)))) -> 12.538896 | K9: =IF(OR($D9="",$F9=""),"",IF($E9>0,INDEX('R1. Tree Coefficients'!$F:$F,$F9+3)*($D9^INDEX('R1. Tree Coefficients'!$G:$G,$F9+3))*($E9^INDEX('R1. Tree Coefficients'!$H:$H,$F9+3)),INDEX('R1. Tree Coefficients'!$D:$D,$F9+3)*($D9^INDEX('R1. Tree Coefficients'!$E:$E,$F9+3)))) -> 10.422101 | L9: =IF($F9="","",IFERROR(SUM($H9:$K9),"")) -> 107.82332 | M9: =IF($F9="","",INDEX('R1. Tree Coefficients'!$J:$J,$F9)) -> Conifers | N9: =IF($L9="","",IF($M9="Deciduous",BGB_RS_DECIDUOUS_a*($L9^BGB_RS_DECIDUOUS_b),IF($M9="Conifers",BGB_RS_CONIFER*$L9,AVERAGE(BGB_RS_DECIDUOUS_a*($L9^BGB_RS_DECIDUOUS_b),BGB_RS_CONIFER*$L9)))) -> 23.936778 | O9: =IF($L9="","",$L9+$N9) -> 131.7601 | P9: =IF($O9="","",$O9*CARBON_FRACTION_BIOMASS) -> 65.880051 | Q9: =IF(AND($A9="",$C9=""),"",IF(AND($A9<>"",COUNTIF('1. Plot & Site Log'!$A$5:$A$64,$A9)=0),"Plot ID not in Plot & Site Log — this tree will not reach the summary. ","")&IF($A9="","No Plot ID. ","")&IF(AND($C9<>"",$F9=""),"Species not in the coefficient list — check the spelling against R1. ","")&IF($D9="","No DBH — nothing can be calculated. ","")&IF(AND($D9<>"",$D9>QC_DBH_MAX_CM),"DBH above "&QC_DBH_MAX_CM&" cm — check for a transcription error. ","")&IF($M9="All","Generic species: no published root:shoot applies, so below-ground biomass is the mean of the deciduous and conifer relationships. Choose a species, or Deciduous/Conifers, if you can. ","")&IF(AND($O9<>"",$O9>0,OR($N9/$O9<BGB_FRACTION_MIN,$N9/$O9>BGB_FRACTION_MAX)),"Below-ground share is "&TEXT($N9/$O9,"0%")&", outside the 18–30% the Trees guide describes. ",""))
A10: MR-01 | B10: 6 | C10: White spruce | D10: 22 | F10: =IF($C10="","",IFERROR(12+(MATCH($C10,'R1. Tree Coefficients'!$L$12:$L$53,0)-1)*4,"")) -> 172 | G10: =IF($F10="","",IF(AND($E10<>"",$E10>0),"DBH + height","DBH only")) -> DBH only | H10: =IF(OR($D10="",$F10=""),"",IF($E10>0,INDEX('R1. Tree Coefficients'!$F:$F,$F10+0)*($D10^INDEX('R1. Tree Coefficients'!$G:$G,$F10+0))*($E10^INDEX('R1. Tree Coefficients'!$H:$H,$F10+0)),INDEX('R1. Tree Coefficients'!$D:$D,$F10+0)*($D10^INDEX('R1. Tree Coefficients'!$E:$E,$F10+0)))) -> 102.65039 | I10: =IF(OR($D10="",$F10=""),"",IF($E10>0,INDEX('R1. Tree Coefficients'!$F:$F,$F10+1)*($D10^INDEX('R1. Tree Coefficients'!$G:$G,$F10+1))*($E10^INDEX('R1. Tree Coefficients'!$H:$H,$F10+1)),INDEX('R1. Tree Coefficients'!$D:$D,$F10+1)*($D10^INDEX('R1. Tree Coefficients'!$E:$E,$F10+1)))) -> 14.194785 | J10: =IF(OR($D10="",$F10=""),"",IF($E10>0,INDEX('R1. Tree Coefficients'!$F:$F,$F10+2)*($D10^INDEX('R1. Tree Coefficients'!$G:$G,$F10+2))*($E10^INDEX('R1. Tree Coefficients'!$H:$H,$F10+2)),INDEX('R1. Tree Coefficients'!$D:$D,$F10+2)*($D10^INDEX('R1. Tree Coefficients'!$E:$E,$F10+2)))) -> 19.466814 | K10: =IF(OR($D10="",$F10=""),"",IF($E10>0,INDEX('R1. Tree Coefficients'!$F:$F,$F10+3)*($D10^INDEX('R1. Tree Coefficients'!$G:$G,$F10+3))*($E10^INDEX('R1. Tree Coefficients'!$H:$H,$F10+3)),INDEX('R1. Tree Coefficients'!$D:$D,$F10+3)*($D10^INDEX('R1. Tree Coefficients'!$E:$E,$F10+3)))) -> 15.691251 | L10: =IF($F10="","",IFERROR(SUM($H10:$K10),"")) -> 152.00324 | M10: =IF($F10="","",INDEX('R1. Tree Coefficients'!$J:$J,$F10)) -> Conifers | N10: =IF($L10="","",IF($M10="Deciduous",BGB_RS_DECIDUOUS_a*($L10^BGB_RS_DECIDUOUS_b),IF($M10="Conifers",BGB_RS_CONIFER*$L10,AVERAGE(BGB_RS_DECIDUOUS_a*($L10^BGB_RS_DECIDUOUS_b),BGB_RS_CONIFER*$L10)))) -> 33.744719 | O10: =IF($L10="","",$L10+$N10) -> 185.74796 | P10: =IF($O10="","",$O10*CARBON_FRACTION_BIOMASS) -> 92.873978 | Q10: =IF(AND($A10="",$C10=""),"",IF(AND($A10<>"",COUNTIF('1. Plot & Site Log'!$A$5:$A$64,$A10)=0),"Plot ID not in Plot & Site Log — this tree will not reach the summary. ","")&IF($A10="","No Plot ID. ","")&IF(AND($C10<>"",$F10=""),"Species not in the coefficient list — check the spelling against R1. ","")&IF($D10="","No DBH — nothing can be calculated. ","")&IF(AND($D10<>"",$D10>QC_DBH_MAX_CM),"DBH above "&QC_DBH_MAX_CM&" cm — check for a transcription error. ","")&IF($M10="All","Generic species: no published root:shoot applies, so below-ground biomass is the mean of the deciduous and conifer relationships. Choose a species, or Deciduous/Conifers, if you can. ","")&IF(AND($O10<>"",$O10>0,OR($N10/$O10<BGB_FRACTION_MIN,$N10/$O10>BGB_FRACTION_MAX)),"Below-ground share is "&TEXT($N10/$O10,"0%")&", outside the 18–30% the Trees guide describes. ",""))
A11: MR-01 | B11: 7 | C11: Black spruce | D11: 48.3 | E11: 23 | F11: =IF($C11="","",IFERROR(12+(MATCH($C11,'R1. Tree Coefficients'!$L$12:$L$53,0)-1)*4,"")) -> 48 | G11: =IF($F11="","",IF(AND($E11<>"",$E11>0),"DBH + height","DBH only")) -> DBH + height | H11: =IF(OR($D11="",$F11=""),"",IF($E11>0,INDEX('R1. Tree Coefficients'!$F:$F,$F11+0)*($D11^INDEX('R1. Tree Coefficients'!$G:$G,$F11+0))*($E11^INDEX('R1. Tree Coefficients'!$H:$H,$F11+0)),INDEX('R1. Tree Coefficients'!$D:$D,$F11+0)*($D11^INDEX('R1. Tree Coefficients'!$E:$E,$F11+0)))) -> 620.18292 | I11: =IF(OR($D11="",$F11=""),"",IF($E11>0,INDEX('R1. Tree Coefficients'!$F:$F,$F11+1)*($D11^INDEX('R1. Tree Coefficients'!$G:$G,$F11+1))*($E11^INDEX('R1. Tree Coefficients'!$H:$H,$F11+1)),INDEX('R1. Tree Coefficients'!$D:$D,$F11+1)*($D11^INDEX('R1. Tree Coefficients'!$E:$E,$F11+1)))) -> 75.913184 | J11: =IF(OR($D11="",$F11=""),"",IF($E11>0,INDEX('R1. Tree Coefficients'!$F:$F,$F11+2)*($D11^INDEX('R1. Tree Coefficients'!$G:$G,$F11+2))*($E11^INDEX('R1. Tree Coefficients'!$H:$H,$F11+2)),INDEX('R1. Tree Coefficients'!$D:$D,$F11+2)*($D11^INDEX('R1. Tree Coefficients'!$E:$E,$F11+2)))) -> 131.8507 | K11: =IF(OR($D11="",$F11=""),"",IF($E11>0,INDEX('R1. Tree Coefficients'!$F:$F,$F11+3)*($D11^INDEX('R1. Tree Coefficients'!$G:$G,$F11+3))*($E11^INDEX('R1. Tree Coefficients'!$H:$H,$F11+3)),INDEX('R1. Tree Coefficients'!$D:$D,$F11+3)*($D11^INDEX('R1. Tree Coefficients'!$E:$E,$F11+3)))) -> 60.623496 | L11: =IF($F11="","",IFERROR(SUM($H11:$K11),"")) -> 888.5703 | M11: =IF($F11="","",INDEX('R1. Tree Coefficients'!$J:$J,$F11)) -> Conifers | N11: =IF($L11="","",IF($M11="Deciduous",BGB_RS_DECIDUOUS_a*($L11^BGB_RS_DECIDUOUS_b),IF($M11="Conifers",BGB_RS_CONIFER*$L11,AVERAGE(BGB_RS_DECIDUOUS_a*($L11^BGB_RS_DECIDUOUS_b),BGB_RS_CONIFER*$L11)))) -> 197.26261 | O11: =IF($L11="","",$L11+$N11) -> 1085.8329 | P11: =IF($O11="","",$O11*CARBON_FRACTION_BIOMASS) -> 542.91645 | Q11: =IF(AND($A11="",$C11=""),"",IF(AND($A11<>"",COUNTIF('1. Plot & Site Log'!$A$5:$A$64,$A11)=0),"Plot ID not in Plot & Site Log — this tree will not reach the summary. ","")&IF($A11="","No Plot ID. ","")&IF(AND($C11<>"",$F11=""),"Species not in the coefficient list — check the spelling against R1. ","")&IF($D11="","No DBH — nothing can be calculated. ","")&IF(AND($D11<>"",$D11>QC_DBH_MAX_CM),"DBH above "&QC_DBH_MAX_CM&" cm — check for a transcription error. ","")&IF($M11="All","Generic species: no published root:shoot applies, so below-ground biomass is the mean of the deciduous and conifer relationships. Choose a species, or Deciduous/Conifers, if you can. ","")&IF(AND($O11<>"",$O11>0,OR($N11/$O11<BGB_FRACTION_MIN,$N11/$O11>BGB_FRACTION_MAX)),"Below-ground share is "&TEXT($N11/$O11,"0%")&", outside the 18–30% the Trees guide describes. ",""))
A12: MR-01 | B12: 8 | C12: Trembling aspen | D12: 20.3 | F12: =IF($C12="","",IFERROR(12+(MATCH($C12,'R1. Tree Coefficients'!$L$12:$L$53,0)-1)*4,"")) -> 144 | G12: =IF($F12="","",IF(AND($E12<>"",$E12>0),"DBH + height","DBH only")) -> DBH only | H12: =IF(OR($D12="",$F12=""),"",IF($E12>0,INDEX('R1. Tree Coefficients'!$F:$F,$F12+0)*($D12^INDEX('R1. Tree Coefficients'!$G:$G,$F12+0))*($E12^INDEX('R1. Tree Coefficients'!$H:$H,$F12+0)),INDEX('R1. Tree Coefficients'!$D:$D,$F12+0)*($D12^INDEX('R1. Tree Coefficients'!$E:$E,$F12+0)))) -> 104.23055 | I12: =IF(OR($D12="",$F12=""),"",IF($E12>0,INDEX('R1. Tree Coefficients'!$F:$F,$F12+1)*($D12^INDEX('R1. Tree Coefficients'!$G:$G,$F12+1))*($E12^INDEX('R1. Tree Coefficients'!$H:$H,$F12+1)),INDEX('R1. Tree Coefficients'!$D:$D,$F12+1)*($D12^INDEX('R1. Tree Coefficients'!$E:$E,$F12+1)))) -> 22.670955 | J12: =IF(OR($D12="",$F12=""),"",IF($E12>0,INDEX('R1. Tree Coefficients'!$F:$F,$F12+2)*($D12^INDEX('R1. Tree Coefficients'!$G:$G,$F12+2))*($E12^INDEX('R1. Tree Coefficients'!$H:$H,$F12+2)),INDEX('R1. Tree Coefficients'!$D:$D,$F12+2)*($D12^INDEX('R1. Tree Coefficients'!$E:$E,$F12+2)))) -> 15.875527 | K12: =IF(OR($D12="",$F12=""),"",IF($E12>0,INDEX('R1. Tree Coefficients'!$F:$F,$F12+3)*($D12^INDEX('R1. Tree Coefficients'!$G:$G,$F12+3))*($E12^INDEX('R1. Tree Coefficients'!$H:$H,$F12+3)),INDEX('R1. Tree Coefficients'!$D:$D,$F12+3)*($D12^INDEX('R1. Tree Coefficients'!$E:$E,$F12+3)))) -> 3.5386146 | L12: =IF($F12="","",IFERROR(SUM($H12:$K12),"")) -> 146.31565 | M12: =IF($F12="","",INDEX('R1. Tree Coefficients'!$J:$J,$F12)) -> Deciduous | N12: =IF($L12="","",IF($M12="Deciduous",BGB_RS_DECIDUOUS_a*($L12^BGB_RS_DECIDUOUS_b),IF($M12="Conifers",BGB_RS_CONIFER*$L12,AVERAGE(BGB_RS_DECIDUOUS_a*($L12^BGB_RS_DECIDUOUS_b),BGB_RS_CONIFER*$L12)))) -> 33.822837 | O12: =IF($L12="","",$L12+$N12) -> 180.13848 | P12: =IF($O12="","",$O12*CARBON_FRACTION_BIOMASS) -> 90.069242 | Q12: =IF(AND($A12="",$C12=""),"",IF(AND($A12<>"",COUNTIF('1. Plot & Site Log'!$A$5:$A$64,$A12)=0),"Plot ID not in Plot & Site Log — this tree will not reach the summary. ","")&IF($A12="","No Plot ID. ","")&IF(AND($C12<>"",$F12=""),"Species not in the coefficient list — check the spelling against R1. ","")&IF($D12="","No DBH — nothing can be calculated. ","")&IF(AND($D12<>"",$D12>QC_DBH_MAX_CM),"DBH above "&QC_DBH_MAX_CM&" cm — check for a transcription error. ","")&IF($M12="All","Generic species: no published root:shoot applies, so below-ground biomass is the mean of the deciduous and conifer relationships. Choose a species, or Deciduous/Conifers, if you can. ","")&IF(AND($O12<>"",$O12>0,OR($N12/$O12<BGB_FRACTION_MIN,$N12/$O12>BGB_FRACTION_MAX)),"Below-ground share is "&TEXT($N12/$O12,"0%")&", outside the 18–30% the Trees guide describes. ",""))
A13: MR-01 | B13: 9 | C13: White spruce | D13: 12.3 | F13: =IF($C13="","",IFERROR(12+(MATCH($C13,'R1. Tree Coefficients'!$L$12:$L$53,0)-1)*4,"")) -> 172 | G13: =IF($F13="","",IF(AND($E13<>"",$E13>0),"DBH + height","DBH only")) -> DBH only | H13: =IF(OR($D13="",$F13=""),"",IF($E13>0,INDEX('R1. Tree Coefficients'!$F:$F,$F13+0)*($D13^INDEX('R1. Tree Coefficients'!$G:$G,$F13+0))*($E13^INDEX('R1. Tree Coefficients'!$H:$H,$F13+0)),INDEX('R1. Tree Coefficients'!$D:$D,$F13+0)*($D13^INDEX('R1. Tree Coefficients'!$E:$E,$F13+0)))) -> 22.663133 | I13: =IF(OR($D13="",$F13=""),"",IF($E13>0,INDEX('R1. Tree Coefficients'!$F:$F,$F13+1)*($D13^INDEX('R1. Tree Coefficients'!$G:$G,$F13+1))*($E13^INDEX('R1. Tree Coefficients'!$H:$H,$F13+1)),INDEX('R1. Tree Coefficients'!$D:$D,$F13+1)*($D13^INDEX('R1. Tree Coefficients'!$E:$E,$F13+1)))) -> 3.7144889 | J13: =IF(OR($D13="",$F13=""),"",IF($E13>0,INDEX('R1. Tree Coefficients'!$F:$F,$F13+2)*($D13^INDEX('R1. Tree Coefficients'!$G:$G,$F13+2))*($E13^INDEX('R1. Tree Coefficients'!$H:$H,$F13+2)),INDEX('R1. Tree Coefficients'!$D:$D,$F13+2)*($D13^INDEX('R1. Tree Coefficients'!$E:$E,$F13+2)))) -> 5.7656911 | K13: =IF(OR($D13="",$F13=""),"",IF($E13>0,INDEX('R1. Tree Coefficients'!$F:$F,$F13+3)*($D13^INDEX('R1. Tree Coefficients'!$G:$G,$F13+3))*($E13^INDEX('R1. Tree Coefficients'!$H:$H,$F13+3)),INDEX('R1. Tree Coefficients'!$D:$D,$F13+3)*($D13^INDEX('R1. Tree Coefficients'!$E:$E,$F13+3)))) -> 6.5550829 | L13: =IF($F13="","",IFERROR(SUM($H13:$K13),"")) -> 38.698396 | M13: =IF($F13="","",INDEX('R1. Tree Coefficients'!$J:$J,$F13)) -> Conifers | N13: =IF($L13="","",IF($M13="Deciduous",BGB_RS_DECIDUOUS_a*($L13^BGB_RS_DECIDUOUS_b),IF($M13="Conifers",BGB_RS_CONIFER*$L13,AVERAGE(BGB_RS_DECIDUOUS_a*($L13^BGB_RS_DECIDUOUS_b),BGB_RS_CONIFER*$L13)))) -> 8.5910439 | O13: =IF($L13="","",$L13+$N13) -> 47.28944 | P13: =IF($O13="","",$O13*CARBON_FRACTION_BIOMASS) -> 23.64472 | Q13: =IF(AND($A13="",$C13=""),"",IF(AND($A13<>"",COUNTIF('1. Plot & Site Log'!$A$5:$A$64,$A13)=0),"Plot ID not in Plot & Site Log — this tree will not reach the summary. ","")&IF($A13="","No Plot ID. ","")&IF(AND($C13<>"",$F13=""),"Species not in the coefficient list — check the spelling against R1. ","")&IF($D13="","No DBH — nothing can be calculated. ","")&IF(AND($D13<>"",$D13>QC_DBH_MAX_CM),"DBH above "&QC_DBH_MAX_CM&" cm — check for a transcription error. ","")&IF($M13="All","Generic species: no published root:shoot applies, so below-ground biomass is the mean of the deciduous and conifer relationships. Choose a species, or Deciduous/Conifers, if you can. ","")&IF(AND($O13<>"",$O13>0,OR($N13/$O13<BGB_FRACTION_MIN,$N13/$O13>BGB_FRACTION_MAX)),"Below-ground share is "&TEXT($N13/$O13,"0%")&", outside the 18–30% the Trees guide describes. ",""))
A14: MR-01 | B14: 10 | C14: Trembling aspen | D14: 25.7 | E14: 20.3 | F14: =IF($C14="","",IFERROR(12+(MATCH($C14,'R1. Tree Coefficients'!$L$12:$L$53,0)-1)*4,"")) -> 144 | G14: =IF($F14="","",IF(AND($E14<>"",$E14>0),"DBH + height","DBH only")) -> DBH + height | H14: =IF(OR($D14="",$F14=""),"",IF($E14>0,INDEX('R1. Tree Coefficients'!$F:$F,$F14+0)*($D14^INDEX('R1. Tree Coefficients'!$G:$G,$F14+0))*($E14^INDEX('R1. Tree Coefficients'!$H:$H,$F14+0)),INDEX('R1. Tree Coefficients'!$D:$D,$F14+0)*($D14^INDEX('R1. Tree Coefficients'!$E:$E,$F14+0)))) -> 185.96686 | I14: =IF(OR($D14="",$F14=""),"",IF($E14>0,INDEX('R1. Tree Coefficients'!$F:$F,$F14+1)*($D14^INDEX('R1. Tree Coefficients'!$G:$G,$F14+1))*($E14^INDEX('R1. Tree Coefficients'!$H:$H,$F14+1)),INDEX('R1. Tree Coefficients'!$D:$D,$F14+1)*($D14^INDEX('R1. Tree Coefficients'!$E:$E,$F14+1)))) -> 39.714712 | J14: =IF(OR($D14="",$F14=""),"",IF($E14>0,INDEX('R1. Tree Coefficients'!$F:$F,$F14+2)*($D14^INDEX('R1. Tree Coefficients'!$G:$G,$F14+2))*($E14^INDEX('R1. Tree Coefficients'!$H:$H,$F14+2)),INDEX('R1. Tree Coefficients'!$D:$D,$F14+2)*($D14^INDEX('R1. Tree Coefficients'!$E:$E,$F14+2)))) -> 28.182393 | K14: =IF(OR($D14="",$F14=""),"",IF($E14>0,INDEX('R1. Tree Coefficients'!$F:$F,$F14+3)*($D14^INDEX('R1. Tree Coefficients'!$G:$G,$F14+3))*($E14^INDEX('R1. Tree Coefficients'!$H:$H,$F14+3)),INDEX('R1. Tree Coefficients'!$D:$D,$F14+3)*($D14^INDEX('R1. Tree Coefficients'!$E:$E,$F14+3)))) -> 5.1526566 | L14: =IF($F14="","",IFERROR(SUM($H14:$K14),"")) -> 259.01662 | M14: =IF($F14="","",INDEX('R1. Tree Coefficients'!$J:$J,$F14)) -> Deciduous | N14: =IF($L14="","",IF($M14="Deciduous",BGB_RS_DECIDUOUS_a*($L14^BGB_RS_DECIDUOUS_b),IF($M14="Conifers",BGB_RS_CONIFER*$L14,AVERAGE(BGB_RS_DECIDUOUS_a*($L14^BGB_RS_DECIDUOUS_b),BGB_RS_CONIFER*$L14)))) -> 48.056563 | O14: =IF($L14="","",$L14+$N14) -> 307.07319 | P14: =IF($O14="","",$O14*CARBON_FRACTION_BIOMASS) -> 153.53659 | Q14: =IF(AND($A14="",$C14=""),"",IF(AND($A14<>"",COUNTIF('1. Plot & Site Log'!$A$5:$A$64,$A14)=0),"Plot ID not in Plot & Site Log — this tree will not reach the summary. ","")&IF($A14="","No Plot ID. ","")&IF(AND($C14<>"",$F14=""),"Species not in the coefficient list — check the spelling against R1. ","")&IF($D14="","No DBH — nothing can be calculated. ","")&IF(AND($D14<>"",$D14>QC_DBH_MAX_CM),"DBH above "&QC_DBH_MAX_CM&" cm — check for a transcription error. ","")&IF($M14="All","Generic species: no published root:shoot applies, so below-ground biomass is the mean of the deciduous and conifer relationships. Choose a species, or Deciduous/Conifers, if you can. ","")&IF(AND($O14<>"",$O14>0,OR($N14/$O14<BGB_FRACTION_MIN,$N14/$O14>BGB_FRACTION_MAX)),"Below-ground share is "&TEXT($N14/$O14,"0%")&", outside the 18–30% the Trees guide describes. ",""))
A15: MR-01 | B15: 11 | C15: Balsam fir | D15: 23.8 | F15: =IF($C15="","",IFERROR(12+(MATCH($C15,'R1. Tree Coefficients'!$L$12:$L$53,0)-1)*4,"")) -> 24 | G15: =IF($F15="","",IF(AND($E15<>"",$E15>0),"DBH + height","DBH only")) -> DBH only | H15: =IF(OR($D15="",$F15=""),"",IF($E15>0,INDEX('R1. Tree Coefficients'!$F:$F,$F15+0)*($D15^INDEX('R1. Tree Coefficients'!$G:$G,$F15+0))*($E15^INDEX('R1. Tree Coefficients'!$H:$H,$F15+0)),INDEX('R1. Tree Coefficients'!$D:$D,$F15+0)*($D15^INDEX('R1. Tree Coefficients'!$E:$E,$F15+0)))) -> 108.50648 | I15: =IF(OR($D15="",$F15=""),"",IF($E15>0,INDEX('R1. Tree Coefficients'!$F:$F,$F15+1)*($D15^INDEX('R1. Tree Coefficients'!$G:$G,$F15+1))*($E15^INDEX('R1. Tree Coefficients'!$H:$H,$F15+1)),INDEX('R1. Tree Coefficients'!$D:$D,$F15+1)*($D15^INDEX('R1. Tree Coefficients'!$E:$E,$F15+1)))) -> 19.65401 | J15: =IF(OR($D15="",$F15=""),"",IF($E15>0,INDEX('R1. Tree Coefficients'!$F:$F,$F15+2)*($D15^INDEX('R1. Tree Coefficients'!$G:$G,$F15+2))*($E15^INDEX('R1. Tree Coefficients'!$H:$H,$F15+2)),INDEX('R1. Tree Coefficients'!$D:$D,$F15+2)*($D15^INDEX('R1. Tree Coefficients'!$E:$E,$F15+2)))) -> 22.000343 | K15: =IF(OR($D15="",$F15=""),"",IF($E15>0,INDEX('R1. Tree Coefficients'!$F:$F,$F15+3)*($D15^INDEX('R1. Tree Coefficients'!$G:$G,$F15+3))*($E15^INDEX('R1. Tree Coefficients'!$H:$H,$F15+3)),INDEX('R1. Tree Coefficients'!$D:$D,$F15+3)*($D15^INDEX('R1. Tree Coefficients'!$E:$E,$F15+3)))) -> 16.690699 | L15: =IF($F15="","",IFERROR(SUM($H15:$K15),"")) -> 166.85153 | M15: =IF($F15="","",INDEX('R1. Tree Coefficients'!$J:$J,$F15)) -> Conifers | N15: =IF($L15="","",IF($M15="Deciduous",BGB_RS_DECIDUOUS_a*($L15^BGB_RS_DECIDUOUS_b),IF($M15="Conifers",BGB_RS_CONIFER*$L15,AVERAGE(BGB_RS_DECIDUOUS_a*($L15^BGB_RS_DECIDUOUS_b),BGB_RS_CONIFER*$L15)))) -> 37.041041 | O15: =IF($L15="","",$L15+$N15) -> 203.89257 | P15: =IF($O15="","",$O15*CARBON_FRACTION_BIOMASS) -> 101.94629 | Q15: =IF(AND($A15="",$C15=""),"",IF(AND($A15<>"",COUNTIF('1. Plot & Site Log'!$A$5:$A$64,$A15)=0),"Plot ID not in Plot & Site Log — this tree will not reach the summary. ","")&IF($A15="","No Plot ID. ","")&IF(AND($C15<>"",$F15=""),"Species not in the coefficient list — check the spelling against R1. ","")&IF($D15="","No DBH — nothing can be calculated. ","")&IF(AND($D15<>"",$D15>QC_DBH_MAX_CM),"DBH above "&QC_DBH_MAX_CM&" cm — check for a transcription error. ","")&IF($M15="All","Generic species: no published root:shoot applies, so below-ground biomass is the mean of the deciduous and conifer relationships. Choose a species, or Deciduous/Conifers, if you can. ","")&IF(AND($O15<>"",$O15>0,OR($N15/$O15<BGB_FRACTION_MIN,$N15/$O15>BGB_FRACTION_MAX)),"Below-ground share is "&TEXT($N15/$O15,"0%")&", outside the 18–30% the Trees guide describes. ",""))
A16: MR-01 | B16: 12 | C16: Balsam fir | D16: 21 | F16: =IF($C16="","",IFERROR(12+(MATCH($C16,'R1. Tree Coefficients'!$L$12:$L$53,0)-1)*4,"")) -> 24 | G16: =IF($F16="","",IF(AND($E16<>"",$E16>0),"DBH + height","DBH only")) -> DBH only | H16: =IF(OR($D16="",$F16=""),"",IF($E16>0,INDEX('R1. Tree Coefficients'!$F:$F,$F16+0)*($D16^INDEX('R1. Tree Coefficients'!$G:$G,$F16+0))*($E16^INDEX('R1. Tree Coefficients'!$H:$H,$F16+0)),INDEX('R1. Tree Coefficients'!$D:$D,$F16+0)*($D16^INDEX('R1. Tree Coefficients'!$E:$E,$F16+0)))) -> 80.321946 | I16: =IF(OR($D16="",$F16=""),"",IF($E16>0,INDEX('R1. Tree Coefficients'!$F:$F,$F16+1)*($D16^INDEX('R1. Tree Coefficients'!$G:$G,$F16+1))*($E16^INDEX('R1. Tree Coefficients'!$H:$H,$F16+1)),INDEX('R1. Tree Coefficients'!$D:$D,$F16+1)*($D16^INDEX('R1. Tree Coefficients'!$E:$E,$F16+1)))) -> 14.648651 | J16: =IF(OR($D16="",$F16=""),"",IF($E16>0,INDEX('R1. Tree Coefficients'!$F:$F,$F16+2)*($D16^INDEX('R1. Tree Coefficients'!$G:$G,$F16+2))*($E16^INDEX('R1. Tree Coefficients'!$H:$H,$F16+2)),INDEX('R1. Tree Coefficients'!$D:$D,$F16+2)*($D16^INDEX('R1. Tree Coefficients'!$E:$E,$F16+2)))) -> 16.007679 | K16: =IF(OR($D16="",$F16=""),"",IF($E16>0,INDEX('R1. Tree Coefficients'!$F:$F,$F16+3)*($D16^INDEX('R1. Tree Coefficients'!$G:$G,$F16+3))*($E16^INDEX('R1. Tree Coefficients'!$H:$H,$F16+3)),INDEX('R1. Tree Coefficients'!$D:$D,$F16+3)*($D16^INDEX('R1. Tree Coefficients'!$E:$E,$F16+3)))) -> 13.543297 | L16: =IF($F16="","",IFERROR(SUM($H16:$K16),"")) -> 124.52157 | M16: =IF($F16="","",INDEX('R1. Tree Coefficients'!$J:$J,$F16)) -> Conifers | N16: =IF($L16="","",IF($M16="Deciduous",BGB_RS_DECIDUOUS_a*($L16^BGB_RS_DECIDUOUS_b),IF($M16="Conifers",BGB_RS_CONIFER*$L16,AVERAGE(BGB_RS_DECIDUOUS_a*($L16^BGB_RS_DECIDUOUS_b),BGB_RS_CONIFER*$L16)))) -> 27.643789 | O16: =IF($L16="","",$L16+$N16) -> 152.16536 | P16: =IF($O16="","",$O16*CARBON_FRACTION_BIOMASS) -> 76.082681 | Q16: =IF(AND($A16="",$C16=""),"",IF(AND($A16<>"",COUNTIF('1. Plot & Site Log'!$A$5:$A$64,$A16)=0),"Plot ID not in Plot & Site Log — this tree will not reach the summary. ","")&IF($A16="","No Plot ID. ","")&IF(AND($C16<>"",$F16=""),"Species not in the coefficient list — check the spelling against R1. ","")&IF($D16="","No DBH — nothing can be calculated. ","")&IF(AND($D16<>"",$D16>QC_DBH_MAX_CM),"DBH above "&QC_DBH_MAX_CM&" cm — check for a transcription error. ","")&IF($M16="All","Generic species: no published root:shoot applies, so below-ground biomass is the mean of the deciduous and conifer relationships. Choose a species, or Deciduous/Conifers, if you can. ","")&IF(AND($O16<>"",$O16>0,OR($N16/$O16<BGB_FRACTION_MIN,$N16/$O16>BGB_FRACTION_MAX)),"Below-ground share is "&TEXT($N16/$O16,"0%")&", outside the 18–30% the Trees guide describes. ",""))
A17: MR-01 | B17: 13 | C17: White spruce | D17: 7.3 | E17: 12.6 | F17: =IF($C17="","",IFERROR(12+(MATCH($C17,'R1. Tree Coefficients'!$L$12:$L$53,0)-1)*4,"")) -> 172 | G17: =IF($F17="","",IF(AND($E17<>"",$E17>0),"DBH + height","DBH only")) -> DBH + height | H17: =IF(OR($D17="",$F17=""),"",IF($E17>0,INDEX('R1. Tree Coefficients'!$F:$F,$F17+0)*($D17^INDEX('R1. Tree Coefficients'!$G:$G,$F17+0))*($E17^INDEX('R1. Tree Coefficients'!$H:$H,$F17+0)),INDEX('R1. Tree Coefficients'!$D:$D,$F17+0)*($D17^INDEX('R1. Tree Coefficients'!$E:$E,$F17+0)))) -> 11.029273 | I17: =IF(OR($D17="",$F17=""),"",IF($E17>0,INDEX('R1. Tree Coefficients'!$F:$F,$F17+1)*($D17^INDEX('R1. Tree Coefficients'!$G:$G,$F17+1))*($E17^INDEX('R1. Tree Coefficients'!$H:$H,$F17+1)),INDEX('R1. Tree Coefficients'!$D:$D,$F17+1)*($D17^INDEX('R1. Tree Coefficients'!$E:$E,$F17+1)))) -> 1.7983621 | J17: =IF(OR($D17="",$F17=""),"",IF($E17>0,INDEX('R1. Tree Coefficients'!$F:$F,$F17+2)*($D17^INDEX('R1. Tree Coefficients'!$G:$G,$F17+2))*($E17^INDEX('R1. Tree Coefficients'!$H:$H,$F17+2)),INDEX('R1. Tree Coefficients'!$D:$D,$F17+2)*($D17^INDEX('R1. Tree Coefficients'!$E:$E,$F17+2)))) -> 0.98958748 | K17: =IF(OR($D17="",$F17=""),"",IF($E17>0,INDEX('R1. Tree Coefficients'!$F:$F,$F17+3)*($D17^INDEX('R1. Tree Coefficients'!$G:$G,$F17+3))*($E17^INDEX('R1. Tree Coefficients'!$H:$H,$F17+3)),INDEX('R1. Tree Coefficients'!$D:$D,$F17+3)*($D17^INDEX('R1. Tree Coefficients'!$E:$E,$F17+3)))) -> 1.3888218 | L17: =IF($F17="","",IFERROR(SUM($H17:$K17),"")) -> 15.206045 | M17: =IF($F17="","",INDEX('R1. Tree Coefficients'!$J:$J,$F17)) -> Conifers | N17: =IF($L17="","",IF($M17="Deciduous",BGB_RS_DECIDUOUS_a*($L17^BGB_RS_DECIDUOUS_b),IF($M17="Conifers",BGB_RS_CONIFER*$L17,AVERAGE(BGB_RS_DECIDUOUS_a*($L17^BGB_RS_DECIDUOUS_b),BGB_RS_CONIFER*$L17)))) -> 3.375742 | O17: =IF($L17="","",$L17+$N17) -> 18.581787 | P17: =IF($O17="","",$O17*CARBON_FRACTION_BIOMASS) -> 9.2908934 | Q17: =IF(AND($A17="",$C17=""),"",IF(AND($A17<>"",COUNTIF('1. Plot & Site Log'!$A$5:$A$64,$A17)=0),"Plot ID not in Plot & Site Log — this tree will not reach the summary. ","")&IF($A17="","No Plot ID. ","")&IF(AND($C17<>"",$F17=""),"Species not in the coefficient list — check the spelling against R1. ","")&IF($D17="","No DBH — nothing can be calculated. ","")&IF(AND($D17<>"",$D17>QC_DBH_MAX_CM),"DBH above "&QC_DBH_MAX_CM&" cm — check for a transcription error. ","")&IF($M17="All","Generic species: no published root:shoot applies, so below-ground biomass is the mean of the deciduous and conifer relationships. Choose a species, or Deciduous/Conifers, if you can. ","")&IF(AND($O17<>"",$O17>0,OR($N17/$O17<BGB_FRACTION_MIN,$N17/$O17>BGB_FRACTION_MAX)),"Below-ground share is "&TEXT($N17/$O17,"0%")&", outside the 18–30% the Trees guide describes. ",""))
A18: MR-01 | B18: 14 | C18: White spruce | D18: 15.1 | F18: =IF($C18="","",IFERROR(12+(MATCH($C18,'R1. Tree Coefficients'!$L$12:$L$53,0)-1)*4,"")) -> 172 | G18: =IF($F18="","",IF(AND($E18<>"",$E18>0),"DBH + height","DBH only")) -> DBH only | H18: =IF(OR($D18="",$F18=""),"",IF($E18>0,INDEX('R1. Tree Coefficients'!$F:$F,$F18+0)*($D18^INDEX('R1. Tree Coefficients'!$G:$G,$F18+0))*($E18^INDEX('R1. Tree Coefficients'!$H:$H,$F18+0)),INDEX('R1. Tree Coefficients'!$D:$D,$F18+0)*($D18^INDEX('R1. Tree Coefficients'!$E:$E,$F18+0)))) -> 38.612558 | I18: =IF(OR($D18="",$F18=""),"",IF($E18>0,INDEX('R1. Tree Coefficients'!$F:$F,$F18+1)*($D18^INDEX('R1. Tree Coefficients'!$G:$G,$F18+1))*($E18^INDEX('R1. Tree Coefficients'!$H:$H,$F18+1)),INDEX('R1. Tree Coefficients'!$D:$D,$F18+1)*($D18^INDEX('R1. Tree Coefficients'!$E:$E,$F18+1)))) -> 5.9603532 | J18: =IF(OR($D18="",$F18=""),"",IF($E18>0,INDEX('R1. Tree Coefficients'!$F:$F,$F18+2)*($D18^INDEX('R1. Tree Coefficients'!$G:$G,$F18+2))*($E18^INDEX('R1. Tree Coefficients'!$H:$H,$F18+2)),INDEX('R1. Tree Coefficients'!$D:$D,$F18+2)*($D18^INDEX('R1. Tree Coefficients'!$E:$E,$F18+2)))) -> 8.8562935 | K18: =IF(OR($D18="",$F18=""),"",IF($E18>0,INDEX('R1. Tree Coefficients'!$F:$F,$F18+3)*($D18^INDEX('R1. Tree Coefficients'!$G:$G,$F18+3))*($E18^INDEX('R1. Tree Coefficients'!$H:$H,$F18+3)),INDEX('R1. Tree Coefficients'!$D:$D,$F18+3)*($D18^INDEX('R1. Tree Coefficients'!$E:$E,$F18+3)))) -> 8.9185207 | L18: =IF($F18="","",IFERROR(SUM($H18:$K18),"")) -> 62.347726 | M18: =IF($F18="","",INDEX('R1. Tree Coefficients'!$J:$J,$F18)) -> Conifers | N18: =IF($L18="","",IF($M18="Deciduous",BGB_RS_DECIDUOUS_a*($L18^BGB_RS_DECIDUOUS_b),IF($M18="Conifers",BGB_RS_CONIFER*$L18,AVERAGE(BGB_RS_DECIDUOUS_a*($L18^BGB_RS_DECIDUOUS_b),BGB_RS_CONIFER*$L18)))) -> 13.841195 | O18: =IF($L18="","",$L18+$N18) -> 76.188921 | P18: =IF($O18="","",$O18*CARBON_FRACTION_BIOMASS) -> 38.09446 | Q18: =IF(AND($A18="",$C18=""),"",IF(AND($A18<>"",COUNTIF('1. Plot & Site Log'!$A$5:$A$64,$A18)=0),"Plot ID not in Plot & Site Log — this tree will not reach the summary. ","")&IF($A18="","No Plot ID. ","")&IF(AND($C18<>"",$F18=""),"Species not in the coefficient list — check the spelling against R1. ","")&IF($D18="","No DBH — nothing can be calculated. ","")&IF(AND($D18<>"",$D18>QC_DBH_MAX_CM),"DBH above "&QC_DBH_MAX_CM&" cm — check for a transcription error. ","")&IF($M18="All","Generic species: no published root:shoot applies, so below-ground biomass is the mean of the deciduous and conifer relationships. Choose a species, or Deciduous/Conifers, if you can. ","")&IF(AND($O18<>"",$O18>0,OR($N18/$O18<BGB_FRACTION_MIN,$N18/$O18>BGB_FRACTION_MAX)),"Below-ground share is "&TEXT($N18/$O18,"0%")&", outside the 18–30% the Trees guide describes. ",""))
A19: MR-01 | B19: 15 | C19: White spruce | D19: 38.3 | F19: =IF($C19="","",IFERROR(12+(MATCH($C19,'R1. Tree Coefficients'!$L$12:$L$53,0)-1)*4,"")) -> 172 | G19: =IF($F19="","",IF(AND($E19<>"",$E19>0),"DBH + height","DBH only")) -> DBH only | H19: =IF(OR($D19="",$F19=""),"",IF($E19>0,INDEX('R1. Tree Coefficients'!$F:$F,$F19+0)*($D19^INDEX('R1. Tree Coefficients'!$G:$G,$F19+0))*($E19^INDEX('R1. Tree Coefficients'!$H:$H,$F19+0)),INDEX('R1. Tree Coefficients'!$D:$D,$F19+0)*($D19^INDEX('R1. Tree Coefficients'!$E:$E,$F19+0)))) -> 433.40796 | I19: =IF(OR($D19="",$F19=""),"",IF($E19>0,INDEX('R1. Tree Coefficients'!$F:$F,$F19+1)*($D19^INDEX('R1. Tree Coefficients'!$G:$G,$F19+1))*($E19^INDEX('R1. Tree Coefficients'!$H:$H,$F19+1)),INDEX('R1. Tree Coefficients'!$D:$D,$F19+1)*($D19^INDEX('R1. Tree Coefficients'!$E:$E,$F19+1)))) -> 50.966671 | J19: =IF(OR($D19="",$F19=""),"",IF($E19>0,INDEX('R1. Tree Coefficients'!$F:$F,$F19+2)*($D19^INDEX('R1. Tree Coefficients'!$G:$G,$F19+2))*($E19^INDEX('R1. Tree Coefficients'!$H:$H,$F19+2)),INDEX('R1. Tree Coefficients'!$D:$D,$F19+2)*($D19^INDEX('R1. Tree Coefficients'!$E:$E,$F19+2)))) -> 62.110785 | K19: =IF(OR($D19="",$F19=""),"",IF($E19>0,INDEX('R1. Tree Coefficients'!$F:$F,$F19+3)*($D19^INDEX('R1. Tree Coefficients'!$G:$G,$F19+3))*($E19^INDEX('R1. Tree Coefficients'!$H:$H,$F19+3)),INDEX('R1. Tree Coefficients'!$D:$D,$F19+3)*($D19^INDEX('R1. Tree Coefficients'!$E:$E,$F19+3)))) -> 36.067051 | L19: =IF($F19="","",IFERROR(SUM($H19:$K19),"")) -> 582.55246 | M19: =IF($F19="","",INDEX('R1. Tree Coefficients'!$J:$J,$F19)) -> Conifers | N19: =IF($L19="","",IF($M19="Deciduous",BGB_RS_DECIDUOUS_a*($L19^BGB_RS_DECIDUOUS_b),IF($M19="Conifers",BGB_RS_CONIFER*$L19,AVERAGE(BGB_RS_DECIDUOUS_a*($L19^BGB_RS_DECIDUOUS_b),BGB_RS_CONIFER*$L19)))) -> 129.32665 | O19: =IF($L19="","",$L19+$N19) -> 711.87911 | P19: =IF($O19="","",$O19*CARBON_FRACTION_BIOMASS) -> 355.93956 | Q19: =IF(AND($A19="",$C19=""),"",IF(AND($A19<>"",COUNTIF('1. Plot & Site Log'!$A$5:$A$64,$A19)=0),"Plot ID not in Plot & Site Log — this tree will not reach the summary. ","")&IF($A19="","No Plot ID. ","")&IF(AND($C19<>"",$F19=""),"Species not in the coefficient list — check the spelling against R1. ","")&IF($D19="","No DBH — nothing can be calculated. ","")&IF(AND($D19<>"",$D19>QC_DBH_MAX_CM),"DBH above "&QC_DBH_MAX_CM&" cm — check for a transcription error. ","")&IF($M19="All","Generic species: no published root:shoot applies, so below-ground biomass is the mean of the deciduous and conifer relationships. Choose a species, or Deciduous/Conifers, if you can. ","")&IF(AND($O19<>"",$O19>0,OR($N19/$O19<BGB_FRACTION_MIN,$N19/$O19>BGB_FRACTION_MAX)),"Below-ground share is "&TEXT($N19/$O19,"0%")&", outside the 18–30% the Trees guide describes. ",""))
A20: MR-02 | B20: 1 | C20: White birch | D20: 13.3 | E20: 16.5 | F20: =IF($C20="","",IFERROR(12+(MATCH($C20,'R1. Tree Coefficients'!$L$12:$L$53,0)-1)*4,"")) -> 160 | G20: =IF($F20="","",IF(AND($E20<>"",$E20>0),"DBH + height","DBH only")) -> DBH + height | H20: =IF(OR($D20="",$F20=""),"",IF($E20>0,INDEX('R1. Tree Coefficients'!$F:$F,$F20+0)*($D20^INDEX('R1. Tree Coefficients'!$G:$G,$F20+0))*($E20^INDEX('R1. Tree Coefficients'!$H:$H,$F20+0)),INDEX('R1. Tree Coefficients'!$D:$D,$F20+0)*($D20^INDEX('R1. Tree Coefficients'!$E:$E,$F20+0)))) -> 48.821335 | I20: =IF(OR($D20="",$F20=""),"",IF($E20>0,INDEX('R1. Tree Coefficients'!$F:$F,$F20+1)*($D20^INDEX('R1. Tree Coefficients'!$G:$G,$F20+1))*($E20^INDEX('R1. Tree Coefficients'!$H:$H,$F20+1)),INDEX('R1. Tree Coefficients'!$D:$D,$F20+1)*($D20^INDEX('R1. Tree Coefficients'!$E:$E,$F20+1)))) -> 8.5599457 | J20: =IF(OR($D20="",$F20=""),"",IF($E20>0,INDEX('R1. Tree Coefficients'!$F:$F,$F20+2)*($D20^INDEX('R1. Tree Coefficients'!$G:$G,$F20+2))*($E20^INDEX('R1. Tree Coefficients'!$H:$H,$F20+2)),INDEX('R1. Tree Coefficients'!$D:$D,$F20+2)*($D20^INDEX('R1. Tree Coefficients'!$E:$E,$F20+2)))) -> 6.9093224 | K20: =IF(OR($D20="",$F20=""),"",IF($E20>0,INDEX('R1. Tree Coefficients'!$F:$F,$F20+3)*($D20^INDEX('R1. Tree Coefficients'!$G:$G,$F20+3))*($E20^INDEX('R1. Tree Coefficients'!$H:$H,$F20+3)),INDEX('R1. Tree Coefficients'!$D:$D,$F20+3)*($D20^INDEX('R1. Tree Coefficients'!$E:$E,$F20+3)))) -> 2.4268754 | L20: =IF($F20="","",IFERROR(SUM($H20:$K20),"")) -> 66.717478 | M20: =IF($F20="","",INDEX('R1. Tree Coefficients'!$J:$J,$F20)) -> Deciduous | N20: =IF($L20="","",IF($M20="Deciduous",BGB_RS_DECIDUOUS_a*($L20^BGB_RS_DECIDUOUS_b),IF($M20="Conifers",BGB_RS_CONIFER*$L20,AVERAGE(BGB_RS_DECIDUOUS_a*($L20^BGB_RS_DECIDUOUS_b),BGB_RS_CONIFER*$L20)))) -> 20.867171 | O20: =IF($L20="","",$L20+$N20) -> 87.58465 | P20: =IF($O20="","",$O20*CARBON_FRACTION_BIOMASS) -> 43.792325 | Q20: =IF(AND($A20="",$C20=""),"",IF(AND($A20<>"",COUNTIF('1. Plot & Site Log'!$A$5:$A$64,$A20)=0),"Plot ID not in Plot & Site Log — this tree will not reach the summary. ","")&IF($A20="","No Plot ID. ","")&IF(AND($C20<>"",$F20=""),"Species not in the coefficient list — check the spelling against R1. ","")&IF($D20="","No DBH — nothing can be calculated. ","")&IF(AND($D20<>"",$D20>QC_DBH_MAX_CM),"DBH above "&QC_DBH_MAX_CM&" cm — check for a transcription error. ","")&IF($M20="All","Generic species: no published root:shoot applies, so below-ground biomass is the mean of the deciduous and conifer relationships. Choose a species, or Deciduous/Conifers, if you can. ","")&IF(AND($O20<>"",$O20>0,OR($N20/$O20<BGB_FRACTION_MIN,$N20/$O20>BGB_FRACTION_MAX)),"Below-ground share is "&TEXT($N20/$O20,"0%")&", outside the 18–30% the Trees guide describes. ",""))
A21: MR-02 | B21: 2 | C21: Balsam fir | D21: 17.4 | F21: =IF($C21="","",IFERROR(12+(MATCH($C21,'R1. Tree Coefficients'!$L$12:$L$53,0)-1)*4,"")) -> 24 | G21: =IF($F21="","",IF(AND($E21<>"",$E21>0),"DBH + height","DBH only")) -> DBH only | H21: =IF(OR($D21="",$F21=""),"",IF($E21>0,INDEX('R1. Tree Coefficients'!$F:$F,$F21+0)*($D21^INDEX('R1. Tree Coefficients'!$G:$G,$F21+0))*($E21^INDEX('R1. Tree Coefficients'!$H:$H,$F21+0)),INDEX('R1. Tree Coefficients'!$D:$D,$F21+0)*($D21^INDEX('R1. Tree Coefficients'!$E:$E,$F21+0)))) -> 51.118853 | I21: =IF(OR($D21="",$F21=""),"",IF($E21>0,INDEX('R1. Tree Coefficients'!$F:$F,$F21+1)*($D21^INDEX('R1. Tree Coefficients'!$G:$G,$F21+1))*($E21^INDEX('R1. Tree Coefficients'!$H:$H,$F21+1)),INDEX('R1. Tree Coefficients'!$D:$D,$F21+1)*($D21^INDEX('R1. Tree Coefficients'!$E:$E,$F21+1)))) -> 9.4189761 | J21: =IF(OR($D21="",$F21=""),"",IF($E21>0,INDEX('R1. Tree Coefficients'!$F:$F,$F21+2)*($D21^INDEX('R1. Tree Coefficients'!$G:$G,$F21+2))*($E21^INDEX('R1. Tree Coefficients'!$H:$H,$F21+2)),INDEX('R1. Tree Coefficients'!$D:$D,$F21+2)*($D21^INDEX('R1. Tree Coefficients'!$E:$E,$F21+2)))) -> 9.9274443 | K21: =IF(OR($D21="",$F21=""),"",IF($E21>0,INDEX('R1. Tree Coefficients'!$F:$F,$F21+3)*($D21^INDEX('R1. Tree Coefficients'!$G:$G,$F21+3))*($E21^INDEX('R1. Tree Coefficients'!$H:$H,$F21+3)),INDEX('R1. Tree Coefficients'!$D:$D,$F21+3)*($D21^INDEX('R1. Tree Coefficients'!$E:$E,$F21+3)))) -> 9.8940991 | L21: =IF($F21="","",IFERROR(SUM($H21:$K21),"")) -> 80.359373 | M21: =IF($F21="","",INDEX('R1. Tree Coefficients'!$J:$J,$F21)) -> Conifers | N21: =IF($L21="","",IF($M21="Deciduous",BGB_RS_DECIDUOUS_a*($L21^BGB_RS_DECIDUOUS_b),IF($M21="Conifers",BGB_RS_CONIFER*$L21,AVERAGE(BGB_RS_DECIDUOUS_a*($L21^BGB_RS_DECIDUOUS_b),BGB_RS_CONIFER*$L21)))) -> 17.839781 | O21: =IF($L21="","",$L21+$N21) -> 98.199153 | P21: =IF($O21="","",$O21*CARBON_FRACTION_BIOMASS) -> 49.099577 | Q21: =IF(AND($A21="",$C21=""),"",IF(AND($A21<>"",COUNTIF('1. Plot & Site Log'!$A$5:$A$64,$A21)=0),"Plot ID not in Plot & Site Log — this tree will not reach the summary. ","")&IF($A21="","No Plot ID. ","")&IF(AND($C21<>"",$F21=""),"Species not in the coefficient list — check the spelling against R1. ","")&IF($D21="","No DBH — nothing can be calculated. ","")&IF(AND($D21<>"",$D21>QC_DBH_MAX_CM),"DBH above "&QC_DBH_MAX_CM&" cm — check for a transcription error. ","")&IF($M21="All","Generic species: no published root:shoot applies, so below-ground biomass is the mean of the deciduous and conifer relationships. Choose a species, or Deciduous/Conifers, if you can. ","")&IF(AND($O21<>"",$O21>0,OR($N21/$O21<BGB_FRACTION_MIN,$N21/$O21>BGB_FRACTION_MAX)),"Below-ground share is "&TEXT($N21/$O21,"0%")&", outside the 18–30% the Trees guide describes. ",""))
A22: MR-02 | B22: 3 | C22: White spruce | D22: 31.5 | F22: =IF($C22="","",IFERROR(12+(MATCH($C22,'R1. Tree Coefficients'!$L$12:$L$53,0)-1)*4,"")) -> 172 | G22: =IF($F22="","",IF(AND($E22<>"",$E22>0),"DBH + height","DBH only")) -> DBH only | H22: =IF(OR($D22="",$F22=""),"",IF($E22>0,INDEX('R1. Tree Coefficients'!$F:$F,$F22+0)*($D22^INDEX('R1. Tree Coefficients'!$G:$G,$F22+0))*($E22^INDEX('R1. Tree Coefficients'!$H:$H,$F22+0)),INDEX('R1. Tree Coefficients'!$D:$D,$F22+0)*($D22^INDEX('R1. Tree Coefficients'!$E:$E,$F22+0)))) -> 260.82985 | I22: =IF(OR($D22="",$F22=""),"",IF($E22>0,INDEX('R1. Tree Coefficients'!$F:$F,$F22+1)*($D22^INDEX('R1. Tree Coefficients'!$G:$G,$F22+1))*($E22^INDEX('R1. Tree Coefficients'!$H:$H,$F22+1)),INDEX('R1. Tree Coefficients'!$D:$D,$F22+1)*($D22^INDEX('R1. Tree Coefficients'!$E:$E,$F22+1)))) -> 32.475773 | J22: =IF(OR($D22="",$F22=""),"",IF($E22>0,INDEX('R1. Tree Coefficients'!$F:$F,$F22+2)*($D22^INDEX('R1. Tree Coefficients'!$G:$G,$F22+2))*($E22^INDEX('R1. Tree Coefficients'!$H:$H,$F22+2)),INDEX('R1. Tree Coefficients'!$D:$D,$F22+2)*($D22^INDEX('R1. Tree Coefficients'!$E:$E,$F22+2)))) -> 41.25926 | K22: =IF(OR($D22="",$F22=""),"",IF($E22>0,INDEX('R1. Tree Coefficients'!$F:$F,$F22+3)*($D22^INDEX('R1. Tree Coefficients'!$G:$G,$F22+3))*($E22^INDEX('R1. Tree Coefficients'!$H:$H,$F22+3)),INDEX('R1. Tree Coefficients'!$D:$D,$F22+3)*($D22^INDEX('R1. Tree Coefficients'!$E:$E,$F22+3)))) -> 26.895303 | L22: =IF($F22="","",IFERROR(SUM($H22:$K22),"")) -> 361.46018 | M22: =IF($F22="","",INDEX('R1. Tree Coefficients'!$J:$J,$F22)) -> Conifers | N22: =IF($L22="","",IF($M22="Deciduous",BGB_RS_DECIDUOUS_a*($L22^BGB_RS_DECIDUOUS_b),IF($M22="Conifers",BGB_RS_CONIFER*$L22,AVERAGE(BGB_RS_DECIDUOUS_a*($L22^BGB_RS_DECIDUOUS_b),BGB_RS_CONIFER*$L22)))) -> 80.24416 | O22: =IF($L22="","",$L22+$N22) -> 441.70434 | P22: =IF($O22="","",$O22*CARBON_FRACTION_BIOMASS) -> 220.85217 | Q22: =IF(AND($A22="",$C22=""),"",IF(AND($A22<>"",COUNTIF('1. Plot & Site Log'!$A$5:$A$64,$A22)=0),"Plot ID not in Plot & Site Log — this tree will not reach the summary. ","")&IF($A22="","No Plot ID. ","")&IF(AND($C22<>"",$F22=""),"Species not in the coefficient list — check the spelling against R1. ","")&IF($D22="","No DBH — nothing can be calculated. ","")&IF(AND($D22<>"",$D22>QC_DBH_MAX_CM),"DBH above "&QC_DBH_MAX_CM&" cm — check for a transcription error. ","")&IF($M22="All","Generic species: no published root:shoot applies, so below-ground biomass is the mean of the deciduous and conifer relationships. Choose a species, or Deciduous/Conifers, if you can. ","")&IF(AND($O22<>"",$O22>0,OR($N22/$O22<BGB_FRACTION_MIN,$N22/$O22>BGB_FRACTION_MAX)),"Below-ground share is "&TEXT($N22/$O22,"0%")&", outside the 18–30% the Trees guide describes. ",""))
A23: MR-02 | B23: 4 | C23: White spruce | D23: 17.9 | E23: 18.3 | F23: =IF($C23="","",IFERROR(12+(MATCH($C23,'R1. Tree Coefficients'!$L$12:$L$53,0)-1)*4,"")) -> 172 | G23: =IF($F23="","",IF(AND($E23<>"",$E23>0),"DBH + height","DBH only")) -> DBH + height | H23: =IF(OR($D23="",$F23=""),"",IF($E23>0,INDEX('R1. Tree Coefficients'!$F:$F,$F23+0)*($D23^INDEX('R1. Tree Coefficients'!$G:$G,$F23+0))*($E23^INDEX('R1. Tree Coefficients'!$H:$H,$F23+0)),INDEX('R1. Tree Coefficients'!$D:$D,$F23+0)*($D23^INDEX('R1. Tree Coefficients'!$E:$E,$F23+0)))) -> 79.266164 | I23: =IF(OR($D23="",$F23=""),"",IF($E23>0,INDEX('R1. Tree Coefficients'!$F:$F,$F23+1)*($D23^INDEX('R1. Tree Coefficients'!$G:$G,$F23+1))*($E23^INDEX('R1. Tree Coefficients'!$H:$H,$F23+1)),INDEX('R1. Tree Coefficients'!$D:$D,$F23+1)*($D23^INDEX('R1. Tree Coefficients'!$E:$E,$F23+1)))) -> 10.790666 | J23: =IF(OR($D23="",$F23=""),"",IF($E23>0,INDEX('R1. Tree Coefficients'!$F:$F,$F23+2)*($D23^INDEX('R1. Tree Coefficients'!$G:$G,$F23+2))*($E23^INDEX('R1. Tree Coefficients'!$H:$H,$F23+2)),INDEX('R1. Tree Coefficients'!$D:$D,$F23+2)*($D23^INDEX('R1. Tree Coefficients'!$E:$E,$F23+2)))) -> 9.4277878 | K23: =IF(OR($D23="",$F23=""),"",IF($E23>0,INDEX('R1. Tree Coefficients'!$F:$F,$F23+3)*($D23^INDEX('R1. Tree Coefficients'!$G:$G,$F23+3))*($E23^INDEX('R1. Tree Coefficients'!$H:$H,$F23+3)),INDEX('R1. Tree Coefficients'!$D:$D,$F23+3)*($D23^INDEX('R1. Tree Coefficients'!$E:$E,$F23+3)))) -> 8.0478963 | L23: =IF($F23="","",IFERROR(SUM($H23:$K23),"")) -> 107.53251 | M23: =IF($F23="","",INDEX('R1. Tree Coefficients'!$J:$J,$F23)) -> Conifers | N23: =IF($L23="","",IF($M23="Deciduous",BGB_RS_DECIDUOUS_a*($L23^BGB_RS_DECIDUOUS_b),IF($M23="Conifers",BGB_RS_CONIFER*$L23,AVERAGE(BGB_RS_DECIDUOUS_a*($L23^BGB_RS_DECIDUOUS_b),BGB_RS_CONIFER*$L23)))) -> 23.872218 | O23: =IF($L23="","",$L23+$N23) -> 131.40473 | P23: =IF($O23="","",$O23*CARBON_FRACTION_BIOMASS) -> 65.702366 | Q23: =IF(AND($A23="",$C23=""),"",IF(AND($A23<>"",COUNTIF('1. Plot & Site Log'!$A$5:$A$64,$A23)=0),"Plot ID not in Plot & Site Log — this tree will not reach the summary. ","")&IF($A23="","No Plot ID. ","")&IF(AND($C23<>"",$F23=""),"Species not in the coefficient list — check the spelling against R1. ","")&IF($D23="","No DBH — nothing can be calculated. ","")&IF(AND($D23<>"",$D23>QC_DBH_MAX_CM),"DBH above "&QC_DBH_MAX_CM&" cm — check for a transcription error. ","")&IF($M23="All","Generic species: no published root:shoot applies, so below-ground biomass is the mean of the deciduous and conifer relationships. Choose a species, or Deciduous/Conifers, if you can. ","")&IF(AND($O23<>"",$O23>0,OR($N23/$O23<BGB_FRACTION_MIN,$N23/$O23>BGB_FRACTION_MAX)),"Below-ground share is "&TEXT($N23/$O23,"0%")&", outside the 18–30% the Trees guide describes. ",""))
A24: MR-02 | B24: 5 | C24: Trembling aspen | D24: 13.5 | F24: =IF($C24="","",IFERROR(12+(MATCH($C24,'R1. Tree Coefficients'!$L$12:$L$53,0)-1)*4,"")) -> 144 | G24: =IF($F24="","",IF(AND($E24<>"",$E24>0),"DBH + height","DBH only")) -> DBH only | H24: =IF(OR($D24="",$F24=""),"",IF($E24>0,INDEX('R1. Tree Coefficients'!$F:$F,$F24+0)*($D24^INDEX('R1. Tree Coefficients'!$G:$G,$F24+0))*($E24^INDEX('R1. Tree Coefficients'!$H:$H,$F24+0)),INDEX('R1. Tree Coefficients'!$D:$D,$F24+0)*($D24^INDEX('R1. Tree Coefficients'!$E:$E,$F24+0)))) -> 38.000049 | I24: =IF(OR($D24="",$F24=""),"",IF($E24>0,INDEX('R1. Tree Coefficients'!$F:$F,$F24+1)*($D24^INDEX('R1. Tree Coefficients'!$G:$G,$F24+1))*($E24^INDEX('R1. Tree Coefficients'!$H:$H,$F24+1)),INDEX('R1. Tree Coefficients'!$D:$D,$F24+1)*($D24^INDEX('R1. Tree Coefficients'!$E:$E,$F24+1)))) -> 8.47425 | J24: =IF(OR($D24="",$F24=""),"",IF($E24>0,INDEX('R1. Tree Coefficients'!$F:$F,$F24+2)*($D24^INDEX('R1. Tree Coefficients'!$G:$G,$F24+2))*($E24^INDEX('R1. Tree Coefficients'!$H:$H,$F24+2)),INDEX('R1. Tree Coefficients'!$D:$D,$F24+2)*($D24^INDEX('R1. Tree Coefficients'!$E:$E,$F24+2)))) -> 5.6932455 | K24: =IF(OR($D24="",$F24=""),"",IF($E24>0,INDEX('R1. Tree Coefficients'!$F:$F,$F24+3)*($D24^INDEX('R1. Tree Coefficients'!$G:$G,$F24+3))*($E24^INDEX('R1. Tree Coefficients'!$H:$H,$F24+3)),INDEX('R1. Tree Coefficients'!$D:$D,$F24+3)*($D24^INDEX('R1. Tree Coefficients'!$E:$E,$F24+3)))) -> 1.7937082 | L24: =IF($F24="","",IFERROR(SUM($H24:$K24),"")) -> 53.961253 | M24: =IF($F24="","",INDEX('R1. Tree Coefficients'!$J:$J,$F24)) -> Deciduous | N24: =IF($L24="","",IF($M24="Deciduous",BGB_RS_DECIDUOUS_a*($L24^BGB_RS_DECIDUOUS_b),IF($M24="Conifers",BGB_RS_CONIFER*$L24,AVERAGE(BGB_RS_DECIDUOUS_a*($L24^BGB_RS_DECIDUOUS_b),BGB_RS_CONIFER*$L24)))) -> 18.314145 | O24: =IF($L24="","",$L24+$N24) -> 72.275398 | P24: =IF($O24="","",$O24*CARBON_FRACTION_BIOMASS) -> 36.137699 | Q24: =IF(AND($A24="",$C24=""),"",IF(AND($A24<>"",COUNTIF('1. Plot & Site Log'!$A$5:$A$64,$A24)=0),"Plot ID not in Plot & Site Log — this tree will not reach the summary. ","")&IF($A24="","No Plot ID. ","")&IF(AND($C24<>"",$F24=""),"Species not in the coefficient list — check the spelling against R1. ","")&IF($D24="","No DBH — nothing can be calculated. ","")&IF(AND($D24<>"",$D24>QC_DBH_MAX_CM),"DBH above "&QC_DBH_MAX_CM&" cm — check for a transcription error. ","")&IF($M24="All","Generic species: no published root:shoot applies, so below-ground biomass is the mean of the deciduous and conifer relationships. Choose a species, or Deciduous/Conifers, if you can. ","")&IF(AND($O24<>"",$O24>0,OR($N24/$O24<BGB_FRACTION_MIN,$N24/$O24>BGB_FRACTION_MAX)),"Below-ground share is "&TEXT($N24/$O24,"0%")&", outside the 18–30% the Trees guide describes. ",""))
A25: MR-02 | B25: 6 | C25: Balsam fir | D25: 28.6 | F25: =IF($C25="","",IFERROR(12+(MATCH($C25,'R1. Tree Coefficients'!$L$12:$L$53,0)-1)*4,"")) -> 24 | G25: =IF($F25="","",IF(AND($E25<>"",$E25>0),"DBH + height","DBH only")) -> DBH only | H25: =IF(OR($D25="",$F25=""),"",IF($E25>0,INDEX('R1. Tree Coefficients'!$F:$F,$F25+0)*($D25^INDEX('R1. Tree Coefficients'!$G:$G,$F25+0))*($E25^INDEX('R1. Tree Coefficients'!$H:$H,$F25+0)),INDEX('R1. Tree Coefficients'!$D:$D,$F25+0)*($D25^INDEX('R1. Tree Coefficients'!$E:$E,$F25+0)))) -> 168.72865 | I25: =IF(OR($D25="",$F25=""),"",IF($E25>0,INDEX('R1. Tree Coefficients'!$F:$F,$F25+1)*($D25^INDEX('R1. Tree Coefficients'!$G:$G,$F25+1))*($E25^INDEX('R1. Tree Coefficients'!$H:$H,$F25+1)),INDEX('R1. Tree Coefficients'!$D:$D,$F25+1)*($D25^INDEX('R1. Tree Coefficients'!$E:$E,$F25+1)))) -> 30.257137 | J25: =IF(OR($D25="",$F25=""),"",IF($E25>0,INDEX('R1. Tree Coefficients'!$F:$F,$F25+2)*($D25^INDEX('R1. Tree Coefficients'!$G:$G,$F25+2))*($E25^INDEX('R1. Tree Coefficients'!$H:$H,$F25+2)),INDEX('R1. Tree Coefficients'!$D:$D,$F25+2)*($D25^INDEX('R1. Tree Coefficients'!$E:$E,$F25+2)))) -> 35.086624 | K25: =IF(OR($D25="",$F25=""),"",IF($E25>0,INDEX('R1. Tree Coefficients'!$F:$F,$F25+3)*($D25^INDEX('R1. Tree Coefficients'!$G:$G,$F25+3))*($E25^INDEX('R1. Tree Coefficients'!$H:$H,$F25+3)),INDEX('R1. Tree Coefficients'!$D:$D,$F25+3)*($D25^INDEX('R1. Tree Coefficients'!$E:$E,$F25+3)))) -> 22.682054 | L25: =IF($F25="","",IFERROR(SUM($H25:$K25),"")) -> 256.75447 | M25: =IF($F25="","",INDEX('R1. Tree Coefficients'!$J:$J,$F25)) -> Conifers | N25: =IF($L25="","",IF($M25="Deciduous",BGB_RS_DECIDUOUS_a*($L25^BGB_RS_DECIDUOUS_b),IF($M25="Conifers",BGB_RS_CONIFER*$L25,AVERAGE(BGB_RS_DECIDUOUS_a*($L25^BGB_RS_DECIDUOUS_b),BGB_RS_CONIFER*$L25)))) -> 56.999491 | O25: =IF($L25="","",$L25+$N25) -> 313.75396 | P25: =IF($O25="","",$O25*CARBON_FRACTION_BIOMASS) -> 156.87698 | Q25: =IF(AND($A25="",$C25=""),"",IF(AND($A25<>"",COUNTIF('1. Plot & Site Log'!$A$5:$A$64,$A25)=0),"Plot ID not in Plot & Site Log — this tree will not reach the summary. ","")&IF($A25="","No Plot ID. ","")&IF(AND($C25<>"",$F25=""),"Species not in the coefficient list — check the spelling against R1. ","")&IF($D25="","No DBH — nothing can be calculated. ","")&IF(AND($D25<>"",$D25>QC_DBH_MAX_CM),"DBH above "&QC_DBH_MAX_CM&" cm — check for a transcription error. ","")&IF($M25="All","Generic species: no published root:shoot applies, so below-ground biomass is the mean of the deciduous and conifer relationships. Choose a species, or Deciduous/Conifers, if you can. ","")&IF(AND($O25<>"",$O25>0,OR($N25/$O25<BGB_FRACTION_MIN,$N25/$O25>BGB_FRACTION_MAX)),"Below-ground share is "&TEXT($N25/$O25,"0%")&", outside the 18–30% the Trees guide describes. ",""))
A26: MR-02 | B26: 7 | C26: Trembling aspen | D26: 57.3 | E26: 23.6 | F26: =IF($C26="","",IFERROR(12+(MATCH($C26,'R1. Tree Coefficients'!$L$12:$L$53,0)-1)*4,"")) -> 144 | G26: =IF($F26="","",IF(AND($E26<>"",$E26>0),"DBH + height","DBH only")) -> DBH + height | H26: =IF(OR($D26="",$F26=""),"",IF($E26>0,INDEX('R1. Tree Coefficients'!$F:$F,$F26+0)*($D26^INDEX('R1. Tree Coefficients'!$G:$G,$F26+0))*($E26^INDEX('R1. Tree Coefficients'!$H:$H,$F26+0)),INDEX('R1. Tree Coefficients'!$D:$D,$F26+0)*($D26^INDEX('R1. Tree Coefficients'!$E:$E,$F26+0)))) -> 1030.6456 | I26: =IF(OR($D26="",$F26=""),"",IF($E26>0,INDEX('R1. Tree Coefficients'!$F:$F,$F26+1)*($D26^INDEX('R1. Tree Coefficients'!$G:$G,$F26+1))*($E26^INDEX('R1. Tree Coefficients'!$H:$H,$F26+1)),INDEX('R1. Tree Coefficients'!$D:$D,$F26+1)*($D26^INDEX('R1. Tree Coefficients'!$E:$E,$F26+1)))) -> 231.77784 | J26: =IF(OR($D26="",$F26=""),"",IF($E26>0,INDEX('R1. Tree Coefficients'!$F:$F,$F26+2)*($D26^INDEX('R1. Tree Coefficients'!$G:$G,$F26+2))*($E26^INDEX('R1. Tree Coefficients'!$H:$H,$F26+2)),INDEX('R1. Tree Coefficients'!$D:$D,$F26+2)*($D26^INDEX('R1. Tree Coefficients'!$E:$E,$F26+2)))) -> 263.59478 | K26: =IF(OR($D26="",$F26=""),"",IF($E26>0,INDEX('R1. Tree Coefficients'!$F:$F,$F26+3)*($D26^INDEX('R1. Tree Coefficients'!$G:$G,$F26+3))*($E26^INDEX('R1. Tree Coefficients'!$H:$H,$F26+3)),INDEX('R1. Tree Coefficients'!$D:$D,$F26+3)*($D26^INDEX('R1. Tree Coefficients'!$E:$E,$F26+3)))) -> 18.615815 | L26: =IF($F26="","",IFERROR(SUM($H26:$K26),"")) -> 1544.634 | M26: =IF($F26="","",INDEX('R1. Tree Coefficients'!$J:$J,$F26)) -> Deciduous | N26: =IF($L26="","",IF($M26="Deciduous",BGB_RS_DECIDUOUS_a*($L26^BGB_RS_DECIDUOUS_b),IF($M26="Conifers",BGB_RS_CONIFER*$L26,AVERAGE(BGB_RS_DECIDUOUS_a*($L26^BGB_RS_DECIDUOUS_b),BGB_RS_CONIFER*$L26)))) -> 144.10663 | O26: =IF($L26="","",$L26+$N26) -> 1688.7406 | P26: =IF($O26="","",$O26*CARBON_FRACTION_BIOMASS) -> 844.37031 | Q26: =IF(AND($A26="",$C26=""),"",IF(AND($A26<>"",COUNTIF('1. Plot & Site Log'!$A$5:$A$64,$A26)=0),"Plot ID not in Plot & Site Log — this tree will not reach the summary. ","")&IF($A26="","No Plot ID. ","")&IF(AND($C26<>"",$F26=""),"Species not in the coefficient list — check the spelling against R1. ","")&IF($D26="","No DBH — nothing can be calculated. ","")&IF(AND($D26<>"",$D26>QC_DBH_MAX_CM),"DBH above "&QC_DBH_MAX_CM&" cm — check for a transcription error. ","")&IF($M26="All","Generic species: no published root:shoot applies, so below-ground biomass is the mean of the deciduous and conifer relationships. Choose a species, or Deciduous/Conifers, if you can. ","")&IF(AND($O26<>"",$O26>0,OR($N26/$O26<BGB_FRACTION_MIN,$N26/$O26>BGB_FRACTION_MAX)),"Below-ground share is "&TEXT($N26/$O26,"0%")&", outside the 18–30% the Trees guide describes. ","")) -> Below-ground share is 9%, outside the 18–30% the Trees guide describes.
A27: MR-02 | B27: 8 | C27: Trembling aspen | D27: 9.6 | F27: =IF($C27="","",IFERROR(12+(MATCH($C27,'R1. Tree Coefficients'!$L$12:$L$53,0)-1)*4,"")) -> 144 | G27: =IF($F27="","",IF(AND($E27<>"",$E27>0),"DBH + height","DBH only")) -> DBH only | H27: =IF(OR($D27="",$F27=""),"",IF($E27>0,INDEX('R1. Tree Coefficients'!$F:$F,$F27+0)*($D27^INDEX('R1. Tree Coefficients'!$G:$G,$F27+0))*($E27^INDEX('R1. Tree Coefficients'!$H:$H,$F27+0)),INDEX('R1. Tree Coefficients'!$D:$D,$F27+0)*($D27^INDEX('R1. Tree Coefficients'!$E:$E,$F27+0)))) -> 16.351269 | I27: =IF(OR($D27="",$F27=""),"",IF($E27>0,INDEX('R1. Tree Coefficients'!$F:$F,$F27+1)*($D27^INDEX('R1. Tree Coefficients'!$G:$G,$F27+1))*($E27^INDEX('R1. Tree Coefficients'!$H:$H,$F27+1)),INDEX('R1. Tree Coefficients'!$D:$D,$F27+1)*($D27^INDEX('R1. Tree Coefficients'!$E:$E,$F27+1)))) -> 3.7233171 | J27: =IF(OR($D27="",$F27=""),"",IF($E27>0,INDEX('R1. Tree Coefficients'!$F:$F,$F27+2)*($D27^INDEX('R1. Tree Coefficients'!$G:$G,$F27+2))*($E27^INDEX('R1. Tree Coefficients'!$H:$H,$F27+2)),INDEX('R1. Tree Coefficients'!$D:$D,$F27+2)*($D27^INDEX('R1. Tree Coefficients'!$E:$E,$F27+2)))) -> 2.4162702 | K27: =IF(OR($D27="",$F27=""),"",IF($E27>0,INDEX('R1. Tree Coefficients'!$F:$F,$F27+3)*($D27^INDEX('R1. Tree Coefficients'!$G:$G,$F27+3))*($E27^INDEX('R1. Tree Coefficients'!$H:$H,$F27+3)),INDEX('R1. Tree Coefficients'!$D:$D,$F27+3)*($D27^INDEX('R1. Tree Coefficients'!$E:$E,$F27+3)))) -> 1.0165736 | L27: =IF($F27="","",IFERROR(SUM($H27:$K27),"")) -> 23.50743 | M27: =IF($F27="","",INDEX('R1. Tree Coefficients'!$J:$J,$F27)) -> Deciduous | N27: =IF($L27="","",IF($M27="Deciduous",BGB_RS_DECIDUOUS_a*($L27^BGB_RS_DECIDUOUS_b),IF($M27="Conifers",BGB_RS_CONIFER*$L27,AVERAGE(BGB_RS_DECIDUOUS_a*($L27^BGB_RS_DECIDUOUS_b),BGB_RS_CONIFER*$L27)))) -> 10.986197 | O27: =IF($L27="","",$L27+$N27) -> 34.493627 | P27: =IF($O27="","",$O27*CARBON_FRACTION_BIOMASS) -> 17.246814 | Q27: =IF(AND($A27="",$C27=""),"",IF(AND($A27<>"",COUNTIF('1. Plot & Site Log'!$A$5:$A$64,$A27)=0),"Plot ID not in Plot & Site Log — this tree will not reach the summary. ","")&IF($A27="","No Plot ID. ","")&IF(AND($C27<>"",$F27=""),"Species not in the coefficient list — check the spelling against R1. ","")&IF($D27="","No DBH — nothing can be calculated. ","")&IF(AND($D27<>"",$D27>QC_DBH_MAX_CM),"DBH above "&QC_DBH_MAX_CM&" cm — check for a transcription error. ","")&IF($M27="All","Generic species: no published root:shoot applies, so below-ground biomass is the mean of the deciduous and conifer relationships. Choose a species, or Deciduous/Conifers, if you can. ","")&IF(AND($O27<>"",$O27>0,OR($N27/$O27<BGB_FRACTION_MIN,$N27/$O27>BGB_FRACTION_MAX)),"Below-ground share is "&TEXT($N27/$O27,"0%")&", outside the 18–30% the Trees guide describes. ",""))
A28: MR-02 | B28: 9 | C28: Balsam fir | D28: 11.2 | F28: =IF($C28="","",IFERROR(12+(MATCH($C28,'R1. Tree Coefficients'!$L$12:$L$53,0)-1)*4,"")) -> 24 | G28: =IF($F28="","",IF(AND($E28<>"",$E28>0),"DBH + height","DBH only")) -> DBH only | H28: =IF(OR($D28="",$F28=""),"",IF($E28>0,INDEX('R1. Tree Coefficients'!$F:$F,$F28+0)*($D28^INDEX('R1. Tree Coefficients'!$G:$G,$F28+0))*($E28^INDEX('R1. Tree Coefficients'!$H:$H,$F28+0)),INDEX('R1. Tree Coefficients'!$D:$D,$F28+0)*($D28^INDEX('R1. Tree Coefficients'!$E:$E,$F28+0)))) -> 17.734223 | I28: =IF(OR($D28="",$F28=""),"",IF($E28>0,INDEX('R1. Tree Coefficients'!$F:$F,$F28+1)*($D28^INDEX('R1. Tree Coefficients'!$G:$G,$F28+1))*($E28^INDEX('R1. Tree Coefficients'!$H:$H,$F28+1)),INDEX('R1. Tree Coefficients'!$D:$D,$F28+1)*($D28^INDEX('R1. Tree Coefficients'!$E:$E,$F28+1)))) -> 3.3471983 | J28: =IF(OR($D28="",$F28=""),"",IF($E28>0,INDEX('R1. Tree Coefficients'!$F:$F,$F28+2)*($D28^INDEX('R1. Tree Coefficients'!$G:$G,$F28+2))*($E28^INDEX('R1. Tree Coefficients'!$H:$H,$F28+2)),INDEX('R1. Tree Coefficients'!$D:$D,$F28+2)*($D28^INDEX('R1. Tree Coefficients'!$E:$E,$F28+2)))) -> 3.2414651 | K28: =IF(OR($D28="",$F28=""),"",IF($E28>0,INDEX('R1. Tree Coefficients'!$F:$F,$F28+3)*($D28^INDEX('R1. Tree Coefficients'!$G:$G,$F28+3))*($E28^INDEX('R1. Tree Coefficients'!$H:$H,$F28+3)),INDEX('R1. Tree Coefficients'!$D:$D,$F28+3)*($D28^INDEX('R1. Tree Coefficients'!$E:$E,$F28+3)))) -> 4.7418605 | L28: =IF($F28="","",IFERROR(SUM($H28:$K28),"")) -> 29.064747 | M28: =IF($F28="","",INDEX('R1. Tree Coefficients'!$J:$J,$F28)) -> Conifers | N28: =IF($L28="","",IF($M28="Deciduous",BGB_RS_DECIDUOUS_a*($L28^BGB_RS_DECIDUOUS_b),IF($M28="Conifers",BGB_RS_CONIFER*$L28,AVERAGE(BGB_RS_DECIDUOUS_a*($L28^BGB_RS_DECIDUOUS_b),BGB_RS_CONIFER*$L28)))) -> 6.4523738 | O28: =IF($L28="","",$L28+$N28) -> 35.517121 | P28: =IF($O28="","",$O28*CARBON_FRACTION_BIOMASS) -> 17.75856 | Q28: =IF(AND($A28="",$C28=""),"",IF(AND($A28<>"",COUNTIF('1. Plot & Site Log'!$A$5:$A$64,$A28)=0),"Plot ID not in Plot & Site Log — this tree will not reach the summary. ","")&IF($A28="","No Plot ID. ","")&IF(AND($C28<>"",$F28=""),"Species not in the coefficient list — check the spelling against R1. ","")&IF($D28="","No DBH — nothing can be calculated. ","")&IF(AND($D28<>"",$D28>QC_DBH_MAX_CM),"DBH above "&QC_DBH_MAX_CM&" cm — check for a transcription error. ","")&IF($M28="All","Generic species: no published root:shoot applies, so below-ground biomass is the mean of the deciduous and conifer relationships. Choose a species, or Deciduous/Conifers, if you can. ","")&IF(AND($O28<>"",$O28>0,OR($N28/$O28<BGB_FRACTION_MIN,$N28/$O28>BGB_FRACTION_MAX)),"Below-ground share is "&TEXT($N28/$O28,"0%")&", outside the 18–30% the Trees guide describes. ",""))
A29: MR-02 | B29: 10 | C29: White birch | D29: 24.6 | E29: 20.1 | F29: =IF($C29="","",IFERROR(12+(MATCH($C29,'R1. Tree Coefficients'!$L$12:$L$53,0)-1)*4,"")) -> 160 | G29: =IF($F29="","",IF(AND($E29<>"",$E29>0),"DBH + height","DBH only")) -> DBH + height | H29: =IF(OR($D29="",$F29=""),"",IF($E29>0,INDEX('R1. Tree Coefficients'!$F:$F,$F29+0)*($D29^INDEX('R1. Tree Coefficients'!$G:$G,$F29+0))*($E29^INDEX('R1. Tree Coefficients'!$H:$H,$F29+0)),INDEX('R1. Tree Coefficients'!$D:$D,$F29+0)*($D29^INDEX('R1. Tree Coefficients'!$E:$E,$F29+0)))) -> 200.61414 | I29: =IF(OR($D29="",$F29=""),"",IF($E29>0,INDEX('R1. Tree Coefficients'!$F:$F,$F29+1)*($D29^INDEX('R1. Tree Coefficients'!$G:$G,$F29+1))*($E29^INDEX('R1. Tree Coefficients'!$H:$H,$F29+1)),INDEX('R1. Tree Coefficients'!$D:$D,$F29+1)*($D29^INDEX('R1. Tree Coefficients'!$E:$E,$F29+1)))) -> 33.133537 | J29: =IF(OR($D29="",$F29=""),"",IF($E29>0,INDEX('R1. Tree Coefficients'!$F:$F,$F29+2)*($D29^INDEX('R1. Tree Coefficients'!$G:$G,$F29+2))*($E29^INDEX('R1. Tree Coefficients'!$H:$H,$F29+2)),INDEX('R1. Tree Coefficients'!$D:$D,$F29+2)*($D29^INDEX('R1. Tree Coefficients'!$E:$E,$F29+2)))) -> 40.121468 | K29: =IF(OR($D29="",$F29=""),"",IF($E29>0,INDEX('R1. Tree Coefficients'!$F:$F,$F29+3)*($D29^INDEX('R1. Tree Coefficients'!$G:$G,$F29+3))*($E29^INDEX('R1. Tree Coefficients'!$H:$H,$F29+3)),INDEX('R1. Tree Coefficients'!$D:$D,$F29+3)*($D29^INDEX('R1. Tree Coefficients'!$E:$E,$F29+3)))) -> 8.0358948 | L29: =IF($F29="","",IFERROR(SUM($H29:$K29),"")) -> 281.90503 | M29: =IF($F29="","",INDEX('R1. Tree Coefficients'!$J:$J,$F29)) -> Deciduous | N29: =IF($L29="","",IF($M29="Deciduous",BGB_RS_DECIDUOUS_a*($L29^BGB_RS_DECIDUOUS_b),IF($M29="Conifers",BGB_RS_CONIFER*$L29,AVERAGE(BGB_RS_DECIDUOUS_a*($L29^BGB_RS_DECIDUOUS_b),BGB_RS_CONIFER*$L29)))) -> 50.625515 | O29: =IF($L29="","",$L29+$N29) -> 332.53055 | P29: =IF($O29="","",$O29*CARBON_FRACTION_BIOMASS) -> 166.26527 | Q29: =IF(AND($A29="",$C29=""),"",IF(AND($A29<>"",COUNTIF('1. Plot & Site Log'!$A$5:$A$64,$A29)=0),"Plot ID not in Plot & Site Log — this tree will not reach the summary. ","")&IF($A29="","No Plot ID. ","")&IF(AND($C29<>"",$F29=""),"Species not in the coefficient list — check the spelling against R1. ","")&IF($D29="","No DBH — nothing can be calculated. ","")&IF(AND($D29<>"",$D29>QC_DBH_MAX_CM),"DBH above "&QC_DBH_MAX_CM&" cm — check for a transcription error. ","")&IF($M29="All","Generic species: no published root:shoot applies, so below-ground biomass is the mean of the deciduous and conifer relationships. Choose a species, or Deciduous/Conifers, if you can. ","")&IF(AND($O29<>"",$O29>0,OR($N29/$O29<BGB_FRACTION_MIN,$N29/$O29>BGB_FRACTION_MAX)),"Below-ground share is "&TEXT($N29/$O29,"0%")&", outside the 18–30% the Trees guide describes. ",""))
A30: MR-02 | B30: 11 | C30: Trembling aspen | D30: 8.6 | F30: =IF($C30="","",IFERROR(12+(MATCH($C30,'R1. Tree Coefficients'!$L$12:$L$53,0)-1)*4,"")) -> 144 | G30: =IF($F30="","",IF(AND($E30<>"",$E30>0),"DBH + height","DBH only")) -> DBH only | H30: =IF(OR($D30="",$F30=""),"",IF($E30>0,INDEX('R1. Tree Coefficients'!$F:$F,$F30+0)*($D30^INDEX('R1. Tree Coefficients'!$G:$G,$F30+0))*($E30^INDEX('R1. Tree Coefficients'!$H:$H,$F30+0)),INDEX('R1. Tree Coefficients'!$D:$D,$F30+0)*($D30^INDEX('R1. Tree Coefficients'!$E:$E,$F30+0)))) -> 12.456198 | I30: =IF(OR($D30="",$F30=""),"",IF($E30>0,INDEX('R1. Tree Coefficients'!$F:$F,$F30+1)*($D30^INDEX('R1. Tree Coefficients'!$G:$G,$F30+1))*($E30^INDEX('R1. Tree Coefficients'!$H:$H,$F30+1)),INDEX('R1. Tree Coefficients'!$D:$D,$F30+1)*($D30^INDEX('R1. Tree Coefficients'!$E:$E,$F30+1)))) -> 2.8555366 | J30: =IF(OR($D30="",$F30=""),"",IF($E30>0,INDEX('R1. Tree Coefficients'!$F:$F,$F30+2)*($D30^INDEX('R1. Tree Coefficients'!$G:$G,$F30+2))*($E30^INDEX('R1. Tree Coefficients'!$H:$H,$F30+2)),INDEX('R1. Tree Coefficients'!$D:$D,$F30+2)*($D30^INDEX('R1. Tree Coefficients'!$E:$E,$F30+2)))) -> 1.8325233 | K30: =IF(OR($D30="",$F30=""),"",IF($E30>0,INDEX('R1. Tree Coefficients'!$F:$F,$F30+3)*($D30^INDEX('R1. Tree Coefficients'!$G:$G,$F30+3))*($E30^INDEX('R1. Tree Coefficients'!$H:$H,$F30+3)),INDEX('R1. Tree Coefficients'!$D:$D,$F30+3)*($D30^INDEX('R1. Tree Coefficients'!$E:$E,$F30+3)))) -> 0.84638602 | L30: =IF($F30="","",IFERROR(SUM($H30:$K30),"")) -> 17.990644 | M30: =IF($F30="","",INDEX('R1. Tree Coefficients'!$J:$J,$F30)) -> Deciduous | N30: =IF($L30="","",IF($M30="Deciduous",BGB_RS_DECIDUOUS_a*($L30^BGB_RS_DECIDUOUS_b),IF($M30="Conifers",BGB_RS_CONIFER*$L30,AVERAGE(BGB_RS_DECIDUOUS_a*($L30^BGB_RS_DECIDUOUS_b),BGB_RS_CONIFER*$L30)))) -> 9.3198718 | O30: =IF($L30="","",$L30+$N30) -> 27.310516 | P30: =IF($O30="","",$O30*CARBON_FRACTION_BIOMASS) -> 13.655258 | Q30: =IF(AND($A30="",$C30=""),"",IF(AND($A30<>"",COUNTIF('1. Plot & Site Log'!$A$5:$A$64,$A30)=0),"Plot ID not in Plot & Site Log — this tree will not reach the summary. ","")&IF($A30="","No Plot ID. ","")&IF(AND($C30<>"",$F30=""),"Species not in the coefficient list — check the spelling against R1. ","")&IF($D30="","No DBH — nothing can be calculated. ","")&IF(AND($D30<>"",$D30>QC_DBH_MAX_CM),"DBH above "&QC_DBH_MAX_CM&" cm — check for a transcription error. ","")&IF($M30="All","Generic species: no published root:shoot applies, so below-ground biomass is the mean of the deciduous and conifer relationships. Choose a species, or Deciduous/Conifers, if you can. ","")&IF(AND($O30<>"",$O30>0,OR($N30/$O30<BGB_FRACTION_MIN,$N30/$O30>BGB_FRACTION_MAX)),"Below-ground share is "&TEXT($N30/$O30,"0%")&", outside the 18–30% the Trees guide describes. ",""))
A31: MR-02 | B31: 12 | C31: Trembling aspen | D31: 36.9 | F31: =IF($C31="","",IFERROR(12+(MATCH($C31,'R1. Tree Coefficients'!$L$12:$L$53,0)-1)*4,"")) -> 144 | G31: =IF($F31="","",IF(AND($E31<>"",$E31>0),"DBH + height","DBH only")) -> DBH only | H31: =IF(OR($D31="",$F31=""),"",IF($E31>0,INDEX('R1. Tree Coefficients'!$F:$F,$F31+0)*($D31^INDEX('R1. Tree Coefficients'!$G:$G,$F31+0))*($E31^INDEX('R1. Tree Coefficients'!$H:$H,$F31+0)),INDEX('R1. Tree Coefficients'!$D:$D,$F31+0)*($D31^INDEX('R1. Tree Coefficients'!$E:$E,$F31+0)))) -> 457.02851 | I31: =IF(OR($D31="",$F31=""),"",IF($E31>0,INDEX('R1. Tree Coefficients'!$F:$F,$F31+1)*($D31^INDEX('R1. Tree Coefficients'!$G:$G,$F31+1))*($E31^INDEX('R1. Tree Coefficients'!$H:$H,$F31+1)),INDEX('R1. Tree Coefficients'!$D:$D,$F31+1)*($D31^INDEX('R1. Tree Coefficients'!$E:$E,$F31+1)))) -> 95.837357 | J31: =IF(OR($D31="",$F31=""),"",IF($E31>0,INDEX('R1. Tree Coefficients'!$F:$F,$F31+2)*($D31^INDEX('R1. Tree Coefficients'!$G:$G,$F31+2))*($E31^INDEX('R1. Tree Coefficients'!$H:$H,$F31+2)),INDEX('R1. Tree Coefficients'!$D:$D,$F31+2)*($D31^INDEX('R1. Tree Coefficients'!$E:$E,$F31+2)))) -> 71.311806 | K31: =IF(OR($D31="",$F31=""),"",IF($E31>0,INDEX('R1. Tree Coefficients'!$F:$F,$F31+3)*($D31^INDEX('R1. Tree Coefficients'!$G:$G,$F31+3))*($E31^INDEX('R1. Tree Coefficients'!$H:$H,$F31+3)),INDEX('R1. Tree Coefficients'!$D:$D,$F31+3)*($D31^INDEX('R1. Tree Coefficients'!$E:$E,$F31+3)))) -> 9.5742988 | L31: =IF($F31="","",IFERROR(SUM($H31:$K31),"")) -> 633.75197 | M31: =IF($F31="","",INDEX('R1. Tree Coefficients'!$J:$J,$F31)) -> Deciduous | N31: =IF($L31="","",IF($M31="Deciduous",BGB_RS_DECIDUOUS_a*($L31^BGB_RS_DECIDUOUS_b),IF($M31="Conifers",BGB_RS_CONIFER*$L31,AVERAGE(BGB_RS_DECIDUOUS_a*($L31^BGB_RS_DECIDUOUS_b),BGB_RS_CONIFER*$L31)))) -> 83.317571 | O31: =IF($L31="","",$L31+$N31) -> 717.06955 | P31: =IF($O31="","",$O31*CARBON_FRACTION_BIOMASS) -> 358.53477 | Q31: =IF(AND($A31="",$C31=""),"",IF(AND($A31<>"",COUNTIF('1. Plot & Site Log'!$A$5:$A$64,$A31)=0),"Plot ID not in Plot & Site Log — this tree will not reach the summary. ","")&IF($A31="","No Plot ID. ","")&IF(AND($C31<>"",$F31=""),"Species not in the coefficient list — check the spelling against R1. ","")&IF($D31="","No DBH — nothing can be calculated. ","")&IF(AND($D31<>"",$D31>QC_DBH_MAX_CM),"DBH above "&QC_DBH_MAX_CM&" cm — check for a transcription error. ","")&IF($M31="All","Generic species: no published root:shoot applies, so below-ground biomass is the mean of the deciduous and conifer relationships. Choose a species, or Deciduous/Conifers, if you can. ","")&IF(AND($O31<>"",$O31>0,OR($N31/$O31<BGB_FRACTION_MIN,$N31/$O31>BGB_FRACTION_MAX)),"Below-ground share is "&TEXT($N31/$O31,"0%")&", outside the 18–30% the Trees guide describes. ",""))
A32: MR-02 | B32: 13 | C32: White spruce | D32: 9 | E32: 13.9 | F32: =IF($C32="","",IFERROR(12+(MATCH($C32,'R1. Tree Coefficients'!$L$12:$L$53,0)-1)*4,"")) -> 172 | G32: =IF($F32="","",IF(AND($E32<>"",$E32>0),"DBH + height","DBH only")) -> DBH + height | H32: =IF(OR($D32="",$F32=""),"",IF($E32>0,INDEX('R1. Tree Coefficients'!$F:$F,$F32+0)*($D32^INDEX('R1. Tree Coefficients'!$G:$G,$F32+0))*($E32^INDEX('R1. Tree Coefficients'!$H:$H,$F32+0)),INDEX('R1. Tree Coefficients'!$D:$D,$F32+0)*($D32^INDEX('R1. Tree Coefficients'!$E:$E,$F32+0)))) -> 17.672366 | I32: =IF(OR($D32="",$F32=""),"",IF($E32>0,INDEX('R1. Tree Coefficients'!$F:$F,$F32+1)*($D32^INDEX('R1. Tree Coefficients'!$G:$G,$F32+1))*($E32^INDEX('R1. Tree Coefficients'!$H:$H,$F32+1)),INDEX('R1. Tree Coefficients'!$D:$D,$F32+1)*($D32^INDEX('R1. Tree Coefficients'!$E:$E,$F32+1)))) -> 2.7546558 | J32: =IF(OR($D32="",$F32=""),"",IF($E32>0,INDEX('R1. Tree Coefficients'!$F:$F,$F32+2)*($D32^INDEX('R1. Tree Coefficients'!$G:$G,$F32+2))*($E32^INDEX('R1. Tree Coefficients'!$H:$H,$F32+2)),INDEX('R1. Tree Coefficients'!$D:$D,$F32+2)*($D32^INDEX('R1. Tree Coefficients'!$E:$E,$F32+2)))) -> 1.6577578 | K32: =IF(OR($D32="",$F32=""),"",IF($E32>0,INDEX('R1. Tree Coefficients'!$F:$F,$F32+3)*($D32^INDEX('R1. Tree Coefficients'!$G:$G,$F32+3))*($E32^INDEX('R1. Tree Coefficients'!$H:$H,$F32+3)),INDEX('R1. Tree Coefficients'!$D:$D,$F32+3)*($D32^INDEX('R1. Tree Coefficients'!$E:$E,$F32+3)))) -> 2.067645 | L32: =IF($F32="","",IFERROR(SUM($H32:$K32),"")) -> 24.152425 | M32: =IF($F32="","",INDEX('R1. Tree Coefficients'!$J:$J,$F32)) -> Conifers | N32: =IF($L32="","",IF($M32="Deciduous",BGB_RS_DECIDUOUS_a*($L32^BGB_RS_DECIDUOUS_b),IF($M32="Conifers",BGB_RS_CONIFER*$L32,AVERAGE(BGB_RS_DECIDUOUS_a*($L32^BGB_RS_DECIDUOUS_b),BGB_RS_CONIFER*$L32)))) -> 5.3618383 | O32: =IF($L32="","",$L32+$N32) -> 29.514263 | P32: =IF($O32="","",$O32*CARBON_FRACTION_BIOMASS) -> 14.757132 | Q32: =IF(AND($A32="",$C32=""),"",IF(AND($A32<>"",COUNTIF('1. Plot & Site Log'!$A$5:$A$64,$A32)=0),"Plot ID not in Plot & Site Log — this tree will not reach the summary. ","")&IF($A32="","No Plot ID. ","")&IF(AND($C32<>"",$F32=""),"Species not in the coefficient list — check the spelling against R1. ","")&IF($D32="","No DBH — nothing can be calculated. ","")&IF(AND($D32<>"",$D32>QC_DBH_MAX_CM),"DBH above "&QC_DBH_MAX_CM&" cm — check for a transcription error. ","")&IF($M32="All","Generic species: no published root:shoot applies, so below-ground biomass is the mean of the deciduous and conifer relationships. Choose a species, or Deciduous/Conifers, if you can. ","")&IF(AND($O32<>"",$O32>0,OR($N32/$O32<BGB_FRACTION_MIN,$N32/$O32>BGB_FRACTION_MAX)),"Below-ground share is "&TEXT($N32/$O32,"0%")&", outside the 18–30% the Trees guide describes. ",""))
A33: MR-02 | B33: 14 | C33: Trembling aspen | D33: 38 | F33: =IF($C33="","",IFERROR(12+(MATCH($C33,'R1. Tree Coefficients'!$L$12:$L$53,0)-1)*4,"")) -> 144 | G33: =IF($F33="","",IF(AND($E33<>"",$E33>0),"DBH + height","DBH only")) -> DBH only | H33: =IF(OR($D33="",$F33=""),"",IF($E33>0,INDEX('R1. Tree Coefficients'!$F:$F,$F33+0)*($D33^INDEX('R1. Tree Coefficients'!$G:$G,$F33+0))*($E33^INDEX('R1. Tree Coefficients'!$H:$H,$F33+0)),INDEX('R1. Tree Coefficients'!$D:$D,$F33+0)*($D33^INDEX('R1. Tree Coefficients'!$E:$E,$F33+0)))) -> 491.47146 | I33: =IF(OR($D33="",$F33=""),"",IF($E33>0,INDEX('R1. Tree Coefficients'!$F:$F,$F33+1)*($D33^INDEX('R1. Tree Coefficients'!$G:$G,$F33+1))*($E33^INDEX('R1. Tree Coefficients'!$H:$H,$F33+1)),INDEX('R1. Tree Coefficients'!$D:$D,$F33+1)*($D33^INDEX('R1. Tree Coefficients'!$E:$E,$F33+1)))) -> 102.87482 | J33: =IF(OR($D33="",$F33=""),"",IF($E33>0,INDEX('R1. Tree Coefficients'!$F:$F,$F33+2)*($D33^INDEX('R1. Tree Coefficients'!$G:$G,$F33+2))*($E33^INDEX('R1. Tree Coefficients'!$H:$H,$F33+2)),INDEX('R1. Tree Coefficients'!$D:$D,$F33+2)*($D33^INDEX('R1. Tree Coefficients'!$E:$E,$F33+2)))) -> 76.777123 | K33: =IF(OR($D33="",$F33=""),"",IF($E33>0,INDEX('R1. Tree Coefficients'!$F:$F,$F33+3)*($D33^INDEX('R1. Tree Coefficients'!$G:$G,$F33+3))*($E33^INDEX('R1. Tree Coefficients'!$H:$H,$F33+3)),INDEX('R1. Tree Coefficients'!$D:$D,$F33+3)*($D33^INDEX('R1. Tree Coefficients'!$E:$E,$F33+3)))) -> 10.054383 | L33: =IF($F33="","",IFERROR(SUM($H33:$K33),"")) -> 681.17779 | M33: =IF($F33="","",INDEX('R1. Tree Coefficients'!$J:$J,$F33)) -> Deciduous | N33: =IF($L33="","",IF($M33="Deciduous",BGB_RS_DECIDUOUS_a*($L33^BGB_RS_DECIDUOUS_b),IF($M33="Conifers",BGB_RS_CONIFER*$L33,AVERAGE(BGB_RS_DECIDUOUS_a*($L33^BGB_RS_DECIDUOUS_b),BGB_RS_CONIFER*$L33)))) -> 87.098647 | O33: =IF($L33="","",$L33+$N33) -> 768.27644 | P33: =IF($O33="","",$O33*CARBON_FRACTION_BIOMASS) -> 384.13822 | Q33: =IF(AND($A33="",$C33=""),"",IF(AND($A33<>"",COUNTIF('1. Plot & Site Log'!$A$5:$A$64,$A33)=0),"Plot ID not in Plot & Site Log — this tree will not reach the summary. ","")&IF($A33="","No Plot ID. ","")&IF(AND($C33<>"",$F33=""),"Species not in the coefficient list — check the spelling against R1. ","")&IF($D33="","No DBH — nothing can be calculated. ","")&IF(AND($D33<>"",$D33>QC_DBH_MAX_CM),"DBH above "&QC_DBH_MAX_CM&" cm — check for a transcription error. ","")&IF($M33="All","Generic species: no published root:shoot applies, so below-ground biomass is the mean of the deciduous and conifer relationships. Choose a species, or Deciduous/Conifers, if you can. ","")&IF(AND($O33<>"",$O33>0,OR($N33/$O33<BGB_FRACTION_MIN,$N33/$O33>BGB_FRACTION_MAX)),"Below-ground share is "&TEXT($N33/$O33,"0%")&", outside the 18–30% the Trees guide describes. ",""))
A34: MR-02 | B34: 15 | C34: White birch | D34: 10.4 | F34: =IF($C34="","",IFERROR(12+(MATCH($C34,'R1. Tree Coefficients'!$L$12:$L$53,0)-1)*4,"")) -> 160 | G34: =IF($F34="","",IF(AND($E34<>"",$E34>0),"DBH + height","DBH only")) -> DBH only | H34: =IF(OR($D34="",$F34=""),"",IF($E34>0,INDEX('R1. Tree Coefficients'!$F:$F,$F34+0)*($D34^INDEX('R1. Tree Coefficients'!$G:$G,$F34+0))*($E34^INDEX('R1. Tree Coefficients'!$H:$H,$F34+0)),INDEX('R1. Tree Coefficients'!$D:$D,$F34+0)*($D34^INDEX('R1. Tree Coefficients'!$E:$E,$F34+0)))) -> 20.86654 | I34: =IF(OR($D34="",$F34=""),"",IF($E34>0,INDEX('R1. Tree Coefficients'!$F:$F,$F34+1)*($D34^INDEX('R1. Tree Coefficients'!$G:$G,$F34+1))*($E34^INDEX('R1. Tree Coefficients'!$H:$H,$F34+1)),INDEX('R1. Tree Coefficients'!$D:$D,$F34+1)*($D34^INDEX('R1. Tree Coefficients'!$E:$E,$F34+1)))) -> 3.7946952 | J34: =IF(OR($D34="",$F34=""),"",IF($E34>0,INDEX('R1. Tree Coefficients'!$F:$F,$F34+2)*($D34^INDEX('R1. Tree Coefficients'!$G:$G,$F34+2))*($E34^INDEX('R1. Tree Coefficients'!$H:$H,$F34+2)),INDEX('R1. Tree Coefficients'!$D:$D,$F34+2)*($D34^INDEX('R1. Tree Coefficients'!$E:$E,$F34+2)))) -> 5.4073856 | K34: =IF(OR($D34="",$F34=""),"",IF($E34>0,INDEX('R1. Tree Coefficients'!$F:$F,$F34+3)*($D34^INDEX('R1. Tree Coefficients'!$G:$G,$F34+3))*($E34^INDEX('R1. Tree Coefficients'!$H:$H,$F34+3)),INDEX('R1. Tree Coefficients'!$D:$D,$F34+3)*($D34^INDEX('R1. Tree Coefficients'!$E:$E,$F34+3)))) -> 2.5264002 | L34: =IF($F34="","",IFERROR(SUM($H34:$K34),"")) -> 32.595021 | M34: =IF($F34="","",INDEX('R1. Tree Coefficients'!$J:$J,$F34)) -> Deciduous | N34: =IF($L34="","",IF($M34="Deciduous",BGB_RS_DECIDUOUS_a*($L34^BGB_RS_DECIDUOUS_b),IF($M34="Conifers",BGB_RS_CONIFER*$L34,AVERAGE(BGB_RS_DECIDUOUS_a*($L34^BGB_RS_DECIDUOUS_b),BGB_RS_CONIFER*$L34)))) -> 13.43211 | O34: =IF($L34="","",$L34+$N34) -> 46.027131 | P34: =IF($O34="","",$O34*CARBON_FRACTION_BIOMASS) -> 23.013566 | Q34: =IF(AND($A34="",$C34=""),"",IF(AND($A34<>"",COUNTIF('1. Plot & Site Log'!$A$5:$A$64,$A34)=0),"Plot ID not in Plot & Site Log — this tree will not reach the summary. ","")&IF($A34="","No Plot ID. ","")&IF(AND($C34<>"",$F34=""),"Species not in the coefficient list — check the spelling against R1. ","")&IF($D34="","No DBH — nothing can be calculated. ","")&IF(AND($D34<>"",$D34>QC_DBH_MAX_CM),"DBH above "&QC_DBH_MAX_CM&" cm — check for a transcription error. ","")&IF($M34="All","Generic species: no published root:shoot applies, so below-ground biomass is the mean of the deciduous and conifer relationships. Choose a species, or Deciduous/Conifers, if you can. ","")&IF(AND($O34<>"",$O34>0,OR($N34/$O34<BGB_FRACTION_MIN,$N34/$O34>BGB_FRACTION_MAX)),"Below-ground share is "&TEXT($N34/$O34,"0%")&", outside the 18–30% the Trees guide describes. ",""))
A35: MR-03 | B35: 1 | C35: Jack pine | D35: 28.1 | E35: 20.7 | F35: =IF($C35="","",IFERROR(12+(MATCH($C35,'R1. Tree Coefficients'!$L$12:$L$53,0)-1)*4,"")) -> 84 | G35: =IF($F35="","",IF(AND($E35<>"",$E35>0),"DBH + height","DBH only")) -> DBH + height | H35: =IF(OR($D35="",$F35=""),"",IF($E35>0,INDEX('R1. Tree Coefficients'!$F:$F,$F35+0)*($D35^INDEX('R1. Tree Coefficients'!$G:$G,$F35+0))*($E35^INDEX('R1. Tree Coefficients'!$H:$H,$F35+0)),INDEX('R1. Tree Coefficients'!$D:$D,$F35+0)*($D35^INDEX('R1. Tree Coefficients'!$E:$E,$F35+0)))) -> 242.03413 | I35: =IF(OR($D35="",$F35=""),"",IF($E35>0,INDEX('R1. Tree Coefficients'!$F:$F,$F35+1)*($D35^INDEX('R1. Tree Coefficients'!$G:$G,$F35+1))*($E35^INDEX('R1. Tree Coefficients'!$H:$H,$F35+1)),INDEX('R1. Tree Coefficients'!$D:$D,$F35+1)*($D35^INDEX('R1. Tree Coefficients'!$E:$E,$F35+1)))) -> 17.79113 | J35: =IF(OR($D35="",$F35=""),"",IF($E35>0,INDEX('R1. Tree Coefficients'!$F:$F,$F35+2)*($D35^INDEX('R1. Tree Coefficients'!$G:$G,$F35+2))*($E35^INDEX('R1. Tree Coefficients'!$H:$H,$F35+2)),INDEX('R1. Tree Coefficients'!$D:$D,$F35+2)*($D35^INDEX('R1. Tree Coefficients'!$E:$E,$F35+2)))) -> 25.476434 | K35: =IF(OR($D35="",$F35=""),"",IF($E35>0,INDEX('R1. Tree Coefficients'!$F:$F,$F35+3)*($D35^INDEX('R1. Tree Coefficients'!$G:$G,$F35+3))*($E35^INDEX('R1. Tree Coefficients'!$H:$H,$F35+3)),INDEX('R1. Tree Coefficients'!$D:$D,$F35+3)*($D35^INDEX('R1. Tree Coefficients'!$E:$E,$F35+3)))) -> 12.648103 | L35: =IF($F35="","",IFERROR(SUM($H35:$K35),"")) -> 297.9498 | M35: =IF($F35="","",INDEX('R1. Tree Coefficients'!$J:$J,$F35)) -> Conifers | N35: =IF($L35="","",IF($M35="Deciduous",BGB_RS_DECIDUOUS_a*($L35^BGB_RS_DECIDUOUS_b),IF($M35="Conifers",BGB_RS_CONIFER*$L35,AVERAGE(BGB_RS_DECIDUOUS_a*($L35^BGB_RS_DECIDUOUS_b),BGB_RS_CONIFER*$L35)))) -> 66.144856 | O35: =IF($L35="","",$L35+$N35) -> 364.09466 | P35: =IF($O35="","",$O35*CARBON_FRACTION_BIOMASS) -> 182.04733 | Q35: =IF(AND($A35="",$C35=""),"",IF(AND($A35<>"",COUNTIF('1. Plot & Site Log'!$A$5:$A$64,$A35)=0),"Plot ID not in Plot & Site Log — this tree will not reach the summary. ","")&IF($A35="","No Plot ID. ","")&IF(AND($C35<>"",$F35=""),"Species not in the coefficient list — check the spelling against R1. ","")&IF($D35="","No DBH — nothing can be calculated. ","")&IF(AND($D35<>"",$D35>QC_DBH_MAX_CM),"DBH above "&QC_DBH_MAX_CM&" cm — check for a transcription error. ","")&IF($M35="All","Generic species: no published root:shoot applies, so below-ground biomass is the mean of the deciduous and conifer relationships. Choose a species, or Deciduous/Conifers, if you can. ","")&IF(AND($O35<>"",$O35>0,OR($N35/$O35<BGB_FRACTION_MIN,$N35/$O35>BGB_FRACTION_MAX)),"Below-ground share is "&TEXT($N35/$O35,"0%")&", outside the 18–30% the Trees guide describes. ",""))
A36: MR-03 | B36: 2 | C36: White birch | D36: 21.5 | F36: =IF($C36="","",IFERROR(12+(MATCH($C36,'R1. Tree Coefficients'!$L$12:$L$53,0)-1)*4,"")) -> 160 | G36: =IF($F36="","",IF(AND($E36<>"",$E36>0),"DBH + height","DBH only")) -> DBH only | H36: =IF(OR($D36="",$F36=""),"",IF($E36>0,INDEX('R1. Tree Coefficients'!$F:$F,$F36+0)*($D36^INDEX('R1. Tree Coefficients'!$G:$G,$F36+0))*($E36^INDEX('R1. Tree Coefficients'!$H:$H,$F36+0)),INDEX('R1. Tree Coefficients'!$D:$D,$F36+0)*($D36^INDEX('R1. Tree Coefficients'!$E:$E,$F36+0)))) -> 127.84098 | I36: =IF(OR($D36="",$F36=""),"",IF($E36>0,INDEX('R1. Tree Coefficients'!$F:$F,$F36+1)*($D36^INDEX('R1. Tree Coefficients'!$G:$G,$F36+1))*($E36^INDEX('R1. Tree Coefficients'!$H:$H,$F36+1)),INDEX('R1. Tree Coefficients'!$D:$D,$F36+1)*($D36^INDEX('R1. Tree Coefficients'!$E:$E,$F36+1)))) -> 21.563565 | J36: =IF(OR($D36="",$F36=""),"",IF($E36>0,INDEX('R1. Tree Coefficients'!$F:$F,$F36+2)*($D36^INDEX('R1. Tree Coefficients'!$G:$G,$F36+2))*($E36^INDEX('R1. Tree Coefficients'!$H:$H,$F36+2)),INDEX('R1. Tree Coefficients'!$D:$D,$F36+2)*($D36^INDEX('R1. Tree Coefficients'!$E:$E,$F36+2)))) -> 33.780015 | K36: =IF(OR($D36="",$F36=""),"",IF($E36>0,INDEX('R1. Tree Coefficients'!$F:$F,$F36+3)*($D36^INDEX('R1. Tree Coefficients'!$G:$G,$F36+3))*($E36^INDEX('R1. Tree Coefficients'!$H:$H,$F36+3)),INDEX('R1. Tree Coefficients'!$D:$D,$F36+3)*($D36^INDEX('R1. Tree Coefficients'!$E:$E,$F36+3)))) -> 8.0962851 | L36: =IF($F36="","",IFERROR(SUM($H36:$K36),"")) -> 191.28085 | M36: =IF($F36="","",INDEX('R1. Tree Coefficients'!$J:$J,$F36)) -> Deciduous | N36: =IF($L36="","",IF($M36="Deciduous",BGB_RS_DECIDUOUS_a*($L36^BGB_RS_DECIDUOUS_b),IF($M36="Conifers",BGB_RS_CONIFER*$L36,AVERAGE(BGB_RS_DECIDUOUS_a*($L36^BGB_RS_DECIDUOUS_b),BGB_RS_CONIFER*$L36)))) -> 39.882665 | O36: =IF($L36="","",$L36+$N36) -> 231.16351 | P36: =IF($O36="","",$O36*CARBON_FRACTION_BIOMASS) -> 115.58176 | Q36: =IF(AND($A36="",$C36=""),"",IF(AND($A36<>"",COUNTIF('1. Plot & Site Log'!$A$5:$A$64,$A36)=0),"Plot ID not in Plot & Site Log — this tree will not reach the summary. ","")&IF($A36="","No Plot ID. ","")&IF(AND($C36<>"",$F36=""),"Species not in the coefficient list — check the spelling against R1. ","")&IF($D36="","No DBH — nothing can be calculated. ","")&IF(AND($D36<>"",$D36>QC_DBH_MAX_CM),"DBH above "&QC_DBH_MAX_CM&" cm — check for a transcription error. ","")&IF($M36="All","Generic species: no published root:shoot applies, so below-ground biomass is the mean of the deciduous and conifer relationships. Choose a species, or Deciduous/Conifers, if you can. ","")&IF(AND($O36<>"",$O36>0,OR($N36/$O36<BGB_FRACTION_MIN,$N36/$O36>BGB_FRACTION_MAX)),"Below-ground share is "&TEXT($N36/$O36,"0%")&", outside the 18–30% the Trees guide describes. ",""))
A37: MR-03 | B37: 3 | C37: Trembling aspen | D37: 25.3 | F37: =IF($C37="","",IFERROR(12+(MATCH($C37,'R1. Tree Coefficients'!$L$12:$L$53,0)-1)*4,"")) -> 144 | G37: =IF($F37="","",IF(AND($E37<>"",$E37>0),"DBH + height","DBH only")) -> DBH only | H37: =IF(OR($D37="",$F37=""),"",IF($E37>0,INDEX('R1. Tree Coefficients'!$F:$F,$F37+0)*($D37^INDEX('R1. Tree Coefficients'!$G:$G,$F37+0))*($E37^INDEX('R1. Tree Coefficients'!$H:$H,$F37+0)),INDEX('R1. Tree Coefficients'!$D:$D,$F37+0)*($D37^INDEX('R1. Tree Coefficients'!$E:$E,$F37+0)))) -> 179.68929 | I37: =IF(OR($D37="",$F37=""),"",IF($E37>0,INDEX('R1. Tree Coefficients'!$F:$F,$F37+1)*($D37^INDEX('R1. Tree Coefficients'!$G:$G,$F37+1))*($E37^INDEX('R1. Tree Coefficients'!$H:$H,$F37+1)),INDEX('R1. Tree Coefficients'!$D:$D,$F37+1)*($D37^INDEX('R1. Tree Coefficients'!$E:$E,$F37+1)))) -> 38.560687 | J37: =IF(OR($D37="",$F37=""),"",IF($E37>0,INDEX('R1. Tree Coefficients'!$F:$F,$F37+2)*($D37^INDEX('R1. Tree Coefficients'!$G:$G,$F37+2))*($E37^INDEX('R1. Tree Coefficients'!$H:$H,$F37+2)),INDEX('R1. Tree Coefficients'!$D:$D,$F37+2)*($D37^INDEX('R1. Tree Coefficients'!$E:$E,$F37+2)))) -> 27.613314 | K37: =IF(OR($D37="",$F37=""),"",IF($E37>0,INDEX('R1. Tree Coefficients'!$F:$F,$F37+3)*($D37^INDEX('R1. Tree Coefficients'!$G:$G,$F37+3))*($E37^INDEX('R1. Tree Coefficients'!$H:$H,$F37+3)),INDEX('R1. Tree Coefficients'!$D:$D,$F37+3)*($D37^INDEX('R1. Tree Coefficients'!$E:$E,$F37+3)))) -> 5.1062891 | L37: =IF($F37="","",IFERROR(SUM($H37:$K37),"")) -> 250.96958 | M37: =IF($F37="","",INDEX('R1. Tree Coefficients'!$J:$J,$F37)) -> Deciduous | N37: =IF($L37="","",IF($M37="Deciduous",BGB_RS_DECIDUOUS_a*($L37^BGB_RS_DECIDUOUS_b),IF($M37="Conifers",BGB_RS_CONIFER*$L37,AVERAGE(BGB_RS_DECIDUOUS_a*($L37^BGB_RS_DECIDUOUS_b),BGB_RS_CONIFER*$L37)))) -> 47.132793 | O37: =IF($L37="","",$L37+$N37) -> 298.10237 | P37: =IF($O37="","",$O37*CARBON_FRACTION_BIOMASS) -> 149.05119 | Q37: =IF(AND($A37="",$C37=""),"",IF(AND($A37<>"",COUNTIF('1. Plot & Site Log'!$A$5:$A$64,$A37)=0),"Plot ID not in Plot & Site Log — this tree will not reach the summary. ","")&IF($A37="","No Plot ID. ","")&IF(AND($C37<>"",$F37=""),"Species not in the coefficient list — check the spelling against R1. ","")&IF($D37="","No DBH — nothing can be calculated. ","")&IF(AND($D37<>"",$D37>QC_DBH_MAX_CM),"DBH above "&QC_DBH_MAX_CM&" cm — check for a transcription error. ","")&IF($M37="All","Generic species: no published root:shoot applies, so below-ground biomass is the mean of the deciduous and conifer relationships. Choose a species, or Deciduous/Conifers, if you can. ","")&IF(AND($O37<>"",$O37>0,OR($N37/$O37<BGB_FRACTION_MIN,$N37/$O37>BGB_FRACTION_MAX)),"Below-ground share is "&TEXT($N37/$O37,"0%")&", outside the 18–30% the Trees guide describes. ",""))
A38: MR-03 | B38: 4 | C38: White birch | D38: 22.7 | E38: 19.6 | F38: =IF($C38="","",IFERROR(12+(MATCH($C38,'R1. Tree Coefficients'!$L$12:$L$53,0)-1)*4,"")) -> 160 | G38: =IF($F38="","",IF(AND($E38<>"",$E38>0),"DBH + height","DBH only")) -> DBH + height | H38: =IF(OR($D38="",$F38=""),"",IF($E38>0,INDEX('R1. Tree Coefficients'!$F:$F,$F38+0)*($D38^INDEX('R1. Tree Coefficients'!$G:$G,$F38+0))*($E38^INDEX('R1. Tree Coefficients'!$H:$H,$F38+0)),INDEX('R1. Tree Coefficients'!$D:$D,$F38+0)*($D38^INDEX('R1. Tree Coefficients'!$E:$E,$F38+0)))) -> 166.84762 | I38: =IF(OR($D38="",$F38=""),"",IF($E38>0,INDEX('R1. Tree Coefficients'!$F:$F,$F38+1)*($D38^INDEX('R1. Tree Coefficients'!$G:$G,$F38+1))*($E38^INDEX('R1. Tree Coefficients'!$H:$H,$F38+1)),INDEX('R1. Tree Coefficients'!$D:$D,$F38+1)*($D38^INDEX('R1. Tree Coefficients'!$E:$E,$F38+1)))) -> 27.772307 | J38: =IF(OR($D38="",$F38=""),"",IF($E38>0,INDEX('R1. Tree Coefficients'!$F:$F,$F38+2)*($D38^INDEX('R1. Tree Coefficients'!$G:$G,$F38+2))*($E38^INDEX('R1. Tree Coefficients'!$H:$H,$F38+2)),INDEX('R1. Tree Coefficients'!$D:$D,$F38+2)*($D38^INDEX('R1. Tree Coefficients'!$E:$E,$F38+2)))) -> 31.862997 | K38: =IF(OR($D38="",$F38=""),"",IF($E38>0,INDEX('R1. Tree Coefficients'!$F:$F,$F38+3)*($D38^INDEX('R1. Tree Coefficients'!$G:$G,$F38+3))*($E38^INDEX('R1. Tree Coefficients'!$H:$H,$F38+3)),INDEX('R1. Tree Coefficients'!$D:$D,$F38+3)*($D38^INDEX('R1. Tree Coefficients'!$E:$E,$F38+3)))) -> 6.8672293 | L38: =IF($F38="","",IFERROR(SUM($H38:$K38),"")) -> 233.35015 | M38: =IF($F38="","",INDEX('R1. Tree Coefficients'!$J:$J,$F38)) -> Deciduous | N38: =IF($L38="","",IF($M38="Deciduous",BGB_RS_DECIDUOUS_a*($L38^BGB_RS_DECIDUOUS_b),IF($M38="Conifers",BGB_RS_CONIFER*$L38,AVERAGE(BGB_RS_DECIDUOUS_a*($L38^BGB_RS_DECIDUOUS_b),BGB_RS_CONIFER*$L38)))) -> 45.069339 | O38: =IF($L38="","",$L38+$N38) -> 278.41949 | P38: =IF($O38="","",$O38*CARBON_FRACTION_BIOMASS) -> 139.20975 | Q38: =IF(AND($A38="",$C38=""),"",IF(AND($A38<>"",COUNTIF('1. Plot & Site Log'!$A$5:$A$64,$A38)=0),"Plot ID not in Plot & Site Log — this tree will not reach the summary. ","")&IF($A38="","No Plot ID. ","")&IF(AND($C38<>"",$F38=""),"Species not in the coefficient list — check the spelling against R1. ","")&IF($D38="","No DBH — nothing can be calculated. ","")&IF(AND($D38<>"",$D38>QC_DBH_MAX_CM),"DBH above "&QC_DBH_MAX_CM&" cm — check for a transcription error. ","")&IF($M38="All","Generic species: no published root:shoot applies, so below-ground biomass is the mean of the deciduous and conifer relationships. Choose a species, or Deciduous/Conifers, if you can. ","")&IF(AND($O38<>"",$O38>0,OR($N38/$O38<BGB_FRACTION_MIN,$N38/$O38>BGB_FRACTION_MAX)),"Below-ground share is "&TEXT($N38/$O38,"0%")&", outside the 18–30% the Trees guide describes. ",""))
A39: MR-03 | B39: 5 | C39: Trembling aspen | D39: 23.5 | F39: =IF($C39="","",IFERROR(12+(MATCH($C39,'R1. Tree Coefficients'!$L$12:$L$53,0)-1)*4,"")) -> 144 | G39: =IF($F39="","",IF(AND($E39<>"",$E39>0),"DBH + height","DBH only")) -> DBH only | H39: =IF(OR($D39="",$F39=""),"",IF($E39>0,INDEX('R1. Tree Coefficients'!$F:$F,$F39+0)*($D39^INDEX('R1. Tree Coefficients'!$G:$G,$F39+0))*($E39^INDEX('R1. Tree Coefficients'!$H:$H,$F39+0)),INDEX('R1. Tree Coefficients'!$D:$D,$F39+0)*($D39^INDEX('R1. Tree Coefficients'!$E:$E,$F39+0)))) -> 149.70625 | I39: =IF(OR($D39="",$F39=""),"",IF($E39>0,INDEX('R1. Tree Coefficients'!$F:$F,$F39+1)*($D39^INDEX('R1. Tree Coefficients'!$G:$G,$F39+1))*($E39^INDEX('R1. Tree Coefficients'!$H:$H,$F39+1)),INDEX('R1. Tree Coefficients'!$D:$D,$F39+1)*($D39^INDEX('R1. Tree Coefficients'!$E:$E,$F39+1)))) -> 32.27187 | J39: =IF(OR($D39="",$F39=""),"",IF($E39>0,INDEX('R1. Tree Coefficients'!$F:$F,$F39+2)*($D39^INDEX('R1. Tree Coefficients'!$G:$G,$F39+2))*($E39^INDEX('R1. Tree Coefficients'!$H:$H,$F39+2)),INDEX('R1. Tree Coefficients'!$D:$D,$F39+2)*($D39^INDEX('R1. Tree Coefficients'!$E:$E,$F39+2)))) -> 22.93725 | K39: =IF(OR($D39="",$F39=""),"",IF($E39>0,INDEX('R1. Tree Coefficients'!$F:$F,$F39+3)*($D39^INDEX('R1. Tree Coefficients'!$G:$G,$F39+3))*($E39^INDEX('R1. Tree Coefficients'!$H:$H,$F39+3)),INDEX('R1. Tree Coefficients'!$D:$D,$F39+3)*($D39^INDEX('R1. Tree Coefficients'!$E:$E,$F39+3)))) -> 4.5156315 | L39: =IF($F39="","",IFERROR(SUM($H39:$K39),"")) -> 209.431 | M39: =IF($F39="","",INDEX('R1. Tree Coefficients'!$J:$J,$F39)) -> Deciduous | N39: =IF($L39="","",IF($M39="Deciduous",BGB_RS_DECIDUOUS_a*($L39^BGB_RS_DECIDUOUS_b),IF($M39="Conifers",BGB_RS_CONIFER*$L39,AVERAGE(BGB_RS_DECIDUOUS_a*($L39^BGB_RS_DECIDUOUS_b),BGB_RS_CONIFER*$L39)))) -> 42.169302 | O39: =IF($L39="","",$L39+$N39) -> 251.6003 | P39: =IF($O39="","",$O39*CARBON_FRACTION_BIOMASS) -> 125.80015 | Q39: =IF(AND($A39="",$C39=""),"",IF(AND($A39<>"",COUNTIF('1. Plot & Site Log'!$A$5:$A$64,$A39)=0),"Plot ID not in Plot & Site Log — this tree will not reach the summary. ","")&IF($A39="","No Plot ID. ","")&IF(AND($C39<>"",$F39=""),"Species not in the coefficient list — check the spelling against R1. ","")&IF($D39="","No DBH — nothing can be calculated. ","")&IF(AND($D39<>"",$D39>QC_DBH_MAX_CM),"DBH above "&QC_DBH_MAX_CM&" cm — check for a transcription error. ","")&IF($M39="All","Generic species: no published root:shoot applies, so below-ground biomass is the mean of the deciduous and conifer relationships. Choose a species, or Deciduous/Conifers, if you can. ","")&IF(AND($O39<>"",$O39>0,OR($N39/$O39<BGB_FRACTION_MIN,$N39/$O39>BGB_FRACTION_MAX)),"Below-ground share is "&TEXT($N39/$O39,"0%")&", outside the 18–30% the Trees guide describes. ",""))
A40: MR-03 | B40: 6 | C40: Balsam fir | D40: 17.3 | F40: =IF($C40="","",IFERROR(12+(MATCH($C40,'R1. Tree Coefficients'!$L$12:$L$53,0)-1)*4,"")) -> 24 | G40: =IF($F40="","",IF(AND($E40<>"",$E40>0),"DBH + height","DBH only")) -> DBH only | H40: =IF(OR($D40="",$F40=""),"",IF($E40>0,INDEX('R1. Tree Coefficients'!$F:$F,$F40+0)*($D40^INDEX('R1. Tree Coefficients'!$G:$G,$F40+0))*($E40^INDEX('R1. Tree Coefficients'!$H:$H,$F40+0)),INDEX('R1. Tree Coefficients'!$D:$D,$F40+0)*($D40^INDEX('R1. Tree Coefficients'!$E:$E,$F40+0)))) -> 50.415728 | I40: =IF(OR($D40="",$F40=""),"",IF($E40>0,INDEX('R1. Tree Coefficients'!$F:$F,$F40+1)*($D40^INDEX('R1. Tree Coefficients'!$G:$G,$F40+1))*($E40^INDEX('R1. Tree Coefficients'!$H:$H,$F40+1)),INDEX('R1. Tree Coefficients'!$D:$D,$F40+1)*($D40^INDEX('R1. Tree Coefficients'!$E:$E,$F40+1)))) -> 9.2923446 | J40: =IF(OR($D40="",$F40=""),"",IF($E40>0,INDEX('R1. Tree Coefficients'!$F:$F,$F40+2)*($D40^INDEX('R1. Tree Coefficients'!$G:$G,$F40+2))*($E40^INDEX('R1. Tree Coefficients'!$H:$H,$F40+2)),INDEX('R1. Tree Coefficients'!$D:$D,$F40+2)*($D40^INDEX('R1. Tree Coefficients'!$E:$E,$F40+2)))) -> 9.7831333 | K40: =IF(OR($D40="",$F40=""),"",IF($E40>0,INDEX('R1. Tree Coefficients'!$F:$F,$F40+3)*($D40^INDEX('R1. Tree Coefficients'!$G:$G,$F40+3))*($E40^INDEX('R1. Tree Coefficients'!$H:$H,$F40+3)),INDEX('R1. Tree Coefficients'!$D:$D,$F40+3)*($D40^INDEX('R1. Tree Coefficients'!$E:$E,$F40+3)))) -> 9.7993497 | L40: =IF($F40="","",IFERROR(SUM($H40:$K40),"")) -> 79.290556 | M40: =IF($F40="","",INDEX('R1. Tree Coefficients'!$J:$J,$F40)) -> Conifers | N40: =IF($L40="","",IF($M40="Deciduous",BGB_RS_DECIDUOUS_a*($L40^BGB_RS_DECIDUOUS_b),IF($M40="Conifers",BGB_RS_CONIFER*$L40,AVERAGE(BGB_RS_DECIDUOUS_a*($L40^BGB_RS_DECIDUOUS_b),BGB_RS_CONIFER*$L40)))) -> 17.602503 | O40: =IF($L40="","",$L40+$N40) -> 96.893059 | P40: =IF($O40="","",$O40*CARBON_FRACTION_BIOMASS) -> 48.446529 | Q40: =IF(AND($A40="",$C40=""),"",IF(AND($A40<>"",COUNTIF('1. Plot & Site Log'!$A$5:$A$64,$A40)=0),"Plot ID not in Plot & Site Log — this tree will not reach the summary. ","")&IF($A40="","No Plot ID. ","")&IF(AND($C40<>"",$F40=""),"Species not in the coefficient list — check the spelling against R1. ","")&IF($D40="","No DBH — nothing can be calculated. ","")&IF(AND($D40<>"",$D40>QC_DBH_MAX_CM),"DBH above "&QC_DBH_MAX_CM&" cm — check for a transcription error. ","")&IF($M40="All","Generic species: no published root:shoot applies, so below-ground biomass is the mean of the deciduous and conifer relationships. Choose a species, or Deciduous/Conifers, if you can. ","")&IF(AND($O40<>"",$O40>0,OR($N40/$O40<BGB_FRACTION_MIN,$N40/$O40>BGB_FRACTION_MAX)),"Below-ground share is "&TEXT($N40/$O40,"0%")&", outside the 18–30% the Trees guide describes. ",""))
A41: MR-03 | B41: 7 | C41: Balsam fir | D41: 32 | E41: 21.3 | F41: =IF($C41="","",IFERROR(12+(MATCH($C41,'R1. Tree Coefficients'!$L$12:$L$53,0)-1)*4,"")) -> 24 | G41: =IF($F41="","",IF(AND($E41<>"",$E41>0),"DBH + height","DBH only")) -> DBH + height | H41: =IF(OR($D41="",$F41=""),"",IF($E41>0,INDEX('R1. Tree Coefficients'!$F:$F,$F41+0)*($D41^INDEX('R1. Tree Coefficients'!$G:$G,$F41+0))*($E41^INDEX('R1. Tree Coefficients'!$H:$H,$F41+0)),INDEX('R1. Tree Coefficients'!$D:$D,$F41+0)*($D41^INDEX('R1. Tree Coefficients'!$E:$E,$F41+0)))) -> 239.37077 | I41: =IF(OR($D41="",$F41=""),"",IF($E41>0,INDEX('R1. Tree Coefficients'!$F:$F,$F41+1)*($D41^INDEX('R1. Tree Coefficients'!$G:$G,$F41+1))*($E41^INDEX('R1. Tree Coefficients'!$H:$H,$F41+1)),INDEX('R1. Tree Coefficients'!$D:$D,$F41+1)*($D41^INDEX('R1. Tree Coefficients'!$E:$E,$F41+1)))) -> 43.900183 | J41: =IF(OR($D41="",$F41=""),"",IF($E41>0,INDEX('R1. Tree Coefficients'!$F:$F,$F41+2)*($D41^INDEX('R1. Tree Coefficients'!$G:$G,$F41+2))*($E41^INDEX('R1. Tree Coefficients'!$H:$H,$F41+2)),INDEX('R1. Tree Coefficients'!$D:$D,$F41+2)*($D41^INDEX('R1. Tree Coefficients'!$E:$E,$F41+2)))) -> 41.98752 | K41: =IF(OR($D41="",$F41=""),"",IF($E41>0,INDEX('R1. Tree Coefficients'!$F:$F,$F41+3)*($D41^INDEX('R1. Tree Coefficients'!$G:$G,$F41+3))*($E41^INDEX('R1. Tree Coefficients'!$H:$H,$F41+3)),INDEX('R1. Tree Coefficients'!$D:$D,$F41+3)*($D41^INDEX('R1. Tree Coefficients'!$E:$E,$F41+3)))) -> 25.170535 | L41: =IF($F41="","",IFERROR(SUM($H41:$K41),"")) -> 350.42901 | M41: =IF($F41="","",INDEX('R1. Tree Coefficients'!$J:$J,$F41)) -> Conifers | N41: =IF($L41="","",IF($M41="Deciduous",BGB_RS_DECIDUOUS_a*($L41^BGB_RS_DECIDUOUS_b),IF($M41="Conifers",BGB_RS_CONIFER*$L41,AVERAGE(BGB_RS_DECIDUOUS_a*($L41^BGB_RS_DECIDUOUS_b),BGB_RS_CONIFER*$L41)))) -> 77.795241 | O41: =IF($L41="","",$L41+$N41) -> 428.22425 | P41: =IF($O41="","",$O41*CARBON_FRACTION_BIOMASS) -> 214.11213 | Q41: =IF(AND($A41="",$C41=""),"",IF(AND($A41<>"",COUNTIF('1. Plot & Site Log'!$A$5:$A$64,$A41)=0),"Plot ID not in Plot & Site Log — this tree will not reach the summary. ","")&IF($A41="","No Plot ID. ","")&IF(AND($C41<>"",$F41=""),"Species not in the coefficient list — check the spelling against R1. ","")&IF($D41="","No DBH — nothing can be calculated. ","")&IF(AND($D41<>"",$D41>QC_DBH_MAX_CM),"DBH above "&QC_DBH_MAX_CM&" cm — check for a transcription error. ","")&IF($M41="All","Generic species: no published root:shoot applies, so below-ground biomass is the mean of the deciduous and conifer relationships. Choose a species, or Deciduous/Conifers, if you can. ","")&IF(AND($O41<>"",$O41>0,OR($N41/$O41<BGB_FRACTION_MIN,$N41/$O41>BGB_FRACTION_MAX)),"Below-ground share is "&TEXT($N41/$O41,"0%")&", outside the 18–30% the Trees guide describes. ",""))
A42: MR-03 | B42: 8 | C42: Trembling aspen | D42: 15.1 | F42: =IF($C42="","",IFERROR(12+(MATCH($C42,'R1. Tree Coefficients'!$L$12:$L$53,0)-1)*4,"")) -> 144 | G42: =IF($F42="","",IF(AND($E42<>"",$E42>0),"DBH + height","DBH only")) -> DBH only | H42: =IF(OR($D42="",$F42=""),"",IF($E42>0,INDEX('R1. Tree Coefficients'!$F:$F,$F42+0)*($D42^INDEX('R1. Tree Coefficients'!$G:$G,$F42+0))*($E42^INDEX('R1. Tree Coefficients'!$H:$H,$F42+0)),INDEX('R1. Tree Coefficients'!$D:$D,$F42+0)*($D42^INDEX('R1. Tree Coefficients'!$E:$E,$F42+0)))) -> 50.130618 | I42: =IF(OR($D42="",$F42=""),"",IF($E42>0,INDEX('R1. Tree Coefficients'!$F:$F,$F42+1)*($D42^INDEX('R1. Tree Coefficients'!$G:$G,$F42+1))*($E42^INDEX('R1. Tree Coefficients'!$H:$H,$F42+1)),INDEX('R1. Tree Coefficients'!$D:$D,$F42+1)*($D42^INDEX('R1. Tree Coefficients'!$E:$E,$F42+1)))) -> 11.103073 | J42: =IF(OR($D42="",$F42=""),"",IF($E42>0,INDEX('R1. Tree Coefficients'!$F:$F,$F42+2)*($D42^INDEX('R1. Tree Coefficients'!$G:$G,$F42+2))*($E42^INDEX('R1. Tree Coefficients'!$H:$H,$F42+2)),INDEX('R1. Tree Coefficients'!$D:$D,$F42+2)*($D42^INDEX('R1. Tree Coefficients'!$E:$E,$F42+2)))) -> 7.5447352 | K42: =IF(OR($D42="",$F42=""),"",IF($E42>0,INDEX('R1. Tree Coefficients'!$F:$F,$F42+3)*($D42^INDEX('R1. Tree Coefficients'!$G:$G,$F42+3))*($E42^INDEX('R1. Tree Coefficients'!$H:$H,$F42+3)),INDEX('R1. Tree Coefficients'!$D:$D,$F42+3)*($D42^INDEX('R1. Tree Coefficients'!$E:$E,$F42+3)))) -> 2.1615827 | L42: =IF($F42="","",IFERROR(SUM($H42:$K42),"")) -> 70.940009 | M42: =IF($F42="","",INDEX('R1. Tree Coefficients'!$J:$J,$F42)) -> Deciduous | N42: =IF($L42="","",IF($M42="Deciduous",BGB_RS_DECIDUOUS_a*($L42^BGB_RS_DECIDUOUS_b),IF($M42="Conifers",BGB_RS_CONIFER*$L42,AVERAGE(BGB_RS_DECIDUOUS_a*($L42^BGB_RS_DECIDUOUS_b),BGB_RS_CONIFER*$L42)))) -> 21.669771 | O42: =IF($L42="","",$L42+$N42) -> 92.609781 | P42: =IF($O42="","",$O42*CARBON_FRACTION_BIOMASS) -> 46.30489 | Q42: =IF(AND($A42="",$C42=""),"",IF(AND($A42<>"",COUNTIF('1. Plot & Site Log'!$A$5:$A$64,$A42)=0),"Plot ID not in Plot & Site Log — this tree will not reach the summary. ","")&IF($A42="","No Plot ID. ","")&IF(AND($C42<>"",$F42=""),"Species not in the coefficient list — check the spelling against R1. ","")&IF($D42="","No DBH — nothing can be calculated. ","")&IF(AND($D42<>"",$D42>QC_DBH_MAX_CM),"DBH above "&QC_DBH_MAX_CM&" cm — check for a transcription error. ","")&IF($M42="All","Generic species: no published root:shoot applies, so below-ground biomass is the mean of the deciduous and conifer relationships. Choose a species, or Deciduous/Conifers, if you can. ","")&IF(AND($O42<>"",$O42>0,OR($N42/$O42<BGB_FRACTION_MIN,$N42/$O42>BGB_FRACTION_MAX)),"Below-ground share is "&TEXT($N42/$O42,"0%")&", outside the 18–30% the Trees guide describes. ",""))
A43: MR-03 | B43: 9 | C43: White birch | D43: 21.8 | F43: =IF($C43="","",IFERROR(12+(MATCH($C43,'R1. Tree Coefficients'!$L$12:$L$53,0)-1)*4,"")) -> 160 | G43: =IF($F43="","",IF(AND($E43<>"",$E43>0),"DBH + height","DBH only")) -> DBH only | H43: =IF(OR($D43="",$F43=""),"",IF($E43>0,INDEX('R1. Tree Coefficients'!$F:$F,$F43+0)*($D43^INDEX('R1. Tree Coefficients'!$G:$G,$F43+0))*($E43^INDEX('R1. Tree Coefficients'!$H:$H,$F43+0)),INDEX('R1. Tree Coefficients'!$D:$D,$F43+0)*($D43^INDEX('R1. Tree Coefficients'!$E:$E,$F43+0)))) -> 132.33981 | I43: =IF(OR($D43="",$F43=""),"",IF($E43>0,INDEX('R1. Tree Coefficients'!$F:$F,$F43+1)*($D43^INDEX('R1. Tree Coefficients'!$G:$G,$F43+1))*($E43^INDEX('R1. Tree Coefficients'!$H:$H,$F43+1)),INDEX('R1. Tree Coefficients'!$D:$D,$F43+1)*($D43^INDEX('R1. Tree Coefficients'!$E:$E,$F43+1)))) -> 22.290382 | J43: =IF(OR($D43="",$F43=""),"",IF($E43>0,INDEX('R1. Tree Coefficients'!$F:$F,$F43+2)*($D43^INDEX('R1. Tree Coefficients'!$G:$G,$F43+2))*($E43^INDEX('R1. Tree Coefficients'!$H:$H,$F43+2)),INDEX('R1. Tree Coefficients'!$D:$D,$F43+2)*($D43^INDEX('R1. Tree Coefficients'!$E:$E,$F43+2)))) -> 34.98175 | K43: =IF(OR($D43="",$F43=""),"",IF($E43>0,INDEX('R1. Tree Coefficients'!$F:$F,$F43+3)*($D43^INDEX('R1. Tree Coefficients'!$G:$G,$F43+3))*($E43^INDEX('R1. Tree Coefficients'!$H:$H,$F43+3)),INDEX('R1. Tree Coefficients'!$D:$D,$F43+3)*($D43^INDEX('R1. Tree Coefficients'!$E:$E,$F43+3)))) -> 8.2782076 | L43: =IF($F43="","",IFERROR(SUM($H43:$K43),"")) -> 197.89015 | M43: =IF($F43="","",INDEX('R1. Tree Coefficients'!$J:$J,$F43)) -> Deciduous | N43: =IF($L43="","",IF($M43="Deciduous",BGB_RS_DECIDUOUS_a*($L43^BGB_RS_DECIDUOUS_b),IF($M43="Conifers",BGB_RS_CONIFER*$L43,AVERAGE(BGB_RS_DECIDUOUS_a*($L43^BGB_RS_DECIDUOUS_b),BGB_RS_CONIFER*$L43)))) -> 40.724624 | O43: =IF($L43="","",$L43+$N43) -> 238.61477 | P43: =IF($O43="","",$O43*CARBON_FRACTION_BIOMASS) -> 119.30739 | Q43: =IF(AND($A43="",$C43=""),"",IF(AND($A43<>"",COUNTIF('1. Plot & Site Log'!$A$5:$A$64,$A43)=0),"Plot ID not in Plot & Site Log — this tree will not reach the summary. ","")&IF($A43="","No Plot ID. ","")&IF(AND($C43<>"",$F43=""),"Species not in the coefficient list — check the spelling against R1. ","")&IF($D43="","No DBH — nothing can be calculated. ","")&IF(AND($D43<>"",$D43>QC_DBH_MAX_CM),"DBH above "&QC_DBH_MAX_CM&" cm — check for a transcription error. ","")&IF($M43="All","Generic species: no published root:shoot applies, so below-ground biomass is the mean of the deciduous and conifer relationships. Choose a species, or Deciduous/Conifers, if you can. ","")&IF(AND($O43<>"",$O43>0,OR($N43/$O43<BGB_FRACTION_MIN,$N43/$O43>BGB_FRACTION_MAX)),"Below-ground share is "&TEXT($N43/$O43,"0%")&", outside the 18–30% the Trees guide describes. ",""))
A44: MR-03 | B44: 10 | C44: Jack pine | D44: 23.1 | E44: 19.7 | F44: =IF($C44="","",IFERROR(12+(MATCH($C44,'R1. Tree Coefficients'!$L$12:$L$53,0)-1)*4,"")) -> 84 | G44: =IF($F44="","",IF(AND($E44<>"",$E44>0),"DBH + height","DBH only")) -> DBH + height | H44: =IF(OR($D44="",$F44=""),"",IF($E44>0,INDEX('R1. Tree Coefficients'!$F:$F,$F44+0)*($D44^INDEX('R1. Tree Coefficients'!$G:$G,$F44+0))*($E44^INDEX('R1. Tree Coefficients'!$H:$H,$F44+0)),INDEX('R1. Tree Coefficients'!$D:$D,$F44+0)*($D44^INDEX('R1. Tree Coefficients'!$E:$E,$F44+0)))) -> 163.46558 | I44: =IF(OR($D44="",$F44=""),"",IF($E44>0,INDEX('R1. Tree Coefficients'!$F:$F,$F44+1)*($D44^INDEX('R1. Tree Coefficients'!$G:$G,$F44+1))*($E44^INDEX('R1. Tree Coefficients'!$H:$H,$F44+1)),INDEX('R1. Tree Coefficients'!$D:$D,$F44+1)*($D44^INDEX('R1. Tree Coefficients'!$E:$E,$F44+1)))) -> 12.62681 | J44: =IF(OR($D44="",$F44=""),"",IF($E44>0,INDEX('R1. Tree Coefficients'!$F:$F,$F44+2)*($D44^INDEX('R1. Tree Coefficients'!$G:$G,$F44+2))*($E44^INDEX('R1. Tree Coefficients'!$H:$H,$F44+2)),INDEX('R1. Tree Coefficients'!$D:$D,$F44+2)*($D44^INDEX('R1. Tree Coefficients'!$E:$E,$F44+2)))) -> 14.689079 | K44: =IF(OR($D44="",$F44=""),"",IF($E44>0,INDEX('R1. Tree Coefficients'!$F:$F,$F44+3)*($D44^INDEX('R1. Tree Coefficients'!$G:$G,$F44+3))*($E44^INDEX('R1. Tree Coefficients'!$H:$H,$F44+3)),INDEX('R1. Tree Coefficients'!$D:$D,$F44+3)*($D44^INDEX('R1. Tree Coefficients'!$E:$E,$F44+3)))) -> 8.9101542 | L44: =IF($F44="","",IFERROR(SUM($H44:$K44),"")) -> 199.69162 | M44: =IF($F44="","",INDEX('R1. Tree Coefficients'!$J:$J,$F44)) -> Conifers | N44: =IF($L44="","",IF($M44="Deciduous",BGB_RS_DECIDUOUS_a*($L44^BGB_RS_DECIDUOUS_b),IF($M44="Conifers",BGB_RS_CONIFER*$L44,AVERAGE(BGB_RS_DECIDUOUS_a*($L44^BGB_RS_DECIDUOUS_b),BGB_RS_CONIFER*$L44)))) -> 44.33154 | O44: =IF($L44="","",$L44+$N44) -> 244.02316 | P44: =IF($O44="","",$O44*CARBON_FRACTION_BIOMASS) -> 122.01158 | Q44: =IF(AND($A44="",$C44=""),"",IF(AND($A44<>"",COUNTIF('1. Plot & Site Log'!$A$5:$A$64,$A44)=0),"Plot ID not in Plot & Site Log — this tree will not reach the summary. ","")&IF($A44="","No Plot ID. ","")&IF(AND($C44<>"",$F44=""),"Species not in the coefficient list — check the spelling against R1. ","")&IF($D44="","No DBH — nothing can be calculated. ","")&IF(AND($D44<>"",$D44>QC_DBH_MAX_CM),"DBH above "&QC_DBH_MAX_CM&" cm — check for a transcription error. ","")&IF($M44="All","Generic species: no published root:shoot applies, so below-ground biomass is the mean of the deciduous and conifer relationships. Choose a species, or Deciduous/Conifers, if you can. ","")&IF(AND($O44<>"",$O44>0,OR($N44/$O44<BGB_FRACTION_MIN,$N44/$O44>BGB_FRACTION_MAX)),"Below-ground share is "&TEXT($N44/$O44,"0%")&", outside the 18–30% the Trees guide describes. ",""))
A45: MR-03 | B45: 11 | C45: White spruce | D45: 26.4 | F45: =IF($C45="","",IFERROR(12+(MATCH($C45,'R1. Tree Coefficients'!$L$12:$L$53,0)-1)*4,"")) -> 172 | G45: =IF($F45="","",IF(AND($E45<>"",$E45>0),"DBH + height","DBH only")) -> DBH only | H45: =IF(OR($D45="",$F45=""),"",IF($E45>0,INDEX('R1. Tree Coefficients'!$F:$F,$F45+0)*($D45^INDEX('R1. Tree Coefficients'!$G:$G,$F45+0))*($E45^INDEX('R1. Tree Coefficients'!$H:$H,$F45+0)),INDEX('R1. Tree Coefficients'!$D:$D,$F45+0)*($D45^INDEX('R1. Tree Coefficients'!$E:$E,$F45+0)))) -> 164.84412 | I45: =IF(OR($D45="",$F45=""),"",IF($E45>0,INDEX('R1. Tree Coefficients'!$F:$F,$F45+1)*($D45^INDEX('R1. Tree Coefficients'!$G:$G,$F45+1))*($E45^INDEX('R1. Tree Coefficients'!$H:$H,$F45+1)),INDEX('R1. Tree Coefficients'!$D:$D,$F45+1)*($D45^INDEX('R1. Tree Coefficients'!$E:$E,$F45+1)))) -> 21.612103 | J45: =IF(OR($D45="",$F45=""),"",IF($E45>0,INDEX('R1. Tree Coefficients'!$F:$F,$F45+2)*($D45^INDEX('R1. Tree Coefficients'!$G:$G,$F45+2))*($E45^INDEX('R1. Tree Coefficients'!$H:$H,$F45+2)),INDEX('R1. Tree Coefficients'!$D:$D,$F45+2)*($D45^INDEX('R1. Tree Coefficients'!$E:$E,$F45+2)))) -> 28.510017 | K45: =IF(OR($D45="",$F45=""),"",IF($E45>0,INDEX('R1. Tree Coefficients'!$F:$F,$F45+3)*($D45^INDEX('R1. Tree Coefficients'!$G:$G,$F45+3))*($E45^INDEX('R1. Tree Coefficients'!$H:$H,$F45+3)),INDEX('R1. Tree Coefficients'!$D:$D,$F45+3)*($D45^INDEX('R1. Tree Coefficients'!$E:$E,$F45+3)))) -> 20.631198 | L45: =IF($F45="","",IFERROR(SUM($H45:$K45),"")) -> 235.59744 | M45: =IF($F45="","",INDEX('R1. Tree Coefficients'!$J:$J,$F45)) -> Conifers | N45: =IF($L45="","",IF($M45="Deciduous",BGB_RS_DECIDUOUS_a*($L45^BGB_RS_DECIDUOUS_b),IF($M45="Conifers",BGB_RS_CONIFER*$L45,AVERAGE(BGB_RS_DECIDUOUS_a*($L45^BGB_RS_DECIDUOUS_b),BGB_RS_CONIFER*$L45)))) -> 52.302632 | O45: =IF($L45="","",$L45+$N45) -> 287.90007 | P45: =IF($O45="","",$O45*CARBON_FRACTION_BIOMASS) -> 143.95004 | Q45: =IF(AND($A45="",$C45=""),"",IF(AND($A45<>"",COUNTIF('1. Plot & Site Log'!$A$5:$A$64,$A45)=0),"Plot ID not in Plot & Site Log — this tree will not reach the summary. ","")&IF($A45="","No Plot ID. ","")&IF(AND($C45<>"",$F45=""),"Species not in the coefficient list — check the spelling against R1. ","")&IF($D45="","No DBH — nothing can be calculated. ","")&IF(AND($D45<>"",$D45>QC_DBH_MAX_CM),"DBH above "&QC_DBH_MAX_CM&" cm — check for a transcription error. ","")&IF($M45="All","Generic species: no published root:shoot applies, so below-ground biomass is the mean of the deciduous and conifer relationships. Choose a species, or Deciduous/Conifers, if you can. ","")&IF(AND($O45<>"",$O45>0,OR($N45/$O45<BGB_FRACTION_MIN,$N45/$O45>BGB_FRACTION_MAX)),"Below-ground share is "&TEXT($N45/$O45,"0%")&", outside the 18–30% the Trees guide describes. ",""))
A46: MR-03 | B46: 12 | C46: White birch | D46: 21.3 | F46: =IF($C46="","",IFERROR(12+(MATCH($C46,'R1. Tree Coefficients'!$L$12:$L$53,0)-1)*4,"")) -> 160 | G46: =IF($F46="","",IF(AND($E46<>"",$E46>0),"DBH + height","DBH only")) -> DBH only | H46: =IF(OR($D46="",$F46=""),"",IF($E46>0,INDEX('R1. Tree Coefficients'!$F:$F,$F46+0)*($D46^INDEX('R1. Tree Coefficients'!$G:$G,$F46+0))*($E46^INDEX('R1. Tree Coefficients'!$H:$H,$F46+0)),INDEX('R1. Tree Coefficients'!$D:$D,$F46+0)*($D46^INDEX('R1. Tree Coefficients'!$E:$E,$F46+0)))) -> 124.89343 | I46: =IF(OR($D46="",$F46=""),"",IF($E46>0,INDEX('R1. Tree Coefficients'!$F:$F,$F46+1)*($D46^INDEX('R1. Tree Coefficients'!$G:$G,$F46+1))*($E46^INDEX('R1. Tree Coefficients'!$H:$H,$F46+1)),INDEX('R1. Tree Coefficients'!$D:$D,$F46+1)*($D46^INDEX('R1. Tree Coefficients'!$E:$E,$F46+1)))) -> 21.086794 | J46: =IF(OR($D46="",$F46=""),"",IF($E46>0,INDEX('R1. Tree Coefficients'!$F:$F,$F46+2)*($D46^INDEX('R1. Tree Coefficients'!$G:$G,$F46+2))*($E46^INDEX('R1. Tree Coefficients'!$H:$H,$F46+2)),INDEX('R1. Tree Coefficients'!$D:$D,$F46+2)*($D46^INDEX('R1. Tree Coefficients'!$E:$E,$F46+2)))) -> 32.992905 | K46: =IF(OR($D46="",$F46=""),"",IF($E46>0,INDEX('R1. Tree Coefficients'!$F:$F,$F46+3)*($D46^INDEX('R1. Tree Coefficients'!$G:$G,$F46+3))*($E46^INDEX('R1. Tree Coefficients'!$H:$H,$F46+3)),INDEX('R1. Tree Coefficients'!$D:$D,$F46+3)*($D46^INDEX('R1. Tree Coefficients'!$E:$E,$F46+3)))) -> 7.9758506 | L46: =IF($F46="","",IFERROR(SUM($H46:$K46),"")) -> 186.94898 | M46: =IF($F46="","",INDEX('R1. Tree Coefficients'!$J:$J,$F46)) -> Deciduous | N46: =IF($L46="","",IF($M46="Deciduous",BGB_RS_DECIDUOUS_a*($L46^BGB_RS_DECIDUOUS_b),IF($M46="Conifers",BGB_RS_CONIFER*$L46,AVERAGE(BGB_RS_DECIDUOUS_a*($L46^BGB_RS_DECIDUOUS_b),BGB_RS_CONIFER*$L46)))) -> 39.324745 | O46: =IF($L46="","",$L46+$N46) -> 226.27372 | P46: =IF($O46="","",$O46*CARBON_FRACTION_BIOMASS) -> 113.13686 | Q46: =IF(AND($A46="",$C46=""),"",IF(AND($A46<>"",COUNTIF('1. Plot & Site Log'!$A$5:$A$64,$A46)=0),"Plot ID not in Plot & Site Log — this tree will not reach the summary. ","")&IF($A46="","No Plot ID. ","")&IF(AND($C46<>"",$F46=""),"Species not in the coefficient list — check the spelling against R1. ","")&IF($D46="","No DBH — nothing can be calculated. ","")&IF(AND($D46<>"",$D46>QC_DBH_MAX_CM),"DBH above "&QC_DBH_MAX_CM&" cm — check for a transcription error. ","")&IF($M46="All","Generic species: no published root:shoot applies, so below-ground biomass is the mean of the deciduous and conifer relationships. Choose a species, or Deciduous/Conifers, if you can. ","")&IF(AND($O46<>"",$O46>0,OR($N46/$O46<BGB_FRACTION_MIN,$N46/$O46>BGB_FRACTION_MAX)),"Below-ground share is "&TEXT($N46/$O46,"0%")&", outside the 18–30% the Trees guide describes. ",""))
A47: MR-03 | B47: 13 | C47: Trembling aspen | D47: 19.5 | E47: 18.8 | F47: =IF($C47="","",IFERROR(12+(MATCH($C47,'R1. Tree Coefficients'!$L$12:$L$53,0)-1)*4,"")) -> 144 | G47: =IF($F47="","",IF(AND($E47<>"",$E47>0),"DBH + height","DBH only")) -> DBH + height | H47: =IF(OR($D47="",$F47=""),"",IF($E47>0,INDEX('R1. Tree Coefficients'!$F:$F,$F47+0)*($D47^INDEX('R1. Tree Coefficients'!$G:$G,$F47+0))*($E47^INDEX('R1. Tree Coefficients'!$H:$H,$F47+0)),INDEX('R1. Tree Coefficients'!$D:$D,$F47+0)*($D47^INDEX('R1. Tree Coefficients'!$E:$E,$F47+0)))) -> 100.4467 | I47: =IF(OR($D47="",$F47=""),"",IF($E47>0,INDEX('R1. Tree Coefficients'!$F:$F,$F47+1)*($D47^INDEX('R1. Tree Coefficients'!$G:$G,$F47+1))*($E47^INDEX('R1. Tree Coefficients'!$H:$H,$F47+1)),INDEX('R1. Tree Coefficients'!$D:$D,$F47+1)*($D47^INDEX('R1. Tree Coefficients'!$E:$E,$F47+1)))) -> 21.277831 | J47: =IF(OR($D47="",$F47=""),"",IF($E47>0,INDEX('R1. Tree Coefficients'!$F:$F,$F47+2)*($D47^INDEX('R1. Tree Coefficients'!$G:$G,$F47+2))*($E47^INDEX('R1. Tree Coefficients'!$H:$H,$F47+2)),INDEX('R1. Tree Coefficients'!$D:$D,$F47+2)*($D47^INDEX('R1. Tree Coefficients'!$E:$E,$F47+2)))) -> 13.258058 | K47: =IF(OR($D47="",$F47=""),"",IF($E47>0,INDEX('R1. Tree Coefficients'!$F:$F,$F47+3)*($D47^INDEX('R1. Tree Coefficients'!$G:$G,$F47+3))*($E47^INDEX('R1. Tree Coefficients'!$H:$H,$F47+3)),INDEX('R1. Tree Coefficients'!$D:$D,$F47+3)*($D47^INDEX('R1. Tree Coefficients'!$E:$E,$F47+3)))) -> 3.3109589 | L47: =IF($F47="","",IFERROR(SUM($H47:$K47),"")) -> 138.29355 | M47: =IF($F47="","",INDEX('R1. Tree Coefficients'!$J:$J,$F47)) -> Deciduous | N47: =IF($L47="","",IF($M47="Deciduous",BGB_RS_DECIDUOUS_a*($L47^BGB_RS_DECIDUOUS_b),IF($M47="Conifers",BGB_RS_CONIFER*$L47,AVERAGE(BGB_RS_DECIDUOUS_a*($L47^BGB_RS_DECIDUOUS_b),BGB_RS_CONIFER*$L47)))) -> 32.670019 | O47: =IF($L47="","",$L47+$N47) -> 170.96357 | P47: =IF($O47="","",$O47*CARBON_FRACTION_BIOMASS) -> 85.481783 | Q47: =IF(AND($A47="",$C47=""),"",IF(AND($A47<>"",COUNTIF('1. Plot & Site Log'!$A$5:$A$64,$A47)=0),"Plot ID not in Plot & Site Log — this tree will not reach the summary. ","")&IF($A47="","No Plot ID. ","")&IF(AND($C47<>"",$F47=""),"Species not in the coefficient list — check the spelling against R1. ","")&IF($D47="","No DBH — nothing can be calculated. ","")&IF(AND($D47<>"",$D47>QC_DBH_MAX_CM),"DBH above "&QC_DBH_MAX_CM&" cm — check for a transcription error. ","")&IF($M47="All","Generic species: no published root:shoot applies, so below-ground biomass is the mean of the deciduous and conifer relationships. Choose a species, or Deciduous/Conifers, if you can. ","")&IF(AND($O47<>"",$O47>0,OR($N47/$O47<BGB_FRACTION_MIN,$N47/$O47>BGB_FRACTION_MAX)),"Below-ground share is "&TEXT($N47/$O47,"0%")&", outside the 18–30% the Trees guide describes. ",""))
A48: BC-01 | B48: 1 | C48: Balsam fir | D48: 5.5 | E48: 7.5 | F48: =IF($C48="","",IFERROR(12+(MATCH($C48,'R1. Tree Coefficients'!$L$12:$L$53,0)-1)*4,"")) -> 24 | G48: =IF($F48="","",IF(AND($E48<>"",$E48>0),"DBH + height","DBH only")) -> DBH + height | H48: =IF(OR($D48="",$F48=""),"",IF($E48>0,INDEX('R1. Tree Coefficients'!$F:$F,$F48+0)*($D48^INDEX('R1. Tree Coefficients'!$G:$G,$F48+0))*($E48^INDEX('R1. Tree Coefficients'!$H:$H,$F48+0)),INDEX('R1. Tree Coefficients'!$D:$D,$F48+0)*($D48^INDEX('R1. Tree Coefficients'!$E:$E,$F48+0)))) -> 3.8325167 | I48: =IF(OR($D48="",$F48=""),"",IF($E48>0,INDEX('R1. Tree Coefficients'!$F:$F,$F48+1)*($D48^INDEX('R1. Tree Coefficients'!$G:$G,$F48+1))*($E48^INDEX('R1. Tree Coefficients'!$H:$H,$F48+1)),INDEX('R1. Tree Coefficients'!$D:$D,$F48+1)*($D48^INDEX('R1. Tree Coefficients'!$E:$E,$F48+1)))) -> 0.60404294 | J48: =IF(OR($D48="",$F48=""),"",IF($E48>0,INDEX('R1. Tree Coefficients'!$F:$F,$F48+2)*($D48^INDEX('R1. Tree Coefficients'!$G:$G,$F48+2))*($E48^INDEX('R1. Tree Coefficients'!$H:$H,$F48+2)),INDEX('R1. Tree Coefficients'!$D:$D,$F48+2)*($D48^INDEX('R1. Tree Coefficients'!$E:$E,$F48+2)))) -> 0.33770082 | K48: =IF(OR($D48="",$F48=""),"",IF($E48>0,INDEX('R1. Tree Coefficients'!$F:$F,$F48+3)*($D48^INDEX('R1. Tree Coefficients'!$G:$G,$F48+3))*($E48^INDEX('R1. Tree Coefficients'!$H:$H,$F48+3)),INDEX('R1. Tree Coefficients'!$D:$D,$F48+3)*($D48^INDEX('R1. Tree Coefficients'!$E:$E,$F48+3)))) -> 0.95589594 | L48: =IF($F48="","",IFERROR(SUM($H48:$K48),"")) -> 5.7301564 | M48: =IF($F48="","",INDEX('R1. Tree Coefficients'!$J:$J,$F48)) -> Conifers | N48: =IF($L48="","",IF($M48="Deciduous",BGB_RS_DECIDUOUS_a*($L48^BGB_RS_DECIDUOUS_b),IF($M48="Conifers",BGB_RS_CONIFER*$L48,AVERAGE(BGB_RS_DECIDUOUS_a*($L48^BGB_RS_DECIDUOUS_b),BGB_RS_CONIFER*$L48)))) -> 1.2720947 | O48: =IF($L48="","",$L48+$N48) -> 7.0022511 | P48: =IF($O48="","",$O48*CARBON_FRACTION_BIOMASS) -> 3.5011255 | Q48: =IF(AND($A48="",$C48=""),"",IF(AND($A48<>"",COUNTIF('1. Plot & Site Log'!$A$5:$A$64,$A48)=0),"Plot ID not in Plot & Site Log — this tree will not reach the summary. ","")&IF($A48="","No Plot ID. ","")&IF(AND($C48<>"",$F48=""),"Species not in the coefficient list — check the spelling against R1. ","")&IF($D48="","No DBH — nothing can be calculated. ","")&IF(AND($D48<>"",$D48>QC_DBH_MAX_CM),"DBH above "&QC_DBH_MAX_CM&" cm — check for a transcription error. ","")&IF($M48="All","Generic species: no published root:shoot applies, so below-ground biomass is the mean of the deciduous and conifer relationships. Choose a species, or Deciduous/Conifers, if you can. ","")&IF(AND($O48<>"",$O48>0,OR($N48/$O48<BGB_FRACTION_MIN,$N48/$O48>BGB_FRACTION_MAX)),"Below-ground share is "&TEXT($N48/$O48,"0%")&", outside the 18–30% the Trees guide describes. ",""))
A49: BC-01 | B49: 2 | C49: Black spruce | D49: 24.8 | F49: =IF($C49="","",IFERROR(12+(MATCH($C49,'R1. Tree Coefficients'!$L$12:$L$53,0)-1)*4,"")) -> 48 | G49: =IF($F49="","",IF(AND($E49<>"",$E49>0),"DBH + height","DBH only")) -> DBH only | H49: =IF(OR($D49="",$F49=""),"",IF($E49>0,INDEX('R1. Tree Coefficients'!$F:$F,$F49+0)*($D49^INDEX('R1. Tree Coefficients'!$G:$G,$F49+0))*($E49^INDEX('R1. Tree Coefficients'!$H:$H,$F49+0)),INDEX('R1. Tree Coefficients'!$D:$D,$F49+0)*($D49^INDEX('R1. Tree Coefficients'!$E:$E,$F49+0)))) -> 152.52544 | I49: =IF(OR($D49="",$F49=""),"",IF($E49>0,INDEX('R1. Tree Coefficients'!$F:$F,$F49+1)*($D49^INDEX('R1. Tree Coefficients'!$G:$G,$F49+1))*($E49^INDEX('R1. Tree Coefficients'!$H:$H,$F49+1)),INDEX('R1. Tree Coefficients'!$D:$D,$F49+1)*($D49^INDEX('R1. Tree Coefficients'!$E:$E,$F49+1)))) -> 20.274088 | J49: =IF(OR($D49="",$F49=""),"",IF($E49>0,INDEX('R1. Tree Coefficients'!$F:$F,$F49+2)*($D49^INDEX('R1. Tree Coefficients'!$G:$G,$F49+2))*($E49^INDEX('R1. Tree Coefficients'!$H:$H,$F49+2)),INDEX('R1. Tree Coefficients'!$D:$D,$F49+2)*($D49^INDEX('R1. Tree Coefficients'!$E:$E,$F49+2)))) -> 22.778214 | K49: =IF(OR($D49="",$F49=""),"",IF($E49>0,INDEX('R1. Tree Coefficients'!$F:$F,$F49+3)*($D49^INDEX('R1. Tree Coefficients'!$G:$G,$F49+3))*($E49^INDEX('R1. Tree Coefficients'!$H:$H,$F49+3)),INDEX('R1. Tree Coefficients'!$D:$D,$F49+3)*($D49^INDEX('R1. Tree Coefficients'!$E:$E,$F49+3)))) -> 15.69073 | L49: =IF($F49="","",IFERROR(SUM($H49:$K49),"")) -> 211.26847 | M49: =IF($F49="","",INDEX('R1. Tree Coefficients'!$J:$J,$F49)) -> Conifers | N49: =IF($L49="","",IF($M49="Deciduous",BGB_RS_DECIDUOUS_a*($L49^BGB_RS_DECIDUOUS_b),IF($M49="Conifers",BGB_RS_CONIFER*$L49,AVERAGE(BGB_RS_DECIDUOUS_a*($L49^BGB_RS_DECIDUOUS_b),BGB_RS_CONIFER*$L49)))) -> 46.9016 | O49: =IF($L49="","",$L49+$N49) -> 258.17007 | P49: =IF($O49="","",$O49*CARBON_FRACTION_BIOMASS) -> 129.08503 | Q49: =IF(AND($A49="",$C49=""),"",IF(AND($A49<>"",COUNTIF('1. Plot & Site Log'!$A$5:$A$64,$A49)=0),"Plot ID not in Plot & Site Log — this tree will not reach the summary. ","")&IF($A49="","No Plot ID. ","")&IF(AND($C49<>"",$F49=""),"Species not in the coefficient list — check the spelling against R1. ","")&IF($D49="","No DBH — nothing can be calculated. ","")&IF(AND($D49<>"",$D49>QC_DBH_MAX_CM),"DBH above "&QC_DBH_MAX_CM&" cm — check for a transcription error. ","")&IF($M49="All","Generic species: no published root:shoot applies, so below-ground biomass is the mean of the deciduous and conifer relationships. Choose a species, or Deciduous/Conifers, if you can. ","")&IF(AND($O49<>"",$O49>0,OR($N49/$O49<BGB_FRACTION_MIN,$N49/$O49>BGB_FRACTION_MAX)),"Below-ground share is "&TEXT($N49/$O49,"0%")&", outside the 18–30% the Trees guide describes. ",""))
A50: BC-01 | B50: 3 | C50: Black spruce | D50: 13.6 | F50: =IF($C50="","",IFERROR(12+(MATCH($C50,'R1. Tree Coefficients'!$L$12:$L$53,0)-1)*4,"")) -> 48 | G50: =IF($F50="","",IF(AND($E50<>"",$E50>0),"DBH + height","DBH only")) -> DBH only | H50: =IF(OR($D50="",$F50=""),"",IF($E50>0,INDEX('R1. Tree Coefficients'!$F:$F,$F50+0)*($D50^INDEX('R1. Tree Coefficients'!$G:$G,$F50+0))*($E50^INDEX('R1. Tree Coefficients'!$H:$H,$F50+0)),INDEX('R1. Tree Coefficients'!$D:$D,$F50+0)*($D50^INDEX('R1. Tree Coefficients'!$E:$E,$F50+0)))) -> 33.916269 | I50: =IF(OR($D50="",$F50=""),"",IF($E50>0,INDEX('R1. Tree Coefficients'!$F:$F,$F50+1)*($D50^INDEX('R1. Tree Coefficients'!$G:$G,$F50+1))*($E50^INDEX('R1. Tree Coefficients'!$H:$H,$F50+1)),INDEX('R1. Tree Coefficients'!$D:$D,$F50+1)*($D50^INDEX('R1. Tree Coefficients'!$E:$E,$F50+1)))) -> 5.248608 | J50: =IF(OR($D50="",$F50=""),"",IF($E50>0,INDEX('R1. Tree Coefficients'!$F:$F,$F50+2)*($D50^INDEX('R1. Tree Coefficients'!$G:$G,$F50+2))*($E50^INDEX('R1. Tree Coefficients'!$H:$H,$F50+2)),INDEX('R1. Tree Coefficients'!$D:$D,$F50+2)*($D50^INDEX('R1. Tree Coefficients'!$E:$E,$F50+2)))) -> 6.5478629 | K50: =IF(OR($D50="",$F50=""),"",IF($E50>0,INDEX('R1. Tree Coefficients'!$F:$F,$F50+3)*($D50^INDEX('R1. Tree Coefficients'!$G:$G,$F50+3))*($E50^INDEX('R1. Tree Coefficients'!$H:$H,$F50+3)),INDEX('R1. Tree Coefficients'!$D:$D,$F50+3)*($D50^INDEX('R1. Tree Coefficients'!$E:$E,$F50+3)))) -> 6.6768712 | L50: =IF($F50="","",IFERROR(SUM($H50:$K50),"")) -> 52.389611 | M50: =IF($F50="","",INDEX('R1. Tree Coefficients'!$J:$J,$F50)) -> Conifers | N50: =IF($L50="","",IF($M50="Deciduous",BGB_RS_DECIDUOUS_a*($L50^BGB_RS_DECIDUOUS_b),IF($M50="Conifers",BGB_RS_CONIFER*$L50,AVERAGE(BGB_RS_DECIDUOUS_a*($L50^BGB_RS_DECIDUOUS_b),BGB_RS_CONIFER*$L50)))) -> 11.630494 | O50: =IF($L50="","",$L50+$N50) -> 64.020104 | P50: =IF($O50="","",$O50*CARBON_FRACTION_BIOMASS) -> 32.010052 | Q50: =IF(AND($A50="",$C50=""),"",IF(AND($A50<>"",COUNTIF('1. Plot & Site Log'!$A$5:$A$64,$A50)=0),"Plot ID not in Plot & Site Log — this tree will not reach the summary. ","")&IF($A50="","No Plot ID. ","")&IF(AND($C50<>"",$F50=""),"Species not in the coefficient list — check the spelling against R1. ","")&IF($D50="","No DBH — nothing can be calculated. ","")&IF(AND($D50<>"",$D50>QC_DBH_MAX_CM),"DBH above "&QC_DBH_MAX_CM&" cm — check for a transcription error. ","")&IF($M50="All","Generic species: no published root:shoot applies, so below-ground biomass is the mean of the deciduous and conifer relationships. Choose a species, or Deciduous/Conifers, if you can. ","")&IF(AND($O50<>"",$O50>0,OR($N50/$O50<BGB_FRACTION_MIN,$N50/$O50>BGB_FRACTION_MAX)),"Below-ground share is "&TEXT($N50/$O50,"0%")&", outside the 18–30% the Trees guide describes. ",""))
A51: BC-01 | B51: 4 | C51: White birch | D51: 7.1 | E51: 8.6 | F51: =IF($C51="","",IFERROR(12+(MATCH($C51,'R1. Tree Coefficients'!$L$12:$L$53,0)-1)*4,"")) -> 160 | G51: =IF($F51="","",IF(AND($E51<>"",$E51>0),"DBH + height","DBH only")) -> DBH + height | H51: =IF(OR($D51="",$F51=""),"",IF($E51>0,INDEX('R1. Tree Coefficients'!$F:$F,$F51+0)*($D51^INDEX('R1. Tree Coefficients'!$G:$G,$F51+0))*($E51^INDEX('R1. Tree Coefficients'!$H:$H,$F51+0)),INDEX('R1. Tree Coefficients'!$D:$D,$F51+0)*($D51^INDEX('R1. Tree Coefficients'!$E:$E,$F51+0)))) -> 8.4925427 | I51: =IF(OR($D51="",$F51=""),"",IF($E51>0,INDEX('R1. Tree Coefficients'!$F:$F,$F51+1)*($D51^INDEX('R1. Tree Coefficients'!$G:$G,$F51+1))*($E51^INDEX('R1. Tree Coefficients'!$H:$H,$F51+1)),INDEX('R1. Tree Coefficients'!$D:$D,$F51+1)*($D51^INDEX('R1. Tree Coefficients'!$E:$E,$F51+1)))) -> 1.6011561 | J51: =IF(OR($D51="",$F51=""),"",IF($E51>0,INDEX('R1. Tree Coefficients'!$F:$F,$F51+2)*($D51^INDEX('R1. Tree Coefficients'!$G:$G,$F51+2))*($E51^INDEX('R1. Tree Coefficients'!$H:$H,$F51+2)),INDEX('R1. Tree Coefficients'!$D:$D,$F51+2)*($D51^INDEX('R1. Tree Coefficients'!$E:$E,$F51+2)))) -> 1.7270768 | K51: =IF(OR($D51="",$F51=""),"",IF($E51>0,INDEX('R1. Tree Coefficients'!$F:$F,$F51+3)*($D51^INDEX('R1. Tree Coefficients'!$G:$G,$F51+3))*($E51^INDEX('R1. Tree Coefficients'!$H:$H,$F51+3)),INDEX('R1. Tree Coefficients'!$D:$D,$F51+3)*($D51^INDEX('R1. Tree Coefficients'!$E:$E,$F51+3)))) -> 1.1697659 | L51: =IF($F51="","",IFERROR(SUM($H51:$K51),"")) -> 12.990541 | M51: =IF($F51="","",INDEX('R1. Tree Coefficients'!$J:$J,$F51)) -> Deciduous | N51: =IF($L51="","",IF($M51="Deciduous",BGB_RS_DECIDUOUS_a*($L51^BGB_RS_DECIDUOUS_b),IF($M51="Conifers",BGB_RS_CONIFER*$L51,AVERAGE(BGB_RS_DECIDUOUS_a*($L51^BGB_RS_DECIDUOUS_b),BGB_RS_CONIFER*$L51)))) -> 7.6284618 | O51: =IF($L51="","",$L51+$N51) -> 20.619003 | P51: =IF($O51="","",$O51*CARBON_FRACTION_BIOMASS) -> 10.309502 | Q51: =IF(AND($A51="",$C51=""),"",IF(AND($A51<>"",COUNTIF('1. Plot & Site Log'!$A$5:$A$64,$A51)=0),"Plot ID not in Plot & Site Log — this tree will not reach the summary. ","")&IF($A51="","No Plot ID. ","")&IF(AND($C51<>"",$F51=""),"Species not in the coefficient list — check the spelling against R1. ","")&IF($D51="","No DBH — nothing can be calculated. ","")&IF(AND($D51<>"",$D51>QC_DBH_MAX_CM),"DBH above "&QC_DBH_MAX_CM&" cm — check for a transcription error. ","")&IF($M51="All","Generic species: no published root:shoot applies, so below-ground biomass is the mean of the deciduous and conifer relationships. Choose a species, or Deciduous/Conifers, if you can. ","")&IF(AND($O51<>"",$O51>0,OR($N51/$O51<BGB_FRACTION_MIN,$N51/$O51>BGB_FRACTION_MAX)),"Below-ground share is "&TEXT($N51/$O51,"0%")&", outside the 18–30% the Trees guide describes. ",""))
A52: BC-01 | B52: 5 | C52: Black spruce | D52: 19.5 | F52: =IF($C52="","",IFERROR(12+(MATCH($C52,'R1. Tree Coefficients'!$L$12:$L$53,0)-1)*4,"")) -> 48 | G52: =IF($F52="","",IF(AND($E52<>"",$E52>0),"DBH + height","DBH only")) -> DBH only | H52: =IF(OR($D52="",$F52=""),"",IF($E52>0,INDEX('R1. Tree Coefficients'!$F:$F,$F52+0)*($D52^INDEX('R1. Tree Coefficients'!$G:$G,$F52+0))*($E52^INDEX('R1. Tree Coefficients'!$H:$H,$F52+0)),INDEX('R1. Tree Coefficients'!$D:$D,$F52+0)*($D52^INDEX('R1. Tree Coefficients'!$E:$E,$F52+0)))) -> 83.567722 | I52: =IF(OR($D52="",$F52=""),"",IF($E52>0,INDEX('R1. Tree Coefficients'!$F:$F,$F52+1)*($D52^INDEX('R1. Tree Coefficients'!$G:$G,$F52+1))*($E52^INDEX('R1. Tree Coefficients'!$H:$H,$F52+1)),INDEX('R1. Tree Coefficients'!$D:$D,$F52+1)*($D52^INDEX('R1. Tree Coefficients'!$E:$E,$F52+1)))) -> 11.804989 | J52: =IF(OR($D52="",$F52=""),"",IF($E52>0,INDEX('R1. Tree Coefficients'!$F:$F,$F52+2)*($D52^INDEX('R1. Tree Coefficients'!$G:$G,$F52+2))*($E52^INDEX('R1. Tree Coefficients'!$H:$H,$F52+2)),INDEX('R1. Tree Coefficients'!$D:$D,$F52+2)*($D52^INDEX('R1. Tree Coefficients'!$E:$E,$F52+2)))) -> 13.830689 | K52: =IF(OR($D52="",$F52=""),"",IF($E52>0,INDEX('R1. Tree Coefficients'!$F:$F,$F52+3)*($D52^INDEX('R1. Tree Coefficients'!$G:$G,$F52+3))*($E52^INDEX('R1. Tree Coefficients'!$H:$H,$F52+3)),INDEX('R1. Tree Coefficients'!$D:$D,$F52+3)*($D52^INDEX('R1. Tree Coefficients'!$E:$E,$F52+3)))) -> 11.146568 | L52: =IF($F52="","",IFERROR(SUM($H52:$K52),"")) -> 120.34997 | M52: =IF($F52="","",INDEX('R1. Tree Coefficients'!$J:$J,$F52)) -> Conifers | N52: =IF($L52="","",IF($M52="Deciduous",BGB_RS_DECIDUOUS_a*($L52^BGB_RS_DECIDUOUS_b),IF($M52="Conifers",BGB_RS_CONIFER*$L52,AVERAGE(BGB_RS_DECIDUOUS_a*($L52^BGB_RS_DECIDUOUS_b),BGB_RS_CONIFER*$L52)))) -> 26.717693 | O52: =IF($L52="","",$L52+$N52) -> 147.06766 | P52: =IF($O52="","",$O52*CARBON_FRACTION_BIOMASS) -> 73.53383 | Q52: =IF(AND($A52="",$C52=""),"",IF(AND($A52<>"",COUNTIF('1. Plot & Site Log'!$A$5:$A$64,$A52)=0),"Plot ID not in Plot & Site Log — this tree will not reach the summary. ","")&IF($A52="","No Plot ID. ","")&IF(AND($C52<>"",$F52=""),"Species not in the coefficient list — check the spelling against R1. ","")&IF($D52="","No DBH — nothing can be calculated. ","")&IF(AND($D52<>"",$D52>QC_DBH_MAX_CM),"DBH above "&QC_DBH_MAX_CM&" cm — check for a transcription error. ","")&IF($M52="All","Generic species: no published root:shoot applies, so below-ground biomass is the mean of the deciduous and conifer relationships. Choose a species, or Deciduous/Conifers, if you can. ","")&IF(AND($O52<>"",$O52>0,OR($N52/$O52<BGB_FRACTION_MIN,$N52/$O52>BGB_FRACTION_MAX)),"Below-ground share is "&TEXT($N52/$O52,"0%")&", outside the 18–30% the Trees guide describes. ",""))
A53: BC-01 | B53: 6 | C53: Tamarack larch | D53: 14.9 | F53: =IF($C53="","",IFERROR(12+(MATCH($C53,'R1. Tree Coefficients'!$L$12:$L$53,0)-1)*4,"")) -> 140 | G53: =IF($F53="","",IF(AND($E53<>"",$E53>0),"DBH + height","DBH only")) -> DBH only | H53: =IF(OR($D53="",$F53=""),"",IF($E53>0,INDEX('R1. Tree Coefficients'!$F:$F,$F53+0)*($D53^INDEX('R1. Tree Coefficients'!$G:$G,$F53+0))*($E53^INDEX('R1. Tree Coefficients'!$H:$H,$F53+0)),INDEX('R1. Tree Coefficients'!$D:$D,$F53+0)*($D53^INDEX('R1. Tree Coefficients'!$E:$E,$F53+0)))) -> 46.47864 | I53: =IF(OR($D53="",$F53=""),"",IF($E53>0,INDEX('R1. Tree Coefficients'!$F:$F,$F53+1)*($D53^INDEX('R1. Tree Coefficients'!$G:$G,$F53+1))*($E53^INDEX('R1. Tree Coefficients'!$H:$H,$F53+1)),INDEX('R1. Tree Coefficients'!$D:$D,$F53+1)*($D53^INDEX('R1. Tree Coefficients'!$E:$E,$F53+1)))) -> 5.2122849 | J53: =IF(OR($D53="",$F53=""),"",IF($E53>0,INDEX('R1. Tree Coefficients'!$F:$F,$F53+2)*($D53^INDEX('R1. Tree Coefficients'!$G:$G,$F53+2))*($E53^INDEX('R1. Tree Coefficients'!$H:$H,$F53+2)),INDEX('R1. Tree Coefficients'!$D:$D,$F53+2)*($D53^INDEX('R1. Tree Coefficients'!$E:$E,$F53+2)))) -> 8.9075364 | K53: =IF(OR($D53="",$F53=""),"",IF($E53>0,INDEX('R1. Tree Coefficients'!$F:$F,$F53+3)*($D53^INDEX('R1. Tree Coefficients'!$G:$G,$F53+3))*($E53^INDEX('R1. Tree Coefficients'!$H:$H,$F53+3)),INDEX('R1. Tree Coefficients'!$D:$D,$F53+3)*($D53^INDEX('R1. Tree Coefficients'!$E:$E,$F53+3)))) -> 4.453968 | L53: =IF($F53="","",IFERROR(SUM($H53:$K53),"")) -> 65.052429 | M53: =IF($F53="","",INDEX('R1. Tree Coefficients'!$J:$J,$F53)) -> Conifers | N53: =IF($L53="","",IF($M53="Deciduous",BGB_RS_DECIDUOUS_a*($L53^BGB_RS_DECIDUOUS_b),IF($M53="Conifers",BGB_RS_CONIFER*$L53,AVERAGE(BGB_RS_DECIDUOUS_a*($L53^BGB_RS_DECIDUOUS_b),BGB_RS_CONIFER*$L53)))) -> 14.441639 | O53: =IF($L53="","",$L53+$N53) -> 79.494068 | P53: =IF($O53="","",$O53*CARBON_FRACTION_BIOMASS) -> 39.747034 | Q53: =IF(AND($A53="",$C53=""),"",IF(AND($A53<>"",COUNTIF('1. Plot & Site Log'!$A$5:$A$64,$A53)=0),"Plot ID not in Plot & Site Log — this tree will not reach the summary. ","")&IF($A53="","No Plot ID. ","")&IF(AND($C53<>"",$F53=""),"Species not in the coefficient list — check the spelling against R1. ","")&IF($D53="","No DBH — nothing can be calculated. ","")&IF(AND($D53<>"",$D53>QC_DBH_MAX_CM),"DBH above "&QC_DBH_MAX_CM&" cm — check for a transcription error. ","")&IF($M53="All","Generic species: no published root:shoot applies, so below-ground biomass is the mean of the deciduous and conifer relationships. Choose a species, or Deciduous/Conifers, if you can. ","")&IF(AND($O53<>"",$O53>0,OR($N53/$O53<BGB_FRACTION_MIN,$N53/$O53>BGB_FRACTION_MAX)),"Below-ground share is "&TEXT($N53/$O53,"0%")&", outside the 18–30% the Trees guide describes. ",""))
A54: BC-01 | B54: 7 | C54: Black spruce | D54: 11.9 | E54: 10.8 | F54: =IF($C54="","",IFERROR(12+(MATCH($C54,'R1. Tree Coefficients'!$L$12:$L$53,0)-1)*4,"")) -> 48 | G54: =IF($F54="","",IF(AND($E54<>"",$E54>0),"DBH + height","DBH only")) -> DBH + height | H54: =IF(OR($D54="",$F54=""),"",IF($E54>0,INDEX('R1. Tree Coefficients'!$F:$F,$F54+0)*($D54^INDEX('R1. Tree Coefficients'!$G:$G,$F54+0))*($E54^INDEX('R1. Tree Coefficients'!$H:$H,$F54+0)),INDEX('R1. Tree Coefficients'!$D:$D,$F54+0)*($D54^INDEX('R1. Tree Coefficients'!$E:$E,$F54+0)))) -> 25.80392 | I54: =IF(OR($D54="",$F54=""),"",IF($E54>0,INDEX('R1. Tree Coefficients'!$F:$F,$F54+1)*($D54^INDEX('R1. Tree Coefficients'!$G:$G,$F54+1))*($E54^INDEX('R1. Tree Coefficients'!$H:$H,$F54+1)),INDEX('R1. Tree Coefficients'!$D:$D,$F54+1)*($D54^INDEX('R1. Tree Coefficients'!$E:$E,$F54+1)))) -> 4.134942 | J54: =IF(OR($D54="",$F54=""),"",IF($E54>0,INDEX('R1. Tree Coefficients'!$F:$F,$F54+2)*($D54^INDEX('R1. Tree Coefficients'!$G:$G,$F54+2))*($E54^INDEX('R1. Tree Coefficients'!$H:$H,$F54+2)),INDEX('R1. Tree Coefficients'!$D:$D,$F54+2)*($D54^INDEX('R1. Tree Coefficients'!$E:$E,$F54+2)))) -> 4.2381333 | K54: =IF(OR($D54="",$F54=""),"",IF($E54>0,INDEX('R1. Tree Coefficients'!$F:$F,$F54+3)*($D54^INDEX('R1. Tree Coefficients'!$G:$G,$F54+3))*($E54^INDEX('R1. Tree Coefficients'!$H:$H,$F54+3)),INDEX('R1. Tree Coefficients'!$D:$D,$F54+3)*($D54^INDEX('R1. Tree Coefficients'!$E:$E,$F54+3)))) -> 4.6973589 | L54: =IF($F54="","",IFERROR(SUM($H54:$K54),"")) -> 38.874354 | M54: =IF($F54="","",INDEX('R1. Tree Coefficients'!$J:$J,$F54)) -> Conifers | N54: =IF($L54="","",IF($M54="Deciduous",BGB_RS_DECIDUOUS_a*($L54^BGB_RS_DECIDUOUS_b),IF($M54="Conifers",BGB_RS_CONIFER*$L54,AVERAGE(BGB_RS_DECIDUOUS_a*($L54^BGB_RS_DECIDUOUS_b),BGB_RS_CONIFER*$L54)))) -> 8.6301066 | O54: =IF($L54="","",$L54+$N54) -> 47.504461 | P54: =IF($O54="","",$O54*CARBON_FRACTION_BIOMASS) -> 23.75223 | Q54: =IF(AND($A54="",$C54=""),"",IF(AND($A54<>"",COUNTIF('1. Plot & Site Log'!$A$5:$A$64,$A54)=0),"Plot ID not in Plot & Site Log — this tree will not reach the summary. ","")&IF($A54="","No Plot ID. ","")&IF(AND($C54<>"",$F54=""),"Species not in the coefficient list — check the spelling against R1. ","")&IF($D54="","No DBH — nothing can be calculated. ","")&IF(AND($D54<>"",$D54>QC_DBH_MAX_CM),"DBH above "&QC_DBH_MAX_CM&" cm — check for a transcription error. ","")&IF($M54="All","Generic species: no published root:shoot applies, so below-ground biomass is the mean of the deciduous and conifer relationships. Choose a species, or Deciduous/Conifers, if you can. ","")&IF(AND($O54<>"",$O54>0,OR($N54/$O54<BGB_FRACTION_MIN,$N54/$O54>BGB_FRACTION_MAX)),"Below-ground share is "&TEXT($N54/$O54,"0%")&", outside the 18–30% the Trees guide describes. ",""))
A55: BC-01 | B55: 8 | C55: Balsam fir | D55: 11.7 | F55: =IF($C55="","",IFERROR(12+(MATCH($C55,'R1. Tree Coefficients'!$L$12:$L$53,0)-1)*4,"")) -> 24 | G55: =IF($F55="","",IF(AND($E55<>"",$E55>0),"DBH + height","DBH only")) -> DBH only | H55: =IF(OR($D55="",$F55=""),"",IF($E55>0,INDEX('R1. Tree Coefficients'!$F:$F,$F55+0)*($D55^INDEX('R1. Tree Coefficients'!$G:$G,$F55+0))*($E55^INDEX('R1. Tree Coefficients'!$H:$H,$F55+0)),INDEX('R1. Tree Coefficients'!$D:$D,$F55+0)*($D55^INDEX('R1. Tree Coefficients'!$E:$E,$F55+0)))) -> 19.696628 | I55: =IF(OR($D55="",$F55=""),"",IF($E55>0,INDEX('R1. Tree Coefficients'!$F:$F,$F55+1)*($D55^INDEX('R1. Tree Coefficients'!$G:$G,$F55+1))*($E55^INDEX('R1. Tree Coefficients'!$H:$H,$F55+1)),INDEX('R1. Tree Coefficients'!$D:$D,$F55+1)*($D55^INDEX('R1. Tree Coefficients'!$E:$E,$F55+1)))) -> 3.7087326 | J55: =IF(OR($D55="",$F55=""),"",IF($E55>0,INDEX('R1. Tree Coefficients'!$F:$F,$F55+2)*($D55^INDEX('R1. Tree Coefficients'!$G:$G,$F55+2))*($E55^INDEX('R1. Tree Coefficients'!$H:$H,$F55+2)),INDEX('R1. Tree Coefficients'!$D:$D,$F55+2)*($D55^INDEX('R1. Tree Coefficients'!$E:$E,$F55+2)))) -> 3.6218548 | K55: =IF(OR($D55="",$F55=""),"",IF($E55>0,INDEX('R1. Tree Coefficients'!$F:$F,$F55+3)*($D55^INDEX('R1. Tree Coefficients'!$G:$G,$F55+3))*($E55^INDEX('R1. Tree Coefficients'!$H:$H,$F55+3)),INDEX('R1. Tree Coefficients'!$D:$D,$F55+3)*($D55^INDEX('R1. Tree Coefficients'!$E:$E,$F55+3)))) -> 5.1005332 | L55: =IF($F55="","",IFERROR(SUM($H55:$K55),"")) -> 32.127749 | M55: =IF($F55="","",INDEX('R1. Tree Coefficients'!$J:$J,$F55)) -> Conifers | N55: =IF($L55="","",IF($M55="Deciduous",BGB_RS_DECIDUOUS_a*($L55^BGB_RS_DECIDUOUS_b),IF($M55="Conifers",BGB_RS_CONIFER*$L55,AVERAGE(BGB_RS_DECIDUOUS_a*($L55^BGB_RS_DECIDUOUS_b),BGB_RS_CONIFER*$L55)))) -> 7.1323602 | O55: =IF($L55="","",$L55+$N55) -> 39.260109 | P55: =IF($O55="","",$O55*CARBON_FRACTION_BIOMASS) -> 19.630054 | Q55: =IF(AND($A55="",$C55=""),"",IF(AND($A55<>"",COUNTIF('1. Plot & Site Log'!$A$5:$A$64,$A55)=0),"Plot ID not in Plot & Site Log — this tree will not reach the summary. ","")&IF($A55="","No Plot ID. ","")&IF(AND($C55<>"",$F55=""),"Species not in the coefficient list — check the spelling against R1. ","")&IF($D55="","No DBH — nothing can be calculated. ","")&IF(AND($D55<>"",$D55>QC_DBH_MAX_CM),"DBH above "&QC_DBH_MAX_CM&" cm — check for a transcription error. ","")&IF($M55="All","Generic species: no published root:shoot applies, so below-ground biomass is the mean of the deciduous and conifer relationships. Choose a species, or Deciduous/Conifers, if you can. ","")&IF(AND($O55<>"",$O55>0,OR($N55/$O55<BGB_FRACTION_MIN,$N55/$O55>BGB_FRACTION_MAX)),"Below-ground share is "&TEXT($N55/$O55,"0%")&", outside the 18–30% the Trees guide describes. ",""))
A56: BC-01 | B56: 9 | C56: Black spruce | D56: 15.9 | F56: =IF($C56="","",IFERROR(12+(MATCH($C56,'R1. Tree Coefficients'!$L$12:$L$53,0)-1)*4,"")) -> 48 | G56: =IF($F56="","",IF(AND($E56<>"",$E56>0),"DBH + height","DBH only")) -> DBH only | H56: =IF(OR($D56="",$F56=""),"",IF($E56>0,INDEX('R1. Tree Coefficients'!$F:$F,$F56+0)*($D56^INDEX('R1. Tree Coefficients'!$G:$G,$F56+0))*($E56^INDEX('R1. Tree Coefficients'!$H:$H,$F56+0)),INDEX('R1. Tree Coefficients'!$D:$D,$F56+0)*($D56^INDEX('R1. Tree Coefficients'!$E:$E,$F56+0)))) -> 50.144494 | I56: =IF(OR($D56="",$F56=""),"",IF($E56>0,INDEX('R1. Tree Coefficients'!$F:$F,$F56+1)*($D56^INDEX('R1. Tree Coefficients'!$G:$G,$F56+1))*($E56^INDEX('R1. Tree Coefficients'!$H:$H,$F56+1)),INDEX('R1. Tree Coefficients'!$D:$D,$F56+1)*($D56^INDEX('R1. Tree Coefficients'!$E:$E,$F56+1)))) -> 7.4590653 | J56: =IF(OR($D56="",$F56=""),"",IF($E56>0,INDEX('R1. Tree Coefficients'!$F:$F,$F56+2)*($D56^INDEX('R1. Tree Coefficients'!$G:$G,$F56+2))*($E56^INDEX('R1. Tree Coefficients'!$H:$H,$F56+2)),INDEX('R1. Tree Coefficients'!$D:$D,$F56+2)*($D56^INDEX('R1. Tree Coefficients'!$E:$E,$F56+2)))) -> 9.0554943 | K56: =IF(OR($D56="",$F56=""),"",IF($E56>0,INDEX('R1. Tree Coefficients'!$F:$F,$F56+3)*($D56^INDEX('R1. Tree Coefficients'!$G:$G,$F56+3))*($E56^INDEX('R1. Tree Coefficients'!$H:$H,$F56+3)),INDEX('R1. Tree Coefficients'!$D:$D,$F56+3)*($D56^INDEX('R1. Tree Coefficients'!$E:$E,$F56+3)))) -> 8.3383659 | L56: =IF($F56="","",IFERROR(SUM($H56:$K56),"")) -> 74.997419 | M56: =IF($F56="","",INDEX('R1. Tree Coefficients'!$J:$J,$F56)) -> Conifers | N56: =IF($L56="","",IF($M56="Deciduous",BGB_RS_DECIDUOUS_a*($L56^BGB_RS_DECIDUOUS_b),IF($M56="Conifers",BGB_RS_CONIFER*$L56,AVERAGE(BGB_RS_DECIDUOUS_a*($L56^BGB_RS_DECIDUOUS_b),BGB_RS_CONIFER*$L56)))) -> 16.649427 | O56: =IF($L56="","",$L56+$N56) -> 91.646847 | P56: =IF($O56="","",$O56*CARBON_FRACTION_BIOMASS) -> 45.823423 | Q56: =IF(AND($A56="",$C56=""),"",IF(AND($A56<>"",COUNTIF('1. Plot & Site Log'!$A$5:$A$64,$A56)=0),"Plot ID not in Plot & Site Log — this tree will not reach the summary. ","")&IF($A56="","No Plot ID. ","")&IF(AND($C56<>"",$F56=""),"Species not in the coefficient list — check the spelling against R1. ","")&IF($D56="","No DBH — nothing can be calculated. ","")&IF(AND($D56<>"",$D56>QC_DBH_MAX_CM),"DBH above "&QC_DBH_MAX_CM&" cm — check for a transcription error. ","")&IF($M56="All","Generic species: no published root:shoot applies, so below-ground biomass is the mean of the deciduous and conifer relationships. Choose a species, or Deciduous/Conifers, if you can. ","")&IF(AND($O56<>"",$O56>0,OR($N56/$O56<BGB_FRACTION_MIN,$N56/$O56>BGB_FRACTION_MAX)),"Below-ground share is "&TEXT($N56/$O56,"0%")&", outside the 18–30% the Trees guide describes. ",""))
A57: BC-01 | B57: 10 | C57: Balsam fir | D57: 13.1 | E57: 11.2 | F57: =IF($C57="","",IFERROR(12+(MATCH($C57,'R1. Tree Coefficients'!$L$12:$L$53,0)-1)*4,"")) -> 24 | G57: =IF($F57="","",IF(AND($E57<>"",$E57>0),"DBH + height","DBH only")) -> DBH + height | H57: =IF(OR($D57="",$F57=""),"",IF($E57>0,INDEX('R1. Tree Coefficients'!$F:$F,$F57+0)*($D57^INDEX('R1. Tree Coefficients'!$G:$G,$F57+0))*($E57^INDEX('R1. Tree Coefficients'!$H:$H,$F57+0)),INDEX('R1. Tree Coefficients'!$D:$D,$F57+0)*($D57^INDEX('R1. Tree Coefficients'!$E:$E,$F57+0)))) -> 26.65917 | I57: =IF(OR($D57="",$F57=""),"",IF($E57>0,INDEX('R1. Tree Coefficients'!$F:$F,$F57+1)*($D57^INDEX('R1. Tree Coefficients'!$G:$G,$F57+1))*($E57^INDEX('R1. Tree Coefficients'!$H:$H,$F57+1)),INDEX('R1. Tree Coefficients'!$D:$D,$F57+1)*($D57^INDEX('R1. Tree Coefficients'!$E:$E,$F57+1)))) -> 4.6735253 | J57: =IF(OR($D57="",$F57=""),"",IF($E57>0,INDEX('R1. Tree Coefficients'!$F:$F,$F57+2)*($D57^INDEX('R1. Tree Coefficients'!$G:$G,$F57+2))*($E57^INDEX('R1. Tree Coefficients'!$H:$H,$F57+2)),INDEX('R1. Tree Coefficients'!$D:$D,$F57+2)*($D57^INDEX('R1. Tree Coefficients'!$E:$E,$F57+2)))) -> 4.2156056 | K57: =IF(OR($D57="",$F57=""),"",IF($E57>0,INDEX('R1. Tree Coefficients'!$F:$F,$F57+3)*($D57^INDEX('R1. Tree Coefficients'!$G:$G,$F57+3))*($E57^INDEX('R1. Tree Coefficients'!$H:$H,$F57+3)),INDEX('R1. Tree Coefficients'!$D:$D,$F57+3)*($D57^INDEX('R1. Tree Coefficients'!$E:$E,$F57+3)))) -> 5.4421811 | L57: =IF($F57="","",IFERROR(SUM($H57:$K57),"")) -> 40.990482 | M57: =IF($F57="","",INDEX('R1. Tree Coefficients'!$J:$J,$F57)) -> Conifers | N57: =IF($L57="","",IF($M57="Deciduous",BGB_RS_DECIDUOUS_a*($L57^BGB_RS_DECIDUOUS_b),IF($M57="Conifers",BGB_RS_CONIFER*$L57,AVERAGE(BGB_RS_DECIDUOUS_a*($L57^BGB_RS_DECIDUOUS_b),BGB_RS_CONIFER*$L57)))) -> 9.0998869 | O57: =IF($L57="","",$L57+$N57) -> 50.090369 | P57: =IF($O57="","",$O57*CARBON_FRACTION_BIOMASS) -> 25.045184 | Q57: =IF(AND($A57="",$C57=""),"",IF(AND($A57<>"",COUNTIF('1. Plot & Site Log'!$A$5:$A$64,$A57)=0),"Plot ID not in Plot & Site Log — this tree will not reach the summary. ","")&IF($A57="","No Plot ID. ","")&IF(AND($C57<>"",$F57=""),"Species not in the coefficient list — check the spelling against R1. ","")&IF($D57="","No DBH — nothing can be calculated. ","")&IF(AND($D57<>"",$D57>QC_DBH_MAX_CM),"DBH above "&QC_DBH_MAX_CM&" cm — check for a transcription error. ","")&IF($M57="All","Generic species: no published root:shoot applies, so below-ground biomass is the mean of the deciduous and conifer relationships. Choose a species, or Deciduous/Conifers, if you can. ","")&IF(AND($O57<>"",$O57>0,OR($N57/$O57<BGB_FRACTION_MIN,$N57/$O57>BGB_FRACTION_MAX)),"Below-ground share is "&TEXT($N57/$O57,"0%")&", outside the 18–30% the Trees guide describes. ",""))
A58: BC-01 | B58: 11 | C58: Black spruce | D58: 8.2 | F58: =IF($C58="","",IFERROR(12+(MATCH($C58,'R1. Tree Coefficients'!$L$12:$L$53,0)-1)*4,"")) -> 48 | G58: =IF($F58="","",IF(AND($E58<>"",$E58>0),"DBH + height","DBH only")) -> DBH only | H58: =IF(OR($D58="",$F58=""),"",IF($E58>0,INDEX('R1. Tree Coefficients'!$F:$F,$F58+0)*($D58^INDEX('R1. Tree Coefficients'!$G:$G,$F58+0))*($E58^INDEX('R1. Tree Coefficients'!$H:$H,$F58+0)),INDEX('R1. Tree Coefficients'!$D:$D,$F58+0)*($D58^INDEX('R1. Tree Coefficients'!$E:$E,$F58+0)))) -> 9.5619422 | I58: =IF(OR($D58="",$F58=""),"",IF($E58>0,INDEX('R1. Tree Coefficients'!$F:$F,$F58+1)*($D58^INDEX('R1. Tree Coefficients'!$G:$G,$F58+1))*($E58^INDEX('R1. Tree Coefficients'!$H:$H,$F58+1)),INDEX('R1. Tree Coefficients'!$D:$D,$F58+1)*($D58^INDEX('R1. Tree Coefficients'!$E:$E,$F58+1)))) -> 1.6818784 | J58: =IF(OR($D58="",$F58=""),"",IF($E58>0,INDEX('R1. Tree Coefficients'!$F:$F,$F58+2)*($D58^INDEX('R1. Tree Coefficients'!$G:$G,$F58+2))*($E58^INDEX('R1. Tree Coefficients'!$H:$H,$F58+2)),INDEX('R1. Tree Coefficients'!$D:$D,$F58+2)*($D58^INDEX('R1. Tree Coefficients'!$E:$E,$F58+2)))) -> 2.2916491 | K58: =IF(OR($D58="",$F58=""),"",IF($E58>0,INDEX('R1. Tree Coefficients'!$F:$F,$F58+3)*($D58^INDEX('R1. Tree Coefficients'!$G:$G,$F58+3))*($E58^INDEX('R1. Tree Coefficients'!$H:$H,$F58+3)),INDEX('R1. Tree Coefficients'!$D:$D,$F58+3)*($D58^INDEX('R1. Tree Coefficients'!$E:$E,$F58+3)))) -> 3.251472 | L58: =IF($F58="","",IFERROR(SUM($H58:$K58),"")) -> 16.786942 | M58: =IF($F58="","",INDEX('R1. Tree Coefficients'!$J:$J,$F58)) -> Conifers | N58: =IF($L58="","",IF($M58="Deciduous",BGB_RS_DECIDUOUS_a*($L58^BGB_RS_DECIDUOUS_b),IF($M58="Conifers",BGB_RS_CONIFER*$L58,AVERAGE(BGB_RS_DECIDUOUS_a*($L58^BGB_RS_DECIDUOUS_b),BGB_RS_CONIFER*$L58)))) -> 3.7267011 | O58: =IF($L58="","",$L58+$N58) -> 20.513643 | P58: =IF($O58="","",$O58*CARBON_FRACTION_BIOMASS) -> 10.256821 | Q58: =IF(AND($A58="",$C58=""),"",IF(AND($A58<>"",COUNTIF('1. Plot & Site Log'!$A$5:$A$64,$A58)=0),"Plot ID not in Plot & Site Log — this tree will not reach the summary. ","")&IF($A58="","No Plot ID. ","")&IF(AND($C58<>"",$F58=""),"Species not in the coefficient list — check the spelling against R1. ","")&IF($D58="","No DBH — nothing can be calculated. ","")&IF(AND($D58<>"",$D58>QC_DBH_MAX_CM),"DBH above "&QC_DBH_MAX_CM&" cm — check for a transcription error. ","")&IF($M58="All","Generic species: no published root:shoot applies, so below-ground biomass is the mean of the deciduous and conifer relationships. Choose a species, or Deciduous/Conifers, if you can. ","")&IF(AND($O58<>"",$O58>0,OR($N58/$O58<BGB_FRACTION_MIN,$N58/$O58>BGB_FRACTION_MAX)),"Below-ground share is "&TEXT($N58/$O58,"0%")&", outside the 18–30% the Trees guide describes. ",""))
A59: BC-01 | B59: 12 | C59: White birch | D59: 14.3 | F59: =IF($C59="","",IFERROR(12+(MATCH($C59,'R1. Tree Coefficients'!$L$12:$L$53,0)-1)*4,"")) -> 160 | G59: =IF($F59="","",IF(AND($E59<>"",$E59>0),"DBH + height","DBH only")) -> DBH only | H59: =IF(OR($D59="",$F59=""),"",IF($E59>0,INDEX('R1. Tree Coefficients'!$F:$F,$F59+0)*($D59^INDEX('R1. Tree Coefficients'!$G:$G,$F59+0))*($E59^INDEX('R1. Tree Coefficients'!$H:$H,$F59+0)),INDEX('R1. Tree Coefficients'!$D:$D,$F59+0)*($D59^INDEX('R1. Tree Coefficients'!$E:$E,$F59+0)))) -> 46.199806 | I59: =IF(OR($D59="",$F59=""),"",IF($E59>0,INDEX('R1. Tree Coefficients'!$F:$F,$F59+1)*($D59^INDEX('R1. Tree Coefficients'!$G:$G,$F59+1))*($E59^INDEX('R1. Tree Coefficients'!$H:$H,$F59+1)),INDEX('R1. Tree Coefficients'!$D:$D,$F59+1)*($D59^INDEX('R1. Tree Coefficients'!$E:$E,$F59+1)))) -> 8.1290246 | J59: =IF(OR($D59="",$F59=""),"",IF($E59>0,INDEX('R1. Tree Coefficients'!$F:$F,$F59+2)*($D59^INDEX('R1. Tree Coefficients'!$G:$G,$F59+2))*($E59^INDEX('R1. Tree Coefficients'!$H:$H,$F59+2)),INDEX('R1. Tree Coefficients'!$D:$D,$F59+2)*($D59^INDEX('R1. Tree Coefficients'!$E:$E,$F59+2)))) -> 12.0749 | K59: =IF(OR($D59="",$F59=""),"",IF($E59>0,INDEX('R1. Tree Coefficients'!$F:$F,$F59+3)*($D59^INDEX('R1. Tree Coefficients'!$G:$G,$F59+3))*($E59^INDEX('R1. Tree Coefficients'!$H:$H,$F59+3)),INDEX('R1. Tree Coefficients'!$D:$D,$F59+3)*($D59^INDEX('R1. Tree Coefficients'!$E:$E,$F59+3)))) -> 4.2100219 | L59: =IF($F59="","",IFERROR(SUM($H59:$K59),"")) -> 70.613753 | M59: =IF($F59="","",INDEX('R1. Tree Coefficients'!$J:$J,$F59)) -> Deciduous | N59: =IF($L59="","",IF($M59="Deciduous",BGB_RS_DECIDUOUS_a*($L59^BGB_RS_DECIDUOUS_b),IF($M59="Conifers",BGB_RS_CONIFER*$L59,AVERAGE(BGB_RS_DECIDUOUS_a*($L59^BGB_RS_DECIDUOUS_b),BGB_RS_CONIFER*$L59)))) -> 21.608426 | O59: =IF($L59="","",$L59+$N59) -> 92.222179 | P59: =IF($O59="","",$O59*CARBON_FRACTION_BIOMASS) -> 46.111089 | Q59: =IF(AND($A59="",$C59=""),"",IF(AND($A59<>"",COUNTIF('1. Plot & Site Log'!$A$5:$A$64,$A59)=0),"Plot ID not in Plot & Site Log — this tree will not reach the summary. ","")&IF($A59="","No Plot ID. ","")&IF(AND($C59<>"",$F59=""),"Species not in the coefficient list — check the spelling against R1. ","")&IF($D59="","No DBH — nothing can be calculated. ","")&IF(AND($D59<>"",$D59>QC_DBH_MAX_CM),"DBH above "&QC_DBH_MAX_CM&" cm — check for a transcription error. ","")&IF($M59="All","Generic species: no published root:shoot applies, so below-ground biomass is the mean of the deciduous and conifer relationships. Choose a species, or Deciduous/Conifers, if you can. ","")&IF(AND($O59<>"",$O59>0,OR($N59/$O59<BGB_FRACTION_MIN,$N59/$O59>BGB_FRACTION_MAX)),"Below-ground share is "&TEXT($N59/$O59,"0%")&", outside the 18–30% the Trees guide describes. ",""))
A60: BC-01 | B60: 13 | C60: Black spruce | D60: 6.2 | E60: 8 | F60: =IF($C60="","",IFERROR(12+(MATCH($C60,'R1. Tree Coefficients'!$L$12:$L$53,0)-1)*4,"")) -> 48 | G60: =IF($F60="","",IF(AND($E60<>"",$E60>0),"DBH + height","DBH only")) -> DBH + height | H60: =IF(OR($D60="",$F60=""),"",IF($E60>0,INDEX('R1. Tree Coefficients'!$F:$F,$F60+0)*($D60^INDEX('R1. Tree Coefficients'!$G:$G,$F60+0))*($E60^INDEX('R1. Tree Coefficients'!$H:$H,$F60+0)),INDEX('R1. Tree Coefficients'!$D:$D,$F60+0)*($D60^INDEX('R1. Tree Coefficients'!$E:$E,$F60+0)))) -> 6.1819248 | I60: =IF(OR($D60="",$F60=""),"",IF($E60>0,INDEX('R1. Tree Coefficients'!$F:$F,$F60+1)*($D60^INDEX('R1. Tree Coefficients'!$G:$G,$F60+1))*($E60^INDEX('R1. Tree Coefficients'!$H:$H,$F60+1)),INDEX('R1. Tree Coefficients'!$D:$D,$F60+1)*($D60^INDEX('R1. Tree Coefficients'!$E:$E,$F60+1)))) -> 1.0995992 | J60: =IF(OR($D60="",$F60=""),"",IF($E60>0,INDEX('R1. Tree Coefficients'!$F:$F,$F60+2)*($D60^INDEX('R1. Tree Coefficients'!$G:$G,$F60+2))*($E60^INDEX('R1. Tree Coefficients'!$H:$H,$F60+2)),INDEX('R1. Tree Coefficients'!$D:$D,$F60+2)*($D60^INDEX('R1. Tree Coefficients'!$E:$E,$F60+2)))) -> 0.7973451 | K60: =IF(OR($D60="",$F60=""),"",IF($E60>0,INDEX('R1. Tree Coefficients'!$F:$F,$F60+3)*($D60^INDEX('R1. Tree Coefficients'!$G:$G,$F60+3))*($E60^INDEX('R1. Tree Coefficients'!$H:$H,$F60+3)),INDEX('R1. Tree Coefficients'!$D:$D,$F60+3)*($D60^INDEX('R1. Tree Coefficients'!$E:$E,$F60+3)))) -> 1.3324915 | L60: =IF($F60="","",IFERROR(SUM($H60:$K60),"")) -> 9.4113606 | M60: =IF($F60="","",INDEX('R1. Tree Coefficients'!$J:$J,$F60)) -> Conifers | N60: =IF($L60="","",IF($M60="Deciduous",BGB_RS_DECIDUOUS_a*($L60^BGB_RS_DECIDUOUS_b),IF($M60="Conifers",BGB_RS_CONIFER*$L60,AVERAGE(BGB_RS_DECIDUOUS_a*($L60^BGB_RS_DECIDUOUS_b),BGB_RS_CONIFER*$L60)))) -> 2.0893221 | O60: =IF($L60="","",$L60+$N60) -> 11.500683 | P60: =IF($O60="","",$O60*CARBON_FRACTION_BIOMASS) -> 5.7503413 | Q60: =IF(AND($A60="",$C60=""),"",IF(AND($A60<>"",COUNTIF('1. Plot & Site Log'!$A$5:$A$64,$A60)=0),"Plot ID not in Plot & Site Log — this tree will not reach the summary. ","")&IF($A60="","No Plot ID. ","")&IF(AND($C60<>"",$F60=""),"Species not in the coefficient list — check the spelling against R1. ","")&IF($D60="","No DBH — nothing can be calculated. ","")&IF(AND($D60<>"",$D60>QC_DBH_MAX_CM),"DBH above "&QC_DBH_MAX_CM&" cm — check for a transcription error. ","")&IF($M60="All","Generic species: no published root:shoot applies, so below-ground biomass is the mean of the deciduous and conifer relationships. Choose a species, or Deciduous/Conifers, if you can. ","")&IF(AND($O60<>"",$O60>0,OR($N60/$O60<BGB_FRACTION_MIN,$N60/$O60>BGB_FRACTION_MAX)),"Below-ground share is "&TEXT($N60/$O60,"0%")&", outside the 18–30% the Trees guide describes. ",""))
A61: BC-01 | B61: 14 | C61: Tamarack larch | D61: 5.6 | F61: =IF($C61="","",IFERROR(12+(MATCH($C61,'R1. Tree Coefficients'!$L$12:$L$53,0)-1)*4,"")) -> 140 | G61: =IF($F61="","",IF(AND($E61<>"",$E61>0),"DBH + height","DBH only")) -> DBH only | H61: =IF(OR($D61="",$F61=""),"",IF($E61>0,INDEX('R1. Tree Coefficients'!$F:$F,$F61+0)*($D61^INDEX('R1. Tree Coefficients'!$G:$G,$F61+0))*($E61^INDEX('R1. Tree Coefficients'!$H:$H,$F61+0)),INDEX('R1. Tree Coefficients'!$D:$D,$F61+0)*($D61^INDEX('R1. Tree Coefficients'!$E:$E,$F61+0)))) -> 4.2371146 | I61: =IF(OR($D61="",$F61=""),"",IF($E61>0,INDEX('R1. Tree Coefficients'!$F:$F,$F61+1)*($D61^INDEX('R1. Tree Coefficients'!$G:$G,$F61+1))*($E61^INDEX('R1. Tree Coefficients'!$H:$H,$F61+1)),INDEX('R1. Tree Coefficients'!$D:$D,$F61+1)*($D61^INDEX('R1. Tree Coefficients'!$E:$E,$F61+1)))) -> 0.66054035 | J61: =IF(OR($D61="",$F61=""),"",IF($E61>0,INDEX('R1. Tree Coefficients'!$F:$F,$F61+2)*($D61^INDEX('R1. Tree Coefficients'!$G:$G,$F61+2))*($E61^INDEX('R1. Tree Coefficients'!$H:$H,$F61+2)),INDEX('R1. Tree Coefficients'!$D:$D,$F61+2)*($D61^INDEX('R1. Tree Coefficients'!$E:$E,$F61+2)))) -> 0.97062526 | K61: =IF(OR($D61="",$F61=""),"",IF($E61>0,INDEX('R1. Tree Coefficients'!$F:$F,$F61+3)*($D61^INDEX('R1. Tree Coefficients'!$G:$G,$F61+3))*($E61^INDEX('R1. Tree Coefficients'!$H:$H,$F61+3)),INDEX('R1. Tree Coefficients'!$D:$D,$F61+3)*($D61^INDEX('R1. Tree Coefficients'!$E:$E,$F61+3)))) -> 1.0388724 | L61: =IF($F61="","",IFERROR(SUM($H61:$K61),"")) -> 6.9071526 | M61: =IF($F61="","",INDEX('R1. Tree Coefficients'!$J:$J,$F61)) -> Conifers | N61: =IF($L61="","",IF($M61="Deciduous",BGB_RS_DECIDUOUS_a*($L61^BGB_RS_DECIDUOUS_b),IF($M61="Conifers",BGB_RS_CONIFER*$L61,AVERAGE(BGB_RS_DECIDUOUS_a*($L61^BGB_RS_DECIDUOUS_b),BGB_RS_CONIFER*$L61)))) -> 1.5333879 | O61: =IF($L61="","",$L61+$N61) -> 8.4405405 | P61: =IF($O61="","",$O61*CARBON_FRACTION_BIOMASS) -> 4.2202703 | Q61: =IF(AND($A61="",$C61=""),"",IF(AND($A61<>"",COUNTIF('1. Plot & Site Log'!$A$5:$A$64,$A61)=0),"Plot ID not in Plot & Site Log — this tree will not reach the summary. ","")&IF($A61="","No Plot ID. ","")&IF(AND($C61<>"",$F61=""),"Species not in the coefficient list — check the spelling against R1. ","")&IF($D61="","No DBH — nothing can be calculated. ","")&IF(AND($D61<>"",$D61>QC_DBH_MAX_CM),"DBH above "&QC_DBH_MAX_CM&" cm — check for a transcription error. ","")&IF($M61="All","Generic species: no published root:shoot applies, so below-ground biomass is the mean of the deciduous and conifer relationships. Choose a species, or Deciduous/Conifers, if you can. ","")&IF(AND($O61<>"",$O61>0,OR($N61/$O61<BGB_FRACTION_MIN,$N61/$O61>BGB_FRACTION_MAX)),"Below-ground share is "&TEXT($N61/$O61,"0%")&", outside the 18–30% the Trees guide describes. ",""))
A62: BC-01 | B62: 15 | C62: Black spruce | D62: 9.7 | F62: =IF($C62="","",IFERROR(12+(MATCH($C62,'R1. Tree Coefficients'!$L$12:$L$53,0)-1)*4,"")) -> 48 | G62: =IF($F62="","",IF(AND($E62<>"",$E62>0),"DBH + height","DBH only")) -> DBH only | H62: =IF(OR($D62="",$F62=""),"",IF($E62>0,INDEX('R1. Tree Coefficients'!$F:$F,$F62+0)*($D62^INDEX('R1. Tree Coefficients'!$G:$G,$F62+0))*($E62^INDEX('R1. Tree Coefficients'!$H:$H,$F62+0)),INDEX('R1. Tree Coefficients'!$D:$D,$F62+0)*($D62^INDEX('R1. Tree Coefficients'!$E:$E,$F62+0)))) -> 14.558721 | I62: =IF(OR($D62="",$F62=""),"",IF($E62>0,INDEX('R1. Tree Coefficients'!$F:$F,$F62+1)*($D62^INDEX('R1. Tree Coefficients'!$G:$G,$F62+1))*($E62^INDEX('R1. Tree Coefficients'!$H:$H,$F62+1)),INDEX('R1. Tree Coefficients'!$D:$D,$F62+1)*($D62^INDEX('R1. Tree Coefficients'!$E:$E,$F62+1)))) -> 2.454178 | J62: =IF(OR($D62="",$F62=""),"",IF($E62>0,INDEX('R1. Tree Coefficients'!$F:$F,$F62+2)*($D62^INDEX('R1. Tree Coefficients'!$G:$G,$F62+2))*($E62^INDEX('R1. Tree Coefficients'!$H:$H,$F62+2)),INDEX('R1. Tree Coefficients'!$D:$D,$F62+2)*($D62^INDEX('R1. Tree Coefficients'!$E:$E,$F62+2)))) -> 3.2474541 | K62: =IF(OR($D62="",$F62=""),"",IF($E62>0,INDEX('R1. Tree Coefficients'!$F:$F,$F62+3)*($D62^INDEX('R1. Tree Coefficients'!$G:$G,$F62+3))*($E62^INDEX('R1. Tree Coefficients'!$H:$H,$F62+3)),INDEX('R1. Tree Coefficients'!$D:$D,$F62+3)*($D62^INDEX('R1. Tree Coefficients'!$E:$E,$F62+3)))) -> 4.1289604 | L62: =IF($F62="","",IFERROR(SUM($H62:$K62),"")) -> 24.389313 | M62: =IF($F62="","",INDEX('R1. Tree Coefficients'!$J:$J,$F62)) -> Conifers | N62: =IF($L62="","",IF($M62="Deciduous",BGB_RS_DECIDUOUS_a*($L62^BGB_RS_DECIDUOUS_b),IF($M62="Conifers",BGB_RS_CONIFER*$L62,AVERAGE(BGB_RS_DECIDUOUS_a*($L62^BGB_RS_DECIDUOUS_b),BGB_RS_CONIFER*$L62)))) -> 5.4144275 | O62: =IF($L62="","",$L62+$N62) -> 29.803741 | P62: =IF($O62="","",$O62*CARBON_FRACTION_BIOMASS) -> 14.90187 | Q62: =IF(AND($A62="",$C62=""),"",IF(AND($A62<>"",COUNTIF('1. Plot & Site Log'!$A$5:$A$64,$A62)=0),"Plot ID not in Plot & Site Log — this tree will not reach the summary. ","")&IF($A62="","No Plot ID. ","")&IF(AND($C62<>"",$F62=""),"Species not in the coefficient list — check the spelling against R1. ","")&IF($D62="","No DBH — nothing can be calculated. ","")&IF(AND($D62<>"",$D62>QC_DBH_MAX_CM),"DBH above "&QC_DBH_MAX_CM&" cm — check for a transcription error. ","")&IF($M62="All","Generic species: no published root:shoot applies, so below-ground biomass is the mean of the deciduous and conifer relationships. Choose a species, or Deciduous/Conifers, if you can. ","")&IF(AND($O62<>"",$O62>0,OR($N62/$O62<BGB_FRACTION_MIN,$N62/$O62>BGB_FRACTION_MAX)),"Below-ground share is "&TEXT($N62/$O62,"0%")&", outside the 18–30% the Trees guide describes. ",""))
A63: BC-01 | B63: 16 | C63: Tamarack larch | D63: 17.5 | E63: 12.3 | F63: =IF($C63="","",IFERROR(12+(MATCH($C63,'R1. Tree Coefficients'!$L$12:$L$53,0)-1)*4,"")) -> 140 | G63: =IF($F63="","",IF(AND($E63<>"",$E63>0),"DBH + height","DBH only")) -> DBH + height | H63: =IF(OR($D63="",$F63=""),"",IF($E63>0,INDEX('R1. Tree Coefficients'!$F:$F,$F63+0)*($D63^INDEX('R1. Tree Coefficients'!$G:$G,$F63+0))*($E63^INDEX('R1. Tree Coefficients'!$H:$H,$F63+0)),INDEX('R1. Tree Coefficients'!$D:$D,$F63+0)*($D63^INDEX('R1. Tree Coefficients'!$E:$E,$F63+0)))) -> 58.471513 | I63: =IF(OR($D63="",$F63=""),"",IF($E63>0,INDEX('R1. Tree Coefficients'!$F:$F,$F63+1)*($D63^INDEX('R1. Tree Coefficients'!$G:$G,$F63+1))*($E63^INDEX('R1. Tree Coefficients'!$H:$H,$F63+1)),INDEX('R1. Tree Coefficients'!$D:$D,$F63+1)*($D63^INDEX('R1. Tree Coefficients'!$E:$E,$F63+1)))) -> 6.8080653 | J63: =IF(OR($D63="",$F63=""),"",IF($E63>0,INDEX('R1. Tree Coefficients'!$F:$F,$F63+2)*($D63^INDEX('R1. Tree Coefficients'!$G:$G,$F63+2))*($E63^INDEX('R1. Tree Coefficients'!$H:$H,$F63+2)),INDEX('R1. Tree Coefficients'!$D:$D,$F63+2)*($D63^INDEX('R1. Tree Coefficients'!$E:$E,$F63+2)))) -> 14.507002 | K63: =IF(OR($D63="",$F63=""),"",IF($E63>0,INDEX('R1. Tree Coefficients'!$F:$F,$F63+3)*($D63^INDEX('R1. Tree Coefficients'!$G:$G,$F63+3))*($E63^INDEX('R1. Tree Coefficients'!$H:$H,$F63+3)),INDEX('R1. Tree Coefficients'!$D:$D,$F63+3)*($D63^INDEX('R1. Tree Coefficients'!$E:$E,$F63+3)))) -> 6.203328 | L63: =IF($F63="","",IFERROR(SUM($H63:$K63),"")) -> 85.989909 | M63: =IF($F63="","",INDEX('R1. Tree Coefficients'!$J:$J,$F63)) -> Conifers | N63: =IF($L63="","",IF($M63="Deciduous",BGB_RS_DECIDUOUS_a*($L63^BGB_RS_DECIDUOUS_b),IF($M63="Conifers",BGB_RS_CONIFER*$L63,AVERAGE(BGB_RS_DECIDUOUS_a*($L63^BGB_RS_DECIDUOUS_b),BGB_RS_CONIFER*$L63)))) -> 19.08976 | O63: =IF($L63="","",$L63+$N63) -> 105.07967 | P63: =IF($O63="","",$O63*CARBON_FRACTION_BIOMASS) -> 52.539834 | Q63: =IF(AND($A63="",$C63=""),"",IF(AND($A63<>"",COUNTIF('1. Plot & Site Log'!$A$5:$A$64,$A63)=0),"Plot ID not in Plot & Site Log — this tree will not reach the summary. ","")&IF($A63="","No Plot ID. ","")&IF(AND($C63<>"",$F63=""),"Species not in the coefficient list — check the spelling against R1. ","")&IF($D63="","No DBH — nothing can be calculated. ","")&IF(AND($D63<>"",$D63>QC_DBH_MAX_CM),"DBH above "&QC_DBH_MAX_CM&" cm — check for a transcription error. ","")&IF($M63="All","Generic species: no published root:shoot applies, so below-ground biomass is the mean of the deciduous and conifer relationships. Choose a species, or Deciduous/Conifers, if you can. ","")&IF(AND($O63<>"",$O63>0,OR($N63/$O63<BGB_FRACTION_MIN,$N63/$O63>BGB_FRACTION_MAX)),"Below-ground share is "&TEXT($N63/$O63,"0%")&", outside the 18–30% the Trees guide describes. ",""))
A64: BC-01 | B64: 17 | C64: Black spruce | D64: 7.3 | F64: =IF($C64="","",IFERROR(12+(MATCH($C64,'R1. Tree Coefficients'!$L$12:$L$53,0)-1)*4,"")) -> 48 | G64: =IF($F64="","",IF(AND($E64<>"",$E64>0),"DBH + height","DBH only")) -> DBH only | H64: =IF(OR($D64="",$F64=""),"",IF($E64>0,INDEX('R1. Tree Coefficients'!$F:$F,$F64+0)*($D64^INDEX('R1. Tree Coefficients'!$G:$G,$F64+0))*($E64^INDEX('R1. Tree Coefficients'!$H:$H,$F64+0)),INDEX('R1. Tree Coefficients'!$D:$D,$F64+0)*($D64^INDEX('R1. Tree Coefficients'!$E:$E,$F64+0)))) -> 7.1481294 | I64: =IF(OR($D64="",$F64=""),"",IF($E64>0,INDEX('R1. Tree Coefficients'!$F:$F,$F64+1)*($D64^INDEX('R1. Tree Coefficients'!$G:$G,$F64+1))*($E64^INDEX('R1. Tree Coefficients'!$H:$H,$F64+1)),INDEX('R1. Tree Coefficients'!$D:$D,$F64+1)*($D64^INDEX('R1. Tree Coefficients'!$E:$E,$F64+1)))) -> 1.2948521 | J64: =IF(OR($D64="",$F64=""),"",IF($E64>0,INDEX('R1. Tree Coefficients'!$F:$F,$F64+2)*($D64^INDEX('R1. Tree Coefficients'!$G:$G,$F64+2))*($E64^INDEX('R1. Tree Coefficients'!$H:$H,$F64+2)),INDEX('R1. Tree Coefficients'!$D:$D,$F64+2)*($D64^INDEX('R1. Tree Coefficients'!$E:$E,$F64+2)))) -> 1.8004218 | K64: =IF(OR($D64="",$F64=""),"",IF($E64>0,INDEX('R1. Tree Coefficients'!$F:$F,$F64+3)*($D64^INDEX('R1. Tree Coefficients'!$G:$G,$F64+3))*($E64^INDEX('R1. Tree Coefficients'!$H:$H,$F64+3)),INDEX('R1. Tree Coefficients'!$D:$D,$F64+3)*($D64^INDEX('R1. Tree Coefficients'!$E:$E,$F64+3)))) -> 2.7559525 | L64: =IF($F64="","",IFERROR(SUM($H64:$K64),"")) -> 12.999356 | M64: =IF($F64="","",INDEX('R1. Tree Coefficients'!$J:$J,$F64)) -> Conifers | N64: =IF($L64="","",IF($M64="Deciduous",BGB_RS_DECIDUOUS_a*($L64^BGB_RS_DECIDUOUS_b),IF($M64="Conifers",BGB_RS_CONIFER*$L64,AVERAGE(BGB_RS_DECIDUOUS_a*($L64^BGB_RS_DECIDUOUS_b),BGB_RS_CONIFER*$L64)))) -> 2.885857 | O64: =IF($L64="","",$L64+$N64) -> 15.885213 | P64: =IF($O64="","",$O64*CARBON_FRACTION_BIOMASS) -> 7.9426064 | Q64: =IF(AND($A64="",$C64=""),"",IF(AND($A64<>"",COUNTIF('1. Plot & Site Log'!$A$5:$A$64,$A64)=0),"Plot ID not in Plot & Site Log — this tree will not reach the summary. ","")&IF($A64="","No Plot ID. ","")&IF(AND($C64<>"",$F64=""),"Species not in the coefficient list — check the spelling against R1. ","")&IF($D64="","No DBH — nothing can be calculated. ","")&IF(AND($D64<>"",$D64>QC_DBH_MAX_CM),"DBH above "&QC_DBH_MAX_CM&" cm — check for a transcription error. ","")&IF($M64="All","Generic species: no published root:shoot applies, so below-ground biomass is the mean of the deciduous and conifer relationships. Choose a species, or Deciduous/Conifers, if you can. ","")&IF(AND($O64<>"",$O64>0,OR($N64/$O64<BGB_FRACTION_MIN,$N64/$O64>BGB_FRACTION_MAX)),"Below-ground share is "&TEXT($N64/$O64,"0%")&", outside the 18–30% the Trees guide describes. ",""))
