Workbook

Sheet 0. Instructions
A1: GRASSLAND CARBON CALCULATOR
A2: WWF-Canada Carbon Measurement · Grassland Carbon Workshop
A4: What this workbook does | B4: Turns soil cores, separated roots and clipped vegetation into a carbon stock in kg C/m², scales plots to sites and to your study area, and checks the precision you achieved against the target you set in Part 2.
A6: COLOUR KEY
A7: Yellow | B7: TYPE HERE — field measurements you record.
A8: Blue | B8: TYPE HERE — lab results, once they come back.
A9: Orange | B9: NEEDS YOUR INPUT — a value this workshop cannot supply. Every one has a working default and a flag that stays lit until you replace it. They are all listed on '8. Fill Me In'.
A10: Grey | B10: Calculated for you. Do not type in grey cells.
A11: Green | B11: Summary — calculated.
A12: Red | B12: A QC flag. Read it; it is an instruction, not a decoration.
A14: FILL THE TABS IN THIS ORDER — each one joins to the ones above it
A15: 1. Plot & Site Log | B15: One row per plot. Everything keys to Plot ID, so fill this first.
A16: 2. Soil Data | B16: One row per depth increment per core. Joins on Plot ID and Core ID.
A17: 3. Root Biomass | B17: One row per increment per diameter class per live/dead state.
A18: 4. Vegetation Data | B18: One row per plot. Clip-and-weigh, shrubs, and tree carbon carried across from the Forests calculator.
A19: 5. Plot Summary | B19: Calculated. One row per plot.
A20: 6. Site Summary | B20: Calculated, except Site ID and site area. Soil and roots are checked against SEPARATE precision targets.
A21: 7. Settings | B21: Everything the workbook assumes. Orange rows need you.
A22: 8. Fill Me In | B22: Every orange cell in one list, with what happens if you leave it.
A23: R1. Reference | B23: Lookup tables — carbon fractions, grassland types, the bulk-density basis question.
A25: THREE THINGS THIS WORKBOOK WILL NOT LET YOU SKIP
A26: Roots and soil carbon can be double counted | B26: Soil carbon analysis conventionally removes visible roots, but fine roots stay in the sample. If root carbon is then added to a soil stock that already contains it, the same carbon is counted twice. ROOT_SOIL_REPORTING_BOUNDARY records which roots the soil sample no longer contains; until it is agreed with the lab, the Plot Summary refuses to add the two pools.
A27: 30 cm is a floor, not a total | B27: Native grassland roots reach metres. A root total whose deepest increment is simply the bottom of the core is a MINIMUM, and the Plot Summary flags it as one.
A28: A standing crop is not a stock | B28: Clipped vegetation grows from nothing each spring and is gone by autumn. It is reported in its own column and never merged into the soil figure.

Sheet 1. Plot & Site Log
A1: PLOT & SITE LOG
A2: ONE ROW PER PLOT. Fill this in first — everything joins to it on Plot ID. Management, grazing and fire are not optional context: they are the stratification variables, and they are what lets you post-stratify if your interval comes out wide.
A4: Plot ID | B4: Site ID | C4: Study area | D4: Date | E4: Location | F4: Latitude | G4: Longitude | H4: GNSS accuracy (m) | I4: Datum | J4: Elevation (m) | K4: Grassland type | L4: Management | M4: Grazing regime | N4: Years since fire | O4: Cultivation history | P4: Restoration year | Q4: Native or seeded | R4: Canopy cover (%) | S4: Slope position | T4: Notes
A5: GP-01 | B5: S1 | C5: RC | D5: 2026-08-05 | E5: Prairie unit | F5: 50.9 | G5: -104.62 | H5: 0.5 | I5: WGS84 | J5: 580 | K5: Prairie | L5: Never cultivated | M5: Season-long | N5: 12 | O5: Native sward | P5: 0 | Q5: Mid slope
A6: GP-02 | B6: S1 | C6: RC | D6: 2026-08-05 | E6: Prairie unit | F6: 50.904 | G6: -104.625 | H6: 0.5 | I6: WGS84 | J6: 577 | K6: Prairie | L6: Never cultivated | M6: Season-long | N6: 12 | O6: Native sward | P6: 0 | Q6: Mid slope
A7: GP-03 | B7: S1 | C7: RC | D7: 2026-08-05 | E7: Prairie unit | F7: 50.908 | G7: -104.63 | H7: 0.5 | I7: WGS84 | J7: 574 | K7: Prairie | L7: Never cultivated | M7: Season-long | N7: 12 | O7: Native sward | P7: 0 | Q7: Mid slope
A8: UP-01 | B8: S2 | C8: RC | D8: 2026-08-05 | E8: Prairie unit | F8: 50.912 | G8: -104.635 | H8: 0.5 | I8: WGS84 | J8: 571 | K8: Prairie | L8: Never cultivated | M8: None | N8: 12 | O8: Native sward | P8: 0 | Q8: Mid slope
A9: UP-02 | B9: S2 | C9: RC | D9: 2026-08-05 | E9: Prairie unit | F9: 50.916 | G9: -104.64 | H9: 0.5 | I9: WGS84 | J9: 568 | K9: Prairie | L9: Never cultivated | M9: None | N9: 12 | O9: Native sward | P9: 0 | Q9: Mid slope
A10: UP-03 | B10: S2 | C10: RC | D10: 2026-08-05 | E10: Prairie unit | F10: 50.92 | G10: -104.645 | H10: 0.5 | I10: WGS84 | J10: 565 | K10: Prairie | L10: Never cultivated | M10: None | N10: 12 | O10: Native sward | P10: 0 | Q10: Mid slope
A11: BOS-01 | B11: S3 | C11: RC | D11: 2026-08-05 | E11: Black Oak savannah unit | F11: 50.924 | G11: -104.65 | H11: 0.5 | I11: WGS84 | J11: 562 | K11: Black Oak savannah | L11: Never cultivated | M11: None | N11: 3 | O11: Native sward | P11: 28 | Q11: Mid slope
A12: BOS-02 | B12: S3 | C12: RC | D12: 2026-08-05 | E12: Black Oak savannah unit | F12: 50.928 | G12: -104.655 | H12: 0.5 | I12: WGS84 | J12: 559 | K12: Black Oak savannah | L12: Never cultivated | M12: None | N12: 3 | O12: Native sward | P12: 31 | Q12: Mid slope
A13: BOS-03 | B13: S3 | C13: RC | D13: 2026-08-05 | E13: Black Oak savannah unit | F13: 50.932 | G13: -104.66 | H13: 0.5 | I13: WGS84 | J13: 556 | K13: Black Oak savannah | L13: Never cultivated | M13: None | N13: 9 | O13: Native sward | P13: 22 | Q13: Mid slope

Sheet 2. Soil Data
A1: SOIL DATA
A2: ONE ROW PER DEPTH INCREMENT PER CORE. Record the ACTUAL top and bottom depths, not the ones you planned — a truncated increment scaled as a full one is a silent error. Bulk density and carbon come back from the lab.
A4: Plot ID | B4: Core ID | C4: Increment # | D4: Top depth (cm) | E4: Bottom depth (cm) | F4: Thickness (cm) | G4: Corer internal diameter (cm) | H4: Depth driven (cm) | I4: Length recovered (cm) | J4: Recovery ratio | K4: Coarse fragments (% vol) | L4: Bulk density basis | M4: Bulk density (g/cm³) | N4: Organic carbon (%) | O4: BD used (g/cm³) | P4: Stock, increment (kg C/m²) | Q4: Thickness within reporting depth (cm) | R4: Stock to reporting depth (kg C/m²) | S4: QC flags | T4: Notes | U4: _first_of_core
A5: GP-01 | B5: GP-01-C1 | C5: 1 | D5: 0 | E5: 10 | F5: =IF(OR($D5="",$E5=""),"",$E5-$D5) -> 10 | G5: 5 | H5: 10 | I5: 10 | J5: =IF(OR(NOT(ISNUMBER($H5)),NOT(ISNUMBER($I5)),$H5=0),"",$I5/$H5) -> 1 | K5: 2 | L5: Fine earth / total volume | M5: 1.019 | N5: 4.816 | O5: =IF(NOT(ISNUMBER($M5)),"",IF($L5="Fine earth / fine-earth volume",$M5*(1-IF(ISNUMBER($K5),$K5,0)/100),$M5)) -> 1.019 | P5: =IF(OR(NOT(ISNUMBER($O5)),NOT(ISNUMBER($N5)),NOT(ISNUMBER($F5))),"",$O5*($N5/100)*$F5*10) -> 4.907504 | Q5: =IF(OR(NOT(ISNUMBER($D5)),NOT(ISNUMBER($E5))),"",MAX(0,MIN($E5,SOIL_REPORTING_DEPTH_CM)-MIN($D5,SOIL_REPORTING_DEPTH_CM))) -> 10 | R5: =IF(OR(NOT(ISNUMBER($O5)),NOT(ISNUMBER($N5)),NOT(ISNUMBER($Q5))),"",$O5*($N5/100)*$Q5*10) -> 4.907504 | S5: =IF(AND($A5="",$B5="",$D5=""),"",IF(AND($A5<>"",COUNTIF('1. Plot & Site Log'!$A$5:$A$64,$A5)=0),"Plot ID not in the Plot & Site Log. ","")&IF(AND(ISNUMBER($D5),ISNUMBER($E5),$E5<=$D5),"Bottom depth is not below top depth. ","")&IF($L5="Not confirmed","Bulk-density basis not confirmed with the lab — the coarse-fragment correction may be wrong or doubled. ","")&IF(LAB_BULK_DENSITY_BASIS="Not confirmed","No lab bulk-density basis is on file in Settings (LAB_BULK_DENSITY_BASIS), so nothing checks this row. ","")&IF(AND($L5<>"",LAB_BULK_DENSITY_BASIS<>"Not confirmed",$L5<>LAB_BULK_DENSITY_BASIS),"This row's bulk-density basis disagrees with the lab method on file. One of "&"the two is wrong, and the coarse-fragment correction follows the row. ","")&IF(AND(ISNUMBER($M5),OR($M5<QC_BD_MIN,$M5>QC_BD_MAX)),"Bulk density outside the plausible range for a mineral grassland soil. ","")&IF(AND(ISNUMBER($N5),$N5>QC_CARBON_PCT_MAX),"Organic carbon above the QC ceiling — check units, and whether this is an organic horizon. ","")&IF(AND(ISNUMBER($J5),$J5<QC_RECOVERY_MIN),"Recovered less than the QC minimum of the depth driven — the increments may not sit where you think. Do NOT stretch them back out. ","")&IF(AND(ISNUMBER($K5),$K5>0,$L5="Fine earth / total volume"),"Coarse fragments recorded and the lab basis already accounts for them — no further correction applied, which is correct. ","")) -> Coarse fragments recorded and the lab basis already accounts for them — no further correction applied, which is correct. | U5: =IF($B5="",0,IF(COUNTIFS($B$5:$B5,$B5)=1,1,0)) -> 1
A6: GP-01 | B6: GP-01-C1 | C6: 2 | D6: 10 | E6: 20 | F6: =IF(OR($D6="",$E6=""),"",$E6-$D6) -> 10 | G6: 5 | H6: 20 | I6: 20 | J6: =IF(OR(NOT(ISNUMBER($H6)),NOT(ISNUMBER($I6)),$H6=0),"",$I6/$H6) -> 1 | K6: 2 | L6: Fine earth / total volume | M6: 1.182 | N6: 3.003 | O6: =IF(NOT(ISNUMBER($M6)),"",IF($L6="Fine earth / fine-earth volume",$M6*(1-IF(ISNUMBER($K6),$K6,0)/100),$M6)) -> 1.182 | P6: =IF(OR(NOT(ISNUMBER($O6)),NOT(ISNUMBER($N6)),NOT(ISNUMBER($F6))),"",$O6*($N6/100)*$F6*10) -> 3.549546 | Q6: =IF(OR(NOT(ISNUMBER($D6)),NOT(ISNUMBER($E6))),"",MAX(0,MIN($E6,SOIL_REPORTING_DEPTH_CM)-MIN($D6,SOIL_REPORTING_DEPTH_CM))) -> 10 | R6: =IF(OR(NOT(ISNUMBER($O6)),NOT(ISNUMBER($N6)),NOT(ISNUMBER($Q6))),"",$O6*($N6/100)*$Q6*10) -> 3.549546 | S6: =IF(AND($A6="",$B6="",$D6=""),"",IF(AND($A6<>"",COUNTIF('1. Plot & Site Log'!$A$5:$A$64,$A6)=0),"Plot ID not in the Plot & Site Log. ","")&IF(AND(ISNUMBER($D6),ISNUMBER($E6),$E6<=$D6),"Bottom depth is not below top depth. ","")&IF($L6="Not confirmed","Bulk-density basis not confirmed with the lab — the coarse-fragment correction may be wrong or doubled. ","")&IF(LAB_BULK_DENSITY_BASIS="Not confirmed","No lab bulk-density basis is on file in Settings (LAB_BULK_DENSITY_BASIS), so nothing checks this row. ","")&IF(AND($L6<>"",LAB_BULK_DENSITY_BASIS<>"Not confirmed",$L6<>LAB_BULK_DENSITY_BASIS),"This row's bulk-density basis disagrees with the lab method on file. One of "&"the two is wrong, and the coarse-fragment correction follows the row. ","")&IF(AND(ISNUMBER($M6),OR($M6<QC_BD_MIN,$M6>QC_BD_MAX)),"Bulk density outside the plausible range for a mineral grassland soil. ","")&IF(AND(ISNUMBER($N6),$N6>QC_CARBON_PCT_MAX),"Organic carbon above the QC ceiling — check units, and whether this is an organic horizon. ","")&IF(AND(ISNUMBER($J6),$J6<QC_RECOVERY_MIN),"Recovered less than the QC minimum of the depth driven — the increments may not sit where you think. Do NOT stretch them back out. ","")&IF(AND(ISNUMBER($K6),$K6>0,$L6="Fine earth / total volume"),"Coarse fragments recorded and the lab basis already accounts for them — no further correction applied, which is correct. ","")) -> Coarse fragments recorded and the lab basis already accounts for them — no further correction applied, which is correct. | U6: =IF($B6="",0,IF(COUNTIFS($B$5:$B6,$B6)=1,1,0)) -> 0
A7: GP-01 | B7: GP-01-C1 | C7: 3 | D7: 20 | E7: 30 | F7: =IF(OR($D7="",$E7=""),"",$E7-$D7) -> 10 | G7: 5 | H7: 30 | I7: 30 | J7: =IF(OR(NOT(ISNUMBER($H7)),NOT(ISNUMBER($I7)),$H7=0),"",$I7/$H7) -> 1 | K7: 2 | L7: Fine earth / total volume | M7: 1.283 | N7: 2.1 | O7: =IF(NOT(ISNUMBER($M7)),"",IF($L7="Fine earth / fine-earth volume",$M7*(1-IF(ISNUMBER($K7),$K7,0)/100),$M7)) -> 1.283 | P7: =IF(OR(NOT(ISNUMBER($O7)),NOT(ISNUMBER($N7)),NOT(ISNUMBER($F7))),"",$O7*($N7/100)*$F7*10) -> 2.6943 | Q7: =IF(OR(NOT(ISNUMBER($D7)),NOT(ISNUMBER($E7))),"",MAX(0,MIN($E7,SOIL_REPORTING_DEPTH_CM)-MIN($D7,SOIL_REPORTING_DEPTH_CM))) -> 10 | R7: =IF(OR(NOT(ISNUMBER($O7)),NOT(ISNUMBER($N7)),NOT(ISNUMBER($Q7))),"",$O7*($N7/100)*$Q7*10) -> 2.6943 | S7: =IF(AND($A7="",$B7="",$D7=""),"",IF(AND($A7<>"",COUNTIF('1. Plot & Site Log'!$A$5:$A$64,$A7)=0),"Plot ID not in the Plot & Site Log. ","")&IF(AND(ISNUMBER($D7),ISNUMBER($E7),$E7<=$D7),"Bottom depth is not below top depth. ","")&IF($L7="Not confirmed","Bulk-density basis not confirmed with the lab — the coarse-fragment correction may be wrong or doubled. ","")&IF(LAB_BULK_DENSITY_BASIS="Not confirmed","No lab bulk-density basis is on file in Settings (LAB_BULK_DENSITY_BASIS), so nothing checks this row. ","")&IF(AND($L7<>"",LAB_BULK_DENSITY_BASIS<>"Not confirmed",$L7<>LAB_BULK_DENSITY_BASIS),"This row's bulk-density basis disagrees with the lab method on file. One of "&"the two is wrong, and the coarse-fragment correction follows the row. ","")&IF(AND(ISNUMBER($M7),OR($M7<QC_BD_MIN,$M7>QC_BD_MAX)),"Bulk density outside the plausible range for a mineral grassland soil. ","")&IF(AND(ISNUMBER($N7),$N7>QC_CARBON_PCT_MAX),"Organic carbon above the QC ceiling — check units, and whether this is an organic horizon. ","")&IF(AND(ISNUMBER($J7),$J7<QC_RECOVERY_MIN),"Recovered less than the QC minimum of the depth driven — the increments may not sit where you think. Do NOT stretch them back out. ","")&IF(AND(ISNUMBER($K7),$K7>0,$L7="Fine earth / total volume"),"Coarse fragments recorded and the lab basis already accounts for them — no further correction applied, which is correct. ","")) -> Coarse fragments recorded and the lab basis already accounts for them — no further correction applied, which is correct. | U7: =IF($B7="",0,IF(COUNTIFS($B$5:$B7,$B7)=1,1,0)) -> 0
A8: GP-01 | B8: GP-01-C1 | C8: 4 | D8: 30 | E8: 60 | F8: =IF(OR($D8="",$E8=""),"",$E8-$D8) -> 30 | G8: 5 | H8: 60 | I8: 60 | J8: =IF(OR(NOT(ISNUMBER($H8)),NOT(ISNUMBER($I8)),$H8=0),"",$I8/$H8) -> 1 | K8: 2 | L8: Fine earth / total volume | M8: 1.359 | N8: 1.205 | O8: =IF(NOT(ISNUMBER($M8)),"",IF($L8="Fine earth / fine-earth volume",$M8*(1-IF(ISNUMBER($K8),$K8,0)/100),$M8)) -> 1.359 | P8: =IF(OR(NOT(ISNUMBER($O8)),NOT(ISNUMBER($N8)),NOT(ISNUMBER($F8))),"",$O8*($N8/100)*$F8*10) -> 4.912785 | Q8: =IF(OR(NOT(ISNUMBER($D8)),NOT(ISNUMBER($E8))),"",MAX(0,MIN($E8,SOIL_REPORTING_DEPTH_CM)-MIN($D8,SOIL_REPORTING_DEPTH_CM))) -> 0 | R8: =IF(OR(NOT(ISNUMBER($O8)),NOT(ISNUMBER($N8)),NOT(ISNUMBER($Q8))),"",$O8*($N8/100)*$Q8*10) -> 0 | S8: =IF(AND($A8="",$B8="",$D8=""),"",IF(AND($A8<>"",COUNTIF('1. Plot & Site Log'!$A$5:$A$64,$A8)=0),"Plot ID not in the Plot & Site Log. ","")&IF(AND(ISNUMBER($D8),ISNUMBER($E8),$E8<=$D8),"Bottom depth is not below top depth. ","")&IF($L8="Not confirmed","Bulk-density basis not confirmed with the lab — the coarse-fragment correction may be wrong or doubled. ","")&IF(LAB_BULK_DENSITY_BASIS="Not confirmed","No lab bulk-density basis is on file in Settings (LAB_BULK_DENSITY_BASIS), so nothing checks this row. ","")&IF(AND($L8<>"",LAB_BULK_DENSITY_BASIS<>"Not confirmed",$L8<>LAB_BULK_DENSITY_BASIS),"This row's bulk-density basis disagrees with the lab method on file. One of "&"the two is wrong, and the coarse-fragment correction follows the row. ","")&IF(AND(ISNUMBER($M8),OR($M8<QC_BD_MIN,$M8>QC_BD_MAX)),"Bulk density outside the plausible range for a mineral grassland soil. ","")&IF(AND(ISNUMBER($N8),$N8>QC_CARBON_PCT_MAX),"Organic carbon above the QC ceiling — check units, and whether this is an organic horizon. ","")&IF(AND(ISNUMBER($J8),$J8<QC_RECOVERY_MIN),"Recovered less than the QC minimum of the depth driven — the increments may not sit where you think. Do NOT stretch them back out. ","")&IF(AND(ISNUMBER($K8),$K8>0,$L8="Fine earth / total volume"),"Coarse fragments recorded and the lab basis already accounts for them — no further correction applied, which is correct. ","")) -> Coarse fragments recorded and the lab basis already accounts for them — no further correction applied, which is correct. | U8: =IF($B8="",0,IF(COUNTIFS($B$5:$B8,$B8)=1,1,0)) -> 0
A9: GP-02 | B9: GP-02-C1 | C9: 1 | D9: 0 | E9: 10 | F9: =IF(OR($D9="",$E9=""),"",$E9-$D9) -> 10 | G9: 5 | H9: 10 | I9: 10 | J9: =IF(OR(NOT(ISNUMBER($H9)),NOT(ISNUMBER($I9)),$H9=0),"",$I9/$H9) -> 1 | K9: 2 | L9: Not confirmed | M9: 1.02 | N9: 4.418 | O9: =IF(NOT(ISNUMBER($M9)),"",IF($L9="Fine earth / fine-earth volume",$M9*(1-IF(ISNUMBER($K9),$K9,0)/100),$M9)) -> 1.02 | P9: =IF(OR(NOT(ISNUMBER($O9)),NOT(ISNUMBER($N9)),NOT(ISNUMBER($F9))),"",$O9*($N9/100)*$F9*10) -> 4.50636 | Q9: =IF(OR(NOT(ISNUMBER($D9)),NOT(ISNUMBER($E9))),"",MAX(0,MIN($E9,SOIL_REPORTING_DEPTH_CM)-MIN($D9,SOIL_REPORTING_DEPTH_CM))) -> 10 | R9: =IF(OR(NOT(ISNUMBER($O9)),NOT(ISNUMBER($N9)),NOT(ISNUMBER($Q9))),"",$O9*($N9/100)*$Q9*10) -> 4.50636 | S9: =IF(AND($A9="",$B9="",$D9=""),"",IF(AND($A9<>"",COUNTIF('1. Plot & Site Log'!$A$5:$A$64,$A9)=0),"Plot ID not in the Plot & Site Log. ","")&IF(AND(ISNUMBER($D9),ISNUMBER($E9),$E9<=$D9),"Bottom depth is not below top depth. ","")&IF($L9="Not confirmed","Bulk-density basis not confirmed with the lab — the coarse-fragment correction may be wrong or doubled. ","")&IF(LAB_BULK_DENSITY_BASIS="Not confirmed","No lab bulk-density basis is on file in Settings (LAB_BULK_DENSITY_BASIS), so nothing checks this row. ","")&IF(AND($L9<>"",LAB_BULK_DENSITY_BASIS<>"Not confirmed",$L9<>LAB_BULK_DENSITY_BASIS),"This row's bulk-density basis disagrees with the lab method on file. One of "&"the two is wrong, and the coarse-fragment correction follows the row. ","")&IF(AND(ISNUMBER($M9),OR($M9<QC_BD_MIN,$M9>QC_BD_MAX)),"Bulk density outside the plausible range for a mineral grassland soil. ","")&IF(AND(ISNUMBER($N9),$N9>QC_CARBON_PCT_MAX),"Organic carbon above the QC ceiling — check units, and whether this is an organic horizon. ","")&IF(AND(ISNUMBER($J9),$J9<QC_RECOVERY_MIN),"Recovered less than the QC minimum of the depth driven — the increments may not sit where you think. Do NOT stretch them back out. ","")&IF(AND(ISNUMBER($K9),$K9>0,$L9="Fine earth / total volume"),"Coarse fragments recorded and the lab basis already accounts for them — no further correction applied, which is correct. ","")) -> Bulk-density basis not confirmed with the lab — the coarse-fragment correction may be wrong or doubled. This row's bulk-density basis disagrees with the lab method on file. One of the two is wrong, and the coarse-fragment correction follows the row. | U9: =IF($B9="",0,IF(COUNTIFS($B$5:$B9,$B9)=1,1,0)) -> 1
A10: GP-02 | B10: GP-02-C1 | C10: 2 | D10: 10 | E10: 20 | F10: =IF(OR($D10="",$E10=""),"",$E10-$D10) -> 10 | G10: 5 | H10: 20 | I10: 20 | J10: =IF(OR(NOT(ISNUMBER($H10)),NOT(ISNUMBER($I10)),$H10=0),"",$I10/$H10) -> 1 | K10: 2 | L10: Not confirmed | M10: 1.182 | N10: 2.75 | O10: =IF(NOT(ISNUMBER($M10)),"",IF($L10="Fine earth / fine-earth volume",$M10*(1-IF(ISNUMBER($K10),$K10,0)/100),$M10)) -> 1.182 | P10: =IF(OR(NOT(ISNUMBER($O10)),NOT(ISNUMBER($N10)),NOT(ISNUMBER($F10))),"",$O10*($N10/100)*$F10*10) -> 3.2505 | Q10: =IF(OR(NOT(ISNUMBER($D10)),NOT(ISNUMBER($E10))),"",MAX(0,MIN($E10,SOIL_REPORTING_DEPTH_CM)-MIN($D10,SOIL_REPORTING_DEPTH_CM))) -> 10 | R10: =IF(OR(NOT(ISNUMBER($O10)),NOT(ISNUMBER($N10)),NOT(ISNUMBER($Q10))),"",$O10*($N10/100)*$Q10*10) -> 3.2505 | S10: =IF(AND($A10="",$B10="",$D10=""),"",IF(AND($A10<>"",COUNTIF('1. Plot & Site Log'!$A$5:$A$64,$A10)=0),"Plot ID not in the Plot & Site Log. ","")&IF(AND(ISNUMBER($D10),ISNUMBER($E10),$E10<=$D10),"Bottom depth is not below top depth. ","")&IF($L10="Not confirmed","Bulk-density basis not confirmed with the lab — the coarse-fragment correction may be wrong or doubled. ","")&IF(LAB_BULK_DENSITY_BASIS="Not confirmed","No lab bulk-density basis is on file in Settings (LAB_BULK_DENSITY_BASIS), so nothing checks this row. ","")&IF(AND($L10<>"",LAB_BULK_DENSITY_BASIS<>"Not confirmed",$L10<>LAB_BULK_DENSITY_BASIS),"This row's bulk-density basis disagrees with the lab method on file. One of "&"the two is wrong, and the coarse-fragment correction follows the row. ","")&IF(AND(ISNUMBER($M10),OR($M10<QC_BD_MIN,$M10>QC_BD_MAX)),"Bulk density outside the plausible range for a mineral grassland soil. ","")&IF(AND(ISNUMBER($N10),$N10>QC_CARBON_PCT_MAX),"Organic carbon above the QC ceiling — check units, and whether this is an organic horizon. ","")&IF(AND(ISNUMBER($J10),$J10<QC_RECOVERY_MIN),"Recovered less than the QC minimum of the depth driven — the increments may not sit where you think. Do NOT stretch them back out. ","")&IF(AND(ISNUMBER($K10),$K10>0,$L10="Fine earth / total volume"),"Coarse fragments recorded and the lab basis already accounts for them — no further correction applied, which is correct. ","")) -> Bulk-density basis not confirmed with the lab — the coarse-fragment correction may be wrong or doubled. This row's bulk-density basis disagrees with the lab method on file. One of the two is wrong, and the coarse-fragment correction follows the row. | U10: =IF($B10="",0,IF(COUNTIFS($B$5:$B10,$B10)=1,1,0)) -> 0
A11: GP-02 | B11: GP-02-C1 | C11: 3 | D11: 20 | E11: 30 | F11: =IF(OR($D11="",$E11=""),"",$E11-$D11) -> 10 | G11: 5 | H11: 30 | I11: 30 | J11: =IF(OR(NOT(ISNUMBER($H11)),NOT(ISNUMBER($I11)),$H11=0),"",$I11/$H11) -> 1 | K11: 2 | L11: Not confirmed | M11: 1.26 | N11: 1.837 | O11: =IF(NOT(ISNUMBER($M11)),"",IF($L11="Fine earth / fine-earth volume",$M11*(1-IF(ISNUMBER($K11),$K11,0)/100),$M11)) -> 1.26 | P11: =IF(OR(NOT(ISNUMBER($O11)),NOT(ISNUMBER($N11)),NOT(ISNUMBER($F11))),"",$O11*($N11/100)*$F11*10) -> 2.31462 | Q11: =IF(OR(NOT(ISNUMBER($D11)),NOT(ISNUMBER($E11))),"",MAX(0,MIN($E11,SOIL_REPORTING_DEPTH_CM)-MIN($D11,SOIL_REPORTING_DEPTH_CM))) -> 10 | R11: =IF(OR(NOT(ISNUMBER($O11)),NOT(ISNUMBER($N11)),NOT(ISNUMBER($Q11))),"",$O11*($N11/100)*$Q11*10) -> 2.31462 | S11: =IF(AND($A11="",$B11="",$D11=""),"",IF(AND($A11<>"",COUNTIF('1. Plot & Site Log'!$A$5:$A$64,$A11)=0),"Plot ID not in the Plot & Site Log. ","")&IF(AND(ISNUMBER($D11),ISNUMBER($E11),$E11<=$D11),"Bottom depth is not below top depth. ","")&IF($L11="Not confirmed","Bulk-density basis not confirmed with the lab — the coarse-fragment correction may be wrong or doubled. ","")&IF(LAB_BULK_DENSITY_BASIS="Not confirmed","No lab bulk-density basis is on file in Settings (LAB_BULK_DENSITY_BASIS), so nothing checks this row. ","")&IF(AND($L11<>"",LAB_BULK_DENSITY_BASIS<>"Not confirmed",$L11<>LAB_BULK_DENSITY_BASIS),"This row's bulk-density basis disagrees with the lab method on file. One of "&"the two is wrong, and the coarse-fragment correction follows the row. ","")&IF(AND(ISNUMBER($M11),OR($M11<QC_BD_MIN,$M11>QC_BD_MAX)),"Bulk density outside the plausible range for a mineral grassland soil. ","")&IF(AND(ISNUMBER($N11),$N11>QC_CARBON_PCT_MAX),"Organic carbon above the QC ceiling — check units, and whether this is an organic horizon. ","")&IF(AND(ISNUMBER($J11),$J11<QC_RECOVERY_MIN),"Recovered less than the QC minimum of the depth driven — the increments may not sit where you think. Do NOT stretch them back out. ","")&IF(AND(ISNUMBER($K11),$K11>0,$L11="Fine earth / total volume"),"Coarse fragments recorded and the lab basis already accounts for them — no further correction applied, which is correct. ","")) -> Bulk-density basis not confirmed with the lab — the coarse-fragment correction may be wrong or doubled. This row's bulk-density basis disagrees with the lab method on file. One of the two is wrong, and the coarse-fragment correction follows the row. | U11: =IF($B11="",0,IF(COUNTIFS($B$5:$B11,$B11)=1,1,0)) -> 0
A12: GP-02 | B12: GP-02-C1 | C12: 4 | D12: 30 | E12: 60 | F12: =IF(OR($D12="",$E12=""),"",$E12-$D12) -> 30 | G12: 5 | H12: 60 | I12: 60 | J12: =IF(OR(NOT(ISNUMBER($H12)),NOT(ISNUMBER($I12)),$H12=0),"",$I12/$H12) -> 1 | K12: 2 | L12: Not confirmed | M12: 1.36 | N12: 1.105 | O12: =IF(NOT(ISNUMBER($M12)),"",IF($L12="Fine earth / fine-earth volume",$M12*(1-IF(ISNUMBER($K12),$K12,0)/100),$M12)) -> 1.36 | P12: =IF(OR(NOT(ISNUMBER($O12)),NOT(ISNUMBER($N12)),NOT(ISNUMBER($F12))),"",$O12*($N12/100)*$F12*10) -> 4.5084 | Q12: =IF(OR(NOT(ISNUMBER($D12)),NOT(ISNUMBER($E12))),"",MAX(0,MIN($E12,SOIL_REPORTING_DEPTH_CM)-MIN($D12,SOIL_REPORTING_DEPTH_CM))) -> 0 | R12: =IF(OR(NOT(ISNUMBER($O12)),NOT(ISNUMBER($N12)),NOT(ISNUMBER($Q12))),"",$O12*($N12/100)*$Q12*10) -> 0 | S12: =IF(AND($A12="",$B12="",$D12=""),"",IF(AND($A12<>"",COUNTIF('1. Plot & Site Log'!$A$5:$A$64,$A12)=0),"Plot ID not in the Plot & Site Log. ","")&IF(AND(ISNUMBER($D12),ISNUMBER($E12),$E12<=$D12),"Bottom depth is not below top depth. ","")&IF($L12="Not confirmed","Bulk-density basis not confirmed with the lab — the coarse-fragment correction may be wrong or doubled. ","")&IF(LAB_BULK_DENSITY_BASIS="Not confirmed","No lab bulk-density basis is on file in Settings (LAB_BULK_DENSITY_BASIS), so nothing checks this row. ","")&IF(AND($L12<>"",LAB_BULK_DENSITY_BASIS<>"Not confirmed",$L12<>LAB_BULK_DENSITY_BASIS),"This row's bulk-density basis disagrees with the lab method on file. One of "&"the two is wrong, and the coarse-fragment correction follows the row. ","")&IF(AND(ISNUMBER($M12),OR($M12<QC_BD_MIN,$M12>QC_BD_MAX)),"Bulk density outside the plausible range for a mineral grassland soil. ","")&IF(AND(ISNUMBER($N12),$N12>QC_CARBON_PCT_MAX),"Organic carbon above the QC ceiling — check units, and whether this is an organic horizon. ","")&IF(AND(ISNUMBER($J12),$J12<QC_RECOVERY_MIN),"Recovered less than the QC minimum of the depth driven — the increments may not sit where you think. Do NOT stretch them back out. ","")&IF(AND(ISNUMBER($K12),$K12>0,$L12="Fine earth / total volume"),"Coarse fragments recorded and the lab basis already accounts for them — no further correction applied, which is correct. ","")) -> Bulk-density basis not confirmed with the lab — the coarse-fragment correction may be wrong or doubled. This row's bulk-density basis disagrees with the lab method on file. One of the two is wrong, and the coarse-fragment correction follows the row. | U12: =IF($B12="",0,IF(COUNTIFS($B$5:$B12,$B12)=1,1,0)) -> 0
A13: GP-03 | B13: GP-03-C1 | C13: 1 | D13: 0 | E13: 10 | F13: =IF(OR($D13="",$E13=""),"",$E13-$D13) -> 10 | G13: 5 | H13: 10 | I13: 9.4 | J13: =IF(OR(NOT(ISNUMBER($H13)),NOT(ISNUMBER($I13)),$H13=0),"",$I13/$H13) -> 0.94 | K13: 2 | L13: Fine earth / total volume | M13: 1.023 | N13: 4.589 | O13: =IF(NOT(ISNUMBER($M13)),"",IF($L13="Fine earth / fine-earth volume",$M13*(1-IF(ISNUMBER($K13),$K13,0)/100),$M13)) -> 1.023 | P13: =IF(OR(NOT(ISNUMBER($O13)),NOT(ISNUMBER($N13)),NOT(ISNUMBER($F13))),"",$O13*($N13/100)*$F13*10) -> 4.694547 | Q13: =IF(OR(NOT(ISNUMBER($D13)),NOT(ISNUMBER($E13))),"",MAX(0,MIN($E13,SOIL_REPORTING_DEPTH_CM)-MIN($D13,SOIL_REPORTING_DEPTH_CM))) -> 10 | R13: =IF(OR(NOT(ISNUMBER($O13)),NOT(ISNUMBER($N13)),NOT(ISNUMBER($Q13))),"",$O13*($N13/100)*$Q13*10) -> 4.694547 | S13: =IF(AND($A13="",$B13="",$D13=""),"",IF(AND($A13<>"",COUNTIF('1. Plot & Site Log'!$A$5:$A$64,$A13)=0),"Plot ID not in the Plot & Site Log. ","")&IF(AND(ISNUMBER($D13),ISNUMBER($E13),$E13<=$D13),"Bottom depth is not below top depth. ","")&IF($L13="Not confirmed","Bulk-density basis not confirmed with the lab — the coarse-fragment correction may be wrong or doubled. ","")&IF(LAB_BULK_DENSITY_BASIS="Not confirmed","No lab bulk-density basis is on file in Settings (LAB_BULK_DENSITY_BASIS), so nothing checks this row. ","")&IF(AND($L13<>"",LAB_BULK_DENSITY_BASIS<>"Not confirmed",$L13<>LAB_BULK_DENSITY_BASIS),"This row's bulk-density basis disagrees with the lab method on file. One of "&"the two is wrong, and the coarse-fragment correction follows the row. ","")&IF(AND(ISNUMBER($M13),OR($M13<QC_BD_MIN,$M13>QC_BD_MAX)),"Bulk density outside the plausible range for a mineral grassland soil. ","")&IF(AND(ISNUMBER($N13),$N13>QC_CARBON_PCT_MAX),"Organic carbon above the QC ceiling — check units, and whether this is an organic horizon. ","")&IF(AND(ISNUMBER($J13),$J13<QC_RECOVERY_MIN),"Recovered less than the QC minimum of the depth driven — the increments may not sit where you think. Do NOT stretch them back out. ","")&IF(AND(ISNUMBER($K13),$K13>0,$L13="Fine earth / total volume"),"Coarse fragments recorded and the lab basis already accounts for them — no further correction applied, which is correct. ","")) -> Coarse fragments recorded and the lab basis already accounts for them — no further correction applied, which is correct. | U13: =IF($B13="",0,IF(COUNTIFS($B$5:$B13,$B13)=1,1,0)) -> 1
A14: GP-03 | B14: GP-03-C1 | C14: 2 | D14: 10 | E14: 20 | F14: =IF(OR($D14="",$E14=""),"",$E14-$D14) -> 10 | G14: 5 | H14: 20 | I14: 18.8 | J14: =IF(OR(NOT(ISNUMBER($H14)),NOT(ISNUMBER($I14)),$H14=0),"",$I14/$H14) -> 0.94 | K14: 2 | L14: Fine earth / total volume | M14: 1.188 | N14: 2.871 | O14: =IF(NOT(ISNUMBER($M14)),"",IF($L14="Fine earth / fine-earth volume",$M14*(1-IF(ISNUMBER($K14),$K14,0)/100),$M14)) -> 1.188 | P14: =IF(OR(NOT(ISNUMBER($O14)),NOT(ISNUMBER($N14)),NOT(ISNUMBER($F14))),"",$O14*($N14/100)*$F14*10) -> 3.410748 | Q14: =IF(OR(NOT(ISNUMBER($D14)),NOT(ISNUMBER($E14))),"",MAX(0,MIN($E14,SOIL_REPORTING_DEPTH_CM)-MIN($D14,SOIL_REPORTING_DEPTH_CM))) -> 10 | R14: =IF(OR(NOT(ISNUMBER($O14)),NOT(ISNUMBER($N14)),NOT(ISNUMBER($Q14))),"",$O14*($N14/100)*$Q14*10) -> 3.410748 | S14: =IF(AND($A14="",$B14="",$D14=""),"",IF(AND($A14<>"",COUNTIF('1. Plot & Site Log'!$A$5:$A$64,$A14)=0),"Plot ID not in the Plot & Site Log. ","")&IF(AND(ISNUMBER($D14),ISNUMBER($E14),$E14<=$D14),"Bottom depth is not below top depth. ","")&IF($L14="Not confirmed","Bulk-density basis not confirmed with the lab — the coarse-fragment correction may be wrong or doubled. ","")&IF(LAB_BULK_DENSITY_BASIS="Not confirmed","No lab bulk-density basis is on file in Settings (LAB_BULK_DENSITY_BASIS), so nothing checks this row. ","")&IF(AND($L14<>"",LAB_BULK_DENSITY_BASIS<>"Not confirmed",$L14<>LAB_BULK_DENSITY_BASIS),"This row's bulk-density basis disagrees with the lab method on file. One of "&"the two is wrong, and the coarse-fragment correction follows the row. ","")&IF(AND(ISNUMBER($M14),OR($M14<QC_BD_MIN,$M14>QC_BD_MAX)),"Bulk density outside the plausible range for a mineral grassland soil. ","")&IF(AND(ISNUMBER($N14),$N14>QC_CARBON_PCT_MAX),"Organic carbon above the QC ceiling — check units, and whether this is an organic horizon. ","")&IF(AND(ISNUMBER($J14),$J14<QC_RECOVERY_MIN),"Recovered less than the QC minimum of the depth driven — the increments may not sit where you think. Do NOT stretch them back out. ","")&IF(AND(ISNUMBER($K14),$K14>0,$L14="Fine earth / total volume"),"Coarse fragments recorded and the lab basis already accounts for them — no further correction applied, which is correct. ","")) -> Coarse fragments recorded and the lab basis already accounts for them — no further correction applied, which is correct. | U14: =IF($B14="",0,IF(COUNTIFS($B$5:$B14,$B14)=1,1,0)) -> 0
A15: GP-03 | B15: GP-03-C1 | C15: 3 | D15: 20 | E15: 30 | F15: =IF(OR($D15="",$E15=""),"",$E15-$D15) -> 10 | G15: 5 | H15: 30 | I15: 28.2 | J15: =IF(OR(NOT(ISNUMBER($H15)),NOT(ISNUMBER($I15)),$H15=0),"",$I15/$H15) -> 0.94 | K15: 2 | L15: Fine earth / total volume | M15: 1.258 | N15: 1.883 | O15: =IF(NOT(ISNUMBER($M15)),"",IF($L15="Fine earth / fine-earth volume",$M15*(1-IF(ISNUMBER($K15),$K15,0)/100),$M15)) -> 1.258 | P15: =IF(OR(NOT(ISNUMBER($O15)),NOT(ISNUMBER($N15)),NOT(ISNUMBER($F15))),"",$O15*($N15/100)*$F15*10) -> 2.368814 | Q15: =IF(OR(NOT(ISNUMBER($D15)),NOT(ISNUMBER($E15))),"",MAX(0,MIN($E15,SOIL_REPORTING_DEPTH_CM)-MIN($D15,SOIL_REPORTING_DEPTH_CM))) -> 10 | R15: =IF(OR(NOT(ISNUMBER($O15)),NOT(ISNUMBER($N15)),NOT(ISNUMBER($Q15))),"",$O15*($N15/100)*$Q15*10) -> 2.368814 | S15: =IF(AND($A15="",$B15="",$D15=""),"",IF(AND($A15<>"",COUNTIF('1. Plot & Site Log'!$A$5:$A$64,$A15)=0),"Plot ID not in the Plot & Site Log. ","")&IF(AND(ISNUMBER($D15),ISNUMBER($E15),$E15<=$D15),"Bottom depth is not below top depth. ","")&IF($L15="Not confirmed","Bulk-density basis not confirmed with the lab — the coarse-fragment correction may be wrong or doubled. ","")&IF(LAB_BULK_DENSITY_BASIS="Not confirmed","No lab bulk-density basis is on file in Settings (LAB_BULK_DENSITY_BASIS), so nothing checks this row. ","")&IF(AND($L15<>"",LAB_BULK_DENSITY_BASIS<>"Not confirmed",$L15<>LAB_BULK_DENSITY_BASIS),"This row's bulk-density basis disagrees with the lab method on file. One of "&"the two is wrong, and the coarse-fragment correction follows the row. ","")&IF(AND(ISNUMBER($M15),OR($M15<QC_BD_MIN,$M15>QC_BD_MAX)),"Bulk density outside the plausible range for a mineral grassland soil. ","")&IF(AND(ISNUMBER($N15),$N15>QC_CARBON_PCT_MAX),"Organic carbon above the QC ceiling — check units, and whether this is an organic horizon. ","")&IF(AND(ISNUMBER($J15),$J15<QC_RECOVERY_MIN),"Recovered less than the QC minimum of the depth driven — the increments may not sit where you think. Do NOT stretch them back out. ","")&IF(AND(ISNUMBER($K15),$K15>0,$L15="Fine earth / total volume"),"Coarse fragments recorded and the lab basis already accounts for them — no further correction applied, which is correct. ","")) -> Coarse fragments recorded and the lab basis already accounts for them — no further correction applied, which is correct. | U15: =IF($B15="",0,IF(COUNTIFS($B$5:$B15,$B15)=1,1,0)) -> 0
A16: GP-03 | B16: GP-03-C1 | C16: 4 | D16: 30 | E16: 60 | F16: =IF(OR($D16="",$E16=""),"",$E16-$D16) -> 30 | G16: 5 | H16: 60 | I16: 56.4 | J16: =IF(OR(NOT(ISNUMBER($H16)),NOT(ISNUMBER($I16)),$H16=0),"",$I16/$H16) -> 0.94 | K16: 2 | L16: Fine earth / total volume | M16: 1.354 | N16: 1.125 | O16: =IF(NOT(ISNUMBER($M16)),"",IF($L16="Fine earth / fine-earth volume",$M16*(1-IF(ISNUMBER($K16),$K16,0)/100),$M16)) -> 1.354 | P16: =IF(OR(NOT(ISNUMBER($O16)),NOT(ISNUMBER($N16)),NOT(ISNUMBER($F16))),"",$O16*($N16/100)*$F16*10) -> 4.56975 | Q16: =IF(OR(NOT(ISNUMBER($D16)),NOT(ISNUMBER($E16))),"",MAX(0,MIN($E16,SOIL_REPORTING_DEPTH_CM)-MIN($D16,SOIL_REPORTING_DEPTH_CM))) -> 0 | R16: =IF(OR(NOT(ISNUMBER($O16)),NOT(ISNUMBER($N16)),NOT(ISNUMBER($Q16))),"",$O16*($N16/100)*$Q16*10) -> 0 | S16: =IF(AND($A16="",$B16="",$D16=""),"",IF(AND($A16<>"",COUNTIF('1. Plot & Site Log'!$A$5:$A$64,$A16)=0),"Plot ID not in the Plot & Site Log. ","")&IF(AND(ISNUMBER($D16),ISNUMBER($E16),$E16<=$D16),"Bottom depth is not below top depth. ","")&IF($L16="Not confirmed","Bulk-density basis not confirmed with the lab — the coarse-fragment correction may be wrong or doubled. ","")&IF(LAB_BULK_DENSITY_BASIS="Not confirmed","No lab bulk-density basis is on file in Settings (LAB_BULK_DENSITY_BASIS), so nothing checks this row. ","")&IF(AND($L16<>"",LAB_BULK_DENSITY_BASIS<>"Not confirmed",$L16<>LAB_BULK_DENSITY_BASIS),"This row's bulk-density basis disagrees with the lab method on file. One of "&"the two is wrong, and the coarse-fragment correction follows the row. ","")&IF(AND(ISNUMBER($M16),OR($M16<QC_BD_MIN,$M16>QC_BD_MAX)),"Bulk density outside the plausible range for a mineral grassland soil. ","")&IF(AND(ISNUMBER($N16),$N16>QC_CARBON_PCT_MAX),"Organic carbon above the QC ceiling — check units, and whether this is an organic horizon. ","")&IF(AND(ISNUMBER($J16),$J16<QC_RECOVERY_MIN),"Recovered less than the QC minimum of the depth driven — the increments may not sit where you think. Do NOT stretch them back out. ","")&IF(AND(ISNUMBER($K16),$K16>0,$L16="Fine earth / total volume"),"Coarse fragments recorded and the lab basis already accounts for them — no further correction applied, which is correct. ","")) -> Coarse fragments recorded and the lab basis already accounts for them — no further correction applied, which is correct. | U16: =IF($B16="",0,IF(COUNTIFS($B$5:$B16,$B16)=1,1,0)) -> 0
... A37: BOS-03 | B37: BOS-03-C1 | C37: 2 | D37: 10 | E37: 20 | F37: =IF(OR($D37="",$E37=""),"",$E37-$D37) -> 10 | G37: 5 | H37: 20 | I37: 20 | J37: =IF(OR(NOT(ISNUMBER($H37)),NOT(ISNUMBER($I37)),$H37=0),"",$I37/$H37) -> 1 | K37: 11 | L37: Fine earth / total volume | M37: 1.43 | N37: 1.362 | O37: =IF(NOT(ISNUMBER($M37)),"",IF($L37="Fine earth / fine-earth volume",$M37*(1-IF(ISNUMBER($K37),$K37,0)/100),$M37)) -> 1.43 | P37: =IF(OR(NOT(ISNUMBER($O37)),NOT(ISNUMBER($N37)),NOT(ISNUMBER($F37))),"",$O37*($N37/100)*$F37*10) -> 1.94766 | Q37: =IF(OR(NOT(ISNUMBER($D37)),NOT(ISNUMBER($E37))),"",MAX(0,MIN($E37,SOIL_REPORTING_DEPTH_CM)-MIN($D37,SOIL_REPORTING_DEPTH_CM))) -> 10 | R37: =IF(OR(NOT(ISNUMBER($O37)),NOT(ISNUMBER($N37)),NOT(ISNUMBER($Q37))),"",$O37*($N37/100)*$Q37*10) -> 1.94766 | S37: =IF(AND($A37="",$B37="",$D37=""),"",IF(AND($A37<>"",COUNTIF('1. Plot & Site Log'!$A$5:$A$64,$A37)=0),"Plot ID not in the Plot & Site Log. ","")&IF(AND(ISNUMBER($D37),ISNUMBER($E37),$E37<=$D37),"Bottom depth is not below top depth. ","")&IF($L37="Not confirmed","Bulk-density basis not confirmed with the lab — the coarse-fragment correction may be wrong or doubled. ","")&IF(LAB_BULK_DENSITY_BASIS="Not confirmed","No lab bulk-density basis is on file in Settings (LAB_BULK_DENSITY_BASIS), so nothing checks this row. ","")&IF(AND($L37<>"",LAB_BULK_DENSITY_BASIS<>"Not confirmed",$L37<>LAB_BULK_DENSITY_BASIS),"This row's bulk-density basis disagrees with the lab method on file. One of "&"the two is wrong, and the coarse-fragment correction follows the row. ","")&IF(AND(ISNUMBER($M37),OR($M37<QC_BD_MIN,$M37>QC_BD_MAX)),"Bulk density outside the plausible range for a mineral grassland soil. ","")&IF(AND(ISNUMBER($N37),$N37>QC_CARBON_PCT_MAX),"Organic carbon above the QC ceiling — check units, and whether this is an organic horizon. ","")&IF(AND(ISNUMBER($J37),$J37<QC_RECOVERY_MIN),"Recovered less than the QC minimum of the depth driven — the increments may not sit where you think. Do NOT stretch them back out. ","")&IF(AND(ISNUMBER($K37),$K37>0,$L37="Fine earth / total volume"),"Coarse fragments recorded and the lab basis already accounts for them — no further correction applied, which is correct. ","")) -> Coarse fragments recorded and the lab basis already accounts for them — no further correction applied, which is correct. | U37: =IF($B37="",0,IF(COUNTIFS($B$5:$B37,$B37)=1,1,0)) -> 0
A38: BOS-03 | B38: BOS-03-C1 | C38: 3 | D38: 20 | E38: 22 | F38: =IF(OR($D38="",$E38=""),"",$E38-$D38) -> 2 | G38: 5 | H38: 22 | I38: 22 | J38: =IF(OR(NOT(ISNUMBER($H38)),NOT(ISNUMBER($I38)),$H38=0),"",$I38/$H38) -> 1 | K38: 11 | L38: Fine earth / total volume | M38: 1.516 | N38: 0.792 | O38: =IF(NOT(ISNUMBER($M38)),"",IF($L38="Fine earth / fine-earth volume",$M38*(1-IF(ISNUMBER($K38),$K38,0)/100),$M38)) -> 1.516 | P38: =IF(OR(NOT(ISNUMBER($O38)),NOT(ISNUMBER($N38)),NOT(ISNUMBER($F38))),"",$O38*($N38/100)*$F38*10) -> 0.2401344 | Q38: =IF(OR(NOT(ISNUMBER($D38)),NOT(ISNUMBER($E38))),"",MAX(0,MIN($E38,SOIL_REPORTING_DEPTH_CM)-MIN($D38,SOIL_REPORTING_DEPTH_CM))) -> 2 | R38: =IF(OR(NOT(ISNUMBER($O38)),NOT(ISNUMBER($N38)),NOT(ISNUMBER($Q38))),"",$O38*($N38/100)*$Q38*10) -> 0.2401344 | S38: =IF(AND($A38="",$B38="",$D38=""),"",IF(AND($A38<>"",COUNTIF('1. Plot & Site Log'!$A$5:$A$64,$A38)=0),"Plot ID not in the Plot & Site Log. ","")&IF(AND(ISNUMBER($D38),ISNUMBER($E38),$E38<=$D38),"Bottom depth is not below top depth. ","")&IF($L38="Not confirmed","Bulk-density basis not confirmed with the lab — the coarse-fragment correction may be wrong or doubled. ","")&IF(LAB_BULK_DENSITY_BASIS="Not confirmed","No lab bulk-density basis is on file in Settings (LAB_BULK_DENSITY_BASIS), so nothing checks this row. ","")&IF(AND($L38<>"",LAB_BULK_DENSITY_BASIS<>"Not confirmed",$L38<>LAB_BULK_DENSITY_BASIS),"This row's bulk-density basis disagrees with the lab method on file. One of "&"the two is wrong, and the coarse-fragment correction follows the row. ","")&IF(AND(ISNUMBER($M38),OR($M38<QC_BD_MIN,$M38>QC_BD_MAX)),"Bulk density outside the plausible range for a mineral grassland soil. ","")&IF(AND(ISNUMBER($N38),$N38>QC_CARBON_PCT_MAX),"Organic carbon above the QC ceiling — check units, and whether this is an organic horizon. ","")&IF(AND(ISNUMBER($J38),$J38<QC_RECOVERY_MIN),"Recovered less than the QC minimum of the depth driven — the increments may not sit where you think. Do NOT stretch them back out. ","")&IF(AND(ISNUMBER($K38),$K38>0,$L38="Fine earth / total volume"),"Coarse fragments recorded and the lab basis already accounts for them — no further correction applied, which is correct. ","")) -> Coarse fragments recorded and the lab basis already accounts for them — no further correction applied, which is correct. | T38: Refusal on bedrock at 22 cm. | U38: =IF($B38="",0,IF(COUNTIFS($B$5:$B38,$B38)=1,1,0)) -> 0
F39: =IF(OR($D39="",$E39=""),"",$E39-$D39) | J39: =IF(OR(NOT(ISNUMBER($H39)),NOT(ISNUMBER($I39)),$H39=0),"",$I39/$H39) | O39: =IF(NOT(ISNUMBER($M39)),"",IF($L39="Fine earth / fine-earth volume",$M39*(1-IF(ISNUMBER($K39),$K39,0)/100),$M39)) | P39: =IF(OR(NOT(ISNUMBER($O39)),NOT(ISNUMBER($N39)),NOT(ISNUMBER($F39))),"",$O39*($N39/100)*$F39*10) | Q39: =IF(OR(NOT(ISNUMBER($D39)),NOT(ISNUMBER($E39))),"",MAX(0,MIN($E39,SOIL_REPORTING_DEPTH_CM)-MIN($D39,SOIL_REPORTING_DEPTH_CM))) | R39: =IF(OR(NOT(ISNUMBER($O39)),NOT(ISNUMBER($N39)),NOT(ISNUMBER($Q39))),"",$O39*($N39/100)*$Q39*10) | S39: =IF(AND($A39="",$B39="",$D39=""),"",IF(AND($A39<>"",COUNTIF('1. Plot & Site Log'!$A$5:$A$64,$A39)=0),"Plot ID not in the Plot & Site Log. ","")&IF(AND(ISNUMBER($D39),ISNUMBER($E39),$E39<=$D39),"Bottom depth is not below top depth. ","")&IF($L39="Not confirmed","Bulk-density basis not confirmed with the lab — the coarse-fragment correction may be wrong or doubled. ","")&IF(LAB_BULK_DENSITY_BASIS="Not confirmed","No lab bulk-density basis is on file in Settings (LAB_BULK_DENSITY_BASIS), so nothing checks this row. ","")&IF(AND($L39<>"",LAB_BULK_DENSITY_BASIS<>"Not confirmed",$L39<>LAB_BULK_DENSITY_BASIS),"This row's bulk-density basis disagrees with the lab method on file. One of "&"the two is wrong, and the coarse-fragment correction follows the row. ","")&IF(AND(ISNUMBER($M39),OR($M39<QC_BD_MIN,$M39>QC_BD_MAX)),"Bulk density outside the plausible range for a mineral grassland soil. ","")&IF(AND(ISNUMBER($N39),$N39>QC_CARBON_PCT_MAX),"Organic carbon above the QC ceiling — check units, and whether this is an organic horizon. ","")&IF(AND(ISNUMBER($J39),$J39<QC_RECOVERY_MIN),"Recovered less than the QC minimum of the depth driven — the increments may not sit where you think. Do NOT stretch them back out. ","")&IF(AND(ISNUMBER($K39),$K39>0,$L39="Fine earth / total volume"),"Coarse fragments recorded and the lab basis already accounts for them — no further correction applied, which is correct. ","")) | U39: =IF($B39="",0,IF(COUNTIFS($B$5:$B39,$B39)=1,1,0)) -> 0
F40: =IF(OR($D40="",$E40=""),"",$E40-$D40) | J40: =IF(OR(NOT(ISNUMBER($H40)),NOT(ISNUMBER($I40)),$H40=0),"",$I40/$H40) | O40: =IF(NOT(ISNUMBER($M40)),"",IF($L40="Fine earth / fine-earth volume",$M40*(1-IF(ISNUMBER($K40),$K40,0)/100),$M40)) | P40: =IF(OR(NOT(ISNUMBER($O40)),NOT(ISNUMBER($N40)),NOT(ISNUMBER($F40))),"",$O40*($N40/100)*$F40*10) | Q40: =IF(OR(NOT(ISNUMBER($D40)),NOT(ISNUMBER($E40))),"",MAX(0,MIN($E40,SOIL_REPORTING_DEPTH_CM)-MIN($D40,SOIL_REPORTING_DEPTH_CM))) | R40: =IF(OR(NOT(ISNUMBER($O40)),NOT(ISNUMBER($N40)),NOT(ISNUMBER($Q40))),"",$O40*($N40/100)*$Q40*10) | S40: =IF(AND($A40="",$B40="",$D40=""),"",IF(AND($A40<>"",COUNTIF('1. Plot & Site Log'!$A$5:$A$64,$A40)=0),"Plot ID not in the Plot & Site Log. ","")&IF(AND(ISNUMBER($D40),ISNUMBER($E40),$E40<=$D40),"Bottom depth is not below top depth. ","")&IF($L40="Not confirmed","Bulk-density basis not confirmed with the lab — the coarse-fragment correction may be wrong or doubled. ","")&IF(LAB_BULK_DENSITY_BASIS="Not confirmed","No lab bulk-density basis is on file in Settings (LAB_BULK_DENSITY_BASIS), so nothing checks this row. ","")&IF(AND($L40<>"",LAB_BULK_DENSITY_BASIS<>"Not confirmed",$L40<>LAB_BULK_DENSITY_BASIS),"This row's bulk-density basis disagrees with the lab method on file. One of "&"the two is wrong, and the coarse-fragment correction follows the row. ","")&IF(AND(ISNUMBER($M40),OR($M40<QC_BD_MIN,$M40>QC_BD_MAX)),"Bulk density outside the plausible range for a mineral grassland soil. ","")&IF(AND(ISNUMBER($N40),$N40>QC_CARBON_PCT_MAX),"Organic carbon above the QC ceiling — check units, and whether this is an organic horizon. ","")&IF(AND(ISNUMBER($J40),$J40<QC_RECOVERY_MIN),"Recovered less than the QC minimum of the depth driven — the increments may not sit where you think. Do NOT stretch them back out. ","")&IF(AND(ISNUMBER($K40),$K40>0,$L40="Fine earth / total volume"),"Coarse fragments recorded and the lab basis already accounts for them — no further correction applied, which is correct. ","")) | U40: =IF($B40="",0,IF(COUNTIFS($B$5:$B40,$B40)=1,1,0)) -> 0
F41: =IF(OR($D41="",$E41=""),"",$E41-$D41) | J41: =IF(OR(NOT(ISNUMBER($H41)),NOT(ISNUMBER($I41)),$H41=0),"",$I41/$H41) | O41: =IF(NOT(ISNUMBER($M41)),"",IF($L41="Fine earth / fine-earth volume",$M41*(1-IF(ISNUMBER($K41),$K41,0)/100),$M41)) | P41: =IF(OR(NOT(ISNUMBER($O41)),NOT(ISNUMBER($N41)),NOT(ISNUMBER($F41))),"",$O41*($N41/100)*$F41*10) | Q41: =IF(OR(NOT(ISNUMBER($D41)),NOT(ISNUMBER($E41))),"",MAX(0,MIN($E41,SOIL_REPORTING_DEPTH_CM)-MIN($D41,SOIL_REPORTING_DEPTH_CM))) | R41: =IF(OR(NOT(ISNUMBER($O41)),NOT(ISNUMBER($N41)),NOT(ISNUMBER($Q41))),"",$O41*($N41/100)*$Q41*10) | S41: =IF(AND($A41="",$B41="",$D41=""),"",IF(AND($A41<>"",COUNTIF('1. Plot & Site Log'!$A$5:$A$64,$A41)=0),"Plot ID not in the Plot & Site Log. ","")&IF(AND(ISNUMBER($D41),ISNUMBER($E41),$E41<=$D41),"Bottom depth is not below top depth. ","")&IF($L41="Not confirmed","Bulk-density basis not confirmed with the lab — the coarse-fragment correction may be wrong or doubled. ","")&IF(LAB_BULK_DENSITY_BASIS="Not confirmed","No lab bulk-density basis is on file in Settings (LAB_BULK_DENSITY_BASIS), so nothing checks this row. ","")&IF(AND($L41<>"",LAB_BULK_DENSITY_BASIS<>"Not confirmed",$L41<>LAB_BULK_DENSITY_BASIS),"This row's bulk-density basis disagrees with the lab method on file. One of "&"the two is wrong, and the coarse-fragment correction follows the row. ","")&IF(AND(ISNUMBER($M41),OR($M41<QC_BD_MIN,$M41>QC_BD_MAX)),"Bulk density outside the plausible range for a mineral grassland soil. ","")&IF(AND(ISNUMBER($N41),$N41>QC_CARBON_PCT_MAX),"Organic carbon above the QC ceiling — check units, and whether this is an organic horizon. ","")&IF(AND(ISNUMBER($J41),$J41<QC_RECOVERY_MIN),"Recovered less than the QC minimum of the depth driven — the increments may not sit where you think. Do NOT stretch them back out. ","")&IF(AND(ISNUMBER($K41),$K41>0,$L41="Fine earth / total volume"),"Coarse fragments recorded and the lab basis already accounts for them — no further correction applied, which is correct. ","")) | U41: =IF($B41="",0,IF(COUNTIFS($B$5:$B41,$B41)=1,1,0)) -> 0
F42: =IF(OR($D42="",$E42=""),"",$E42-$D42) | J42: =IF(OR(NOT(ISNUMBER($H42)),NOT(ISNUMBER($I42)),$H42=0),"",$I42/$H42) | O42: =IF(NOT(ISNUMBER($M42)),"",IF($L42="Fine earth / fine-earth volume",$M42*(1-IF(ISNUMBER($K42),$K42,0)/100),$M42)) | P42: =IF(OR(NOT(ISNUMBER($O42)),NOT(ISNUMBER($N42)),NOT(ISNUMBER($F42))),"",$O42*($N42/100)*$F42*10) | Q42: =IF(OR(NOT(ISNUMBER($D42)),NOT(ISNUMBER($E42))),"",MAX(0,MIN($E42,SOIL_REPORTING_DEPTH_CM)-MIN($D42,SOIL_REPORTING_DEPTH_CM))) | R42: =IF(OR(NOT(ISNUMBER($O42)),NOT(ISNUMBER($N42)),NOT(ISNUMBER($Q42))),"",$O42*($N42/100)*$Q42*10) | S42: =IF(AND($A42="",$B42="",$D42=""),"",IF(AND($A42<>"",COUNTIF('1. Plot & Site Log'!$A$5:$A$64,$A42)=0),"Plot ID not in the Plot & Site Log. ","")&IF(AND(ISNUMBER($D42),ISNUMBER($E42),$E42<=$D42),"Bottom depth is not below top depth. ","")&IF($L42="Not confirmed","Bulk-density basis not confirmed with the lab — the coarse-fragment correction may be wrong or doubled. ","")&IF(LAB_BULK_DENSITY_BASIS="Not confirmed","No lab bulk-density basis is on file in Settings (LAB_BULK_DENSITY_BASIS), so nothing checks this row. ","")&IF(AND($L42<>"",LAB_BULK_DENSITY_BASIS<>"Not confirmed",$L42<>LAB_BULK_DENSITY_BASIS),"This row's bulk-density basis disagrees with the lab method on file. One of "&"the two is wrong, and the coarse-fragment correction follows the row. ","")&IF(AND(ISNUMBER($M42),OR($M42<QC_BD_MIN,$M42>QC_BD_MAX)),"Bulk density outside the plausible range for a mineral grassland soil. ","")&IF(AND(ISNUMBER($N42),$N42>QC_CARBON_PCT_MAX),"Organic carbon above the QC ceiling — check units, and whether this is an organic horizon. ","")&IF(AND(ISNUMBER($J42),$J42<QC_RECOVERY_MIN),"Recovered less than the QC minimum of the depth driven — the increments may not sit where you think. Do NOT stretch them back out. ","")&IF(AND(ISNUMBER($K42),$K42>0,$L42="Fine earth / total volume"),"Coarse fragments recorded and the lab basis already accounts for them — no further correction applied, which is correct. ","")) | U42: =IF($B42="",0,IF(COUNTIFS($B$5:$B42,$B42)=1,1,0)) -> 0
F43: =IF(OR($D43="",$E43=""),"",$E43-$D43) | J43: =IF(OR(NOT(ISNUMBER($H43)),NOT(ISNUMBER($I43)),$H43=0),"",$I43/$H43) | O43: =IF(NOT(ISNUMBER($M43)),"",IF($L43="Fine earth / fine-earth volume",$M43*(1-IF(ISNUMBER($K43),$K43,0)/100),$M43)) | P43: =IF(OR(NOT(ISNUMBER($O43)),NOT(ISNUMBER($N43)),NOT(ISNUMBER($F43))),"",$O43*($N43/100)*$F43*10) | Q43: =IF(OR(NOT(ISNUMBER($D43)),NOT(ISNUMBER($E43))),"",MAX(0,MIN($E43,SOIL_REPORTING_DEPTH_CM)-MIN($D43,SOIL_REPORTING_DEPTH_CM))) | R43: =IF(OR(NOT(ISNUMBER($O43)),NOT(ISNUMBER($N43)),NOT(ISNUMBER($Q43))),"",$O43*($N43/100)*$Q43*10) | S43: =IF(AND($A43="",$B43="",$D43=""),"",IF(AND($A43<>"",COUNTIF('1. Plot & Site Log'!$A$5:$A$64,$A43)=0),"Plot ID not in the Plot & Site Log. ","")&IF(AND(ISNUMBER($D43),ISNUMBER($E43),$E43<=$D43),"Bottom depth is not below top depth. ","")&IF($L43="Not confirmed","Bulk-density basis not confirmed with the lab — the coarse-fragment correction may be wrong or doubled. ","")&IF(LAB_BULK_DENSITY_BASIS="Not confirmed","No lab bulk-density basis is on file in Settings (LAB_BULK_DENSITY_BASIS), so nothing checks this row. ","")&IF(AND($L43<>"",LAB_BULK_DENSITY_BASIS<>"Not confirmed",$L43<>LAB_BULK_DENSITY_BASIS),"This row's bulk-density basis disagrees with the lab method on file. One of "&"the two is wrong, and the coarse-fragment correction follows the row. ","")&IF(AND(ISNUMBER($M43),OR($M43<QC_BD_MIN,$M43>QC_BD_MAX)),"Bulk density outside the plausible range for a mineral grassland soil. ","")&IF(AND(ISNUMBER($N43),$N43>QC_CARBON_PCT_MAX),"Organic carbon above the QC ceiling — check units, and whether this is an organic horizon. ","")&IF(AND(ISNUMBER($J43),$J43<QC_RECOVERY_MIN),"Recovered less than the QC minimum of the depth driven — the increments may not sit where you think. Do NOT stretch them back out. ","")&IF(AND(ISNUMBER($K43),$K43>0,$L43="Fine earth / total volume"),"Coarse fragments recorded and the lab basis already accounts for them — no further correction applied, which is correct. ","")) | U43: =IF($B43="",0,IF(COUNTIFS($B$5:$B43,$B43)=1,1,0)) -> 0
F44: =IF(OR($D44="",$E44=""),"",$E44-$D44) | J44: =IF(OR(NOT(ISNUMBER($H44)),NOT(ISNUMBER($I44)),$H44=0),"",$I44/$H44) | O44: =IF(NOT(ISNUMBER($M44)),"",IF($L44="Fine earth / fine-earth volume",$M44*(1-IF(ISNUMBER($K44),$K44,0)/100),$M44)) | P44: =IF(OR(NOT(ISNUMBER($O44)),NOT(ISNUMBER($N44)),NOT(ISNUMBER($F44))),"",$O44*($N44/100)*$F44*10) | Q44: =IF(OR(NOT(ISNUMBER($D44)),NOT(ISNUMBER($E44))),"",MAX(0,MIN($E44,SOIL_REPORTING_DEPTH_CM)-MIN($D44,SOIL_REPORTING_DEPTH_CM))) | R44: =IF(OR(NOT(ISNUMBER($O44)),NOT(ISNUMBER($N44)),NOT(ISNUMBER($Q44))),"",$O44*($N44/100)*$Q44*10) | S44: =IF(AND($A44="",$B44="",$D44=""),"",IF(AND($A44<>"",COUNTIF('1. Plot & Site Log'!$A$5:$A$64,$A44)=0),"Plot ID not in the Plot & Site Log. ","")&IF(AND(ISNUMBER($D44),ISNUMBER($E44),$E44<=$D44),"Bottom depth is not below top depth. ","")&IF($L44="Not confirmed","Bulk-density basis not confirmed with the lab — the coarse-fragment correction may be wrong or doubled. ","")&IF(LAB_BULK_DENSITY_BASIS="Not confirmed","No lab bulk-density basis is on file in Settings (LAB_BULK_DENSITY_BASIS), so nothing checks this row. ","")&IF(AND($L44<>"",LAB_BULK_DENSITY_BASIS<>"Not confirmed",$L44<>LAB_BULK_DENSITY_BASIS),"This row's bulk-density basis disagrees with the lab method on file. One of "&"the two is wrong, and the coarse-fragment correction follows the row. ","")&IF(AND(ISNUMBER($M44),OR($M44<QC_BD_MIN,$M44>QC_BD_MAX)),"Bulk density outside the plausible range for a mineral grassland soil. ","")&IF(AND(ISNUMBER($N44),$N44>QC_CARBON_PCT_MAX),"Organic carbon above the QC ceiling — check units, and whether this is an organic horizon. ","")&IF(AND(ISNUMBER($J44),$J44<QC_RECOVERY_MIN),"Recovered less than the QC minimum of the depth driven — the increments may not sit where you think. Do NOT stretch them back out. ","")&IF(AND(ISNUMBER($K44),$K44>0,$L44="Fine earth / total volume"),"Coarse fragments recorded and the lab basis already accounts for them — no further correction applied, which is correct. ","")) | U44: =IF($B44="",0,IF(COUNTIFS($B$5:$B44,$B44)=1,1,0)) -> 0
F45: =IF(OR($D45="",$E45=""),"",$E45-$D45) | J45: =IF(OR(NOT(ISNUMBER($H45)),NOT(ISNUMBER($I45)),$H45=0),"",$I45/$H45) | O45: =IF(NOT(ISNUMBER($M45)),"",IF($L45="Fine earth / fine-earth volume",$M45*(1-IF(ISNUMBER($K45),$K45,0)/100),$M45)) | P45: =IF(OR(NOT(ISNUMBER($O45)),NOT(ISNUMBER($N45)),NOT(ISNUMBER($F45))),"",$O45*($N45/100)*$F45*10) | Q45: =IF(OR(NOT(ISNUMBER($D45)),NOT(ISNUMBER($E45))),"",MAX(0,MIN($E45,SOIL_REPORTING_DEPTH_CM)-MIN($D45,SOIL_REPORTING_DEPTH_CM))) | R45: =IF(OR(NOT(ISNUMBER($O45)),NOT(ISNUMBER($N45)),NOT(ISNUMBER($Q45))),"",$O45*($N45/100)*$Q45*10) | S45: =IF(AND($A45="",$B45="",$D45=""),"",IF(AND($A45<>"",COUNTIF('1. Plot & Site Log'!$A$5:$A$64,$A45)=0),"Plot ID not in the Plot & Site Log. ","")&IF(AND(ISNUMBER($D45),ISNUMBER($E45),$E45<=$D45),"Bottom depth is not below top depth. ","")&IF($L45="Not confirmed","Bulk-density basis not confirmed with the lab — the coarse-fragment correction may be wrong or doubled. ","")&IF(LAB_BULK_DENSITY_BASIS="Not confirmed","No lab bulk-density basis is on file in Settings (LAB_BULK_DENSITY_BASIS), so nothing checks this row. ","")&IF(AND($L45<>"",LAB_BULK_DENSITY_BASIS<>"Not confirmed",$L45<>LAB_BULK_DENSITY_BASIS),"This row's bulk-density basis disagrees with the lab method on file. One of "&"the two is wrong, and the coarse-fragment correction follows the row. ","")&IF(AND(ISNUMBER($M45),OR($M45<QC_BD_MIN,$M45>QC_BD_MAX)),"Bulk density outside the plausible range for a mineral grassland soil. ","")&IF(AND(ISNUMBER($N45),$N45>QC_CARBON_PCT_MAX),"Organic carbon above the QC ceiling — check units, and whether this is an organic horizon. ","")&IF(AND(ISNUMBER($J45),$J45<QC_RECOVERY_MIN),"Recovered less than the QC minimum of the depth driven — the increments may not sit where you think. Do NOT stretch them back out. ","")&IF(AND(ISNUMBER($K45),$K45>0,$L45="Fine earth / total volume"),"Coarse fragments recorded and the lab basis already accounts for them — no further correction applied, which is correct. ","")) | U45: =IF($B45="",0,IF(COUNTIFS($B$5:$B45,$B45)=1,1,0)) -> 0
F46: =IF(OR($D46="",$E46=""),"",$E46-$D46) | J46: =IF(OR(NOT(ISNUMBER($H46)),NOT(ISNUMBER($I46)),$H46=0),"",$I46/$H46) | O46: =IF(NOT(ISNUMBER($M46)),"",IF($L46="Fine earth / fine-earth volume",$M46*(1-IF(ISNUMBER($K46),$K46,0)/100),$M46)) | P46: =IF(OR(NOT(ISNUMBER($O46)),NOT(ISNUMBER($N46)),NOT(ISNUMBER($F46))),"",$O46*($N46/100)*$F46*10) | Q46: =IF(OR(NOT(ISNUMBER($D46)),NOT(ISNUMBER($E46))),"",MAX(0,MIN($E46,SOIL_REPORTING_DEPTH_CM)-MIN($D46,SOIL_REPORTING_DEPTH_CM))) | R46: =IF(OR(NOT(ISNUMBER($O46)),NOT(ISNUMBER($N46)),NOT(ISNUMBER($Q46))),"",$O46*($N46/100)*$Q46*10) | S46: =IF(AND($A46="",$B46="",$D46=""),"",IF(AND($A46<>"",COUNTIF('1. Plot & Site Log'!$A$5:$A$64,$A46)=0),"Plot ID not in the Plot & Site Log. ","")&IF(AND(ISNUMBER($D46),ISNUMBER($E46),$E46<=$D46),"Bottom depth is not below top depth. ","")&IF($L46="Not confirmed","Bulk-density basis not confirmed with the lab — the coarse-fragment correction may be wrong or doubled. ","")&IF(LAB_BULK_DENSITY_BASIS="Not confirmed","No lab bulk-density basis is on file in Settings (LAB_BULK_DENSITY_BASIS), so nothing checks this row. ","")&IF(AND($L46<>"",LAB_BULK_DENSITY_BASIS<>"Not confirmed",$L46<>LAB_BULK_DENSITY_BASIS),"This row's bulk-density basis disagrees with the lab method on file. One of "&"the two is wrong, and the coarse-fragment correction follows the row. ","")&IF(AND(ISNUMBER($M46),OR($M46<QC_BD_MIN,$M46>QC_BD_MAX)),"Bulk density outside the plausible range for a mineral grassland soil. ","")&IF(AND(ISNUMBER($N46),$N46>QC_CARBON_PCT_MAX),"Organic carbon above the QC ceiling — check units, and whether this is an organic horizon. ","")&IF(AND(ISNUMBER($J46),$J46<QC_RECOVERY_MIN),"Recovered less than the QC minimum of the depth driven — the increments may not sit where you think. Do NOT stretch them back out. ","")&IF(AND(ISNUMBER($K46),$K46>0,$L46="Fine earth / total volume"),"Coarse fragments recorded and the lab basis already accounts for them — no further correction applied, which is correct. ","")) | U46: =IF($B46="",0,IF(COUNTIFS($B$5:$B46,$B46)=1,1,0)) -> 0
F47: =IF(OR($D47="",$E47=""),"",$E47-$D47) | J47: =IF(OR(NOT(ISNUMBER($H47)),NOT(ISNUMBER($I47)),$H47=0),"",$I47/$H47) | O47: =IF(NOT(ISNUMBER($M47)),"",IF($L47="Fine earth / fine-earth volume",$M47*(1-IF(ISNUMBER($K47),$K47,0)/100),$M47)) | P47: =IF(OR(NOT(ISNUMBER($O47)),NOT(ISNUMBER($N47)),NOT(ISNUMBER($F47))),"",$O47*($N47/100)*$F47*10) | Q47: =IF(OR(NOT(ISNUMBER($D47)),NOT(ISNUMBER($E47))),"",MAX(0,MIN($E47,SOIL_REPORTING_DEPTH_CM)-MIN($D47,SOIL_REPORTING_DEPTH_CM))) | R47: =IF(OR(NOT(ISNUMBER($O47)),NOT(ISNUMBER($N47)),NOT(ISNUMBER($Q47))),"",$O47*($N47/100)*$Q47*10) | S47: =IF(AND($A47="",$B47="",$D47=""),"",IF(AND($A47<>"",COUNTIF('1. Plot & Site Log'!$A$5:$A$64,$A47)=0),"Plot ID not in the Plot & Site Log. ","")&IF(AND(ISNUMBER($D47),ISNUMBER($E47),$E47<=$D47),"Bottom depth is not below top depth. ","")&IF($L47="Not confirmed","Bulk-density basis not confirmed with the lab — the coarse-fragment correction may be wrong or doubled. ","")&IF(LAB_BULK_DENSITY_BASIS="Not confirmed","No lab bulk-density basis is on file in Settings (LAB_BULK_DENSITY_BASIS), so nothing checks this row. ","")&IF(AND($L47<>"",LAB_BULK_DENSITY_BASIS<>"Not confirmed",$L47<>LAB_BULK_DENSITY_BASIS),"This row's bulk-density basis disagrees with the lab method on file. One of "&"the two is wrong, and the coarse-fragment correction follows the row. ","")&IF(AND(ISNUMBER($M47),OR($M47<QC_BD_MIN,$M47>QC_BD_MAX)),"Bulk density outside the plausible range for a mineral grassland soil. ","")&IF(AND(ISNUMBER($N47),$N47>QC_CARBON_PCT_MAX),"Organic carbon above the QC ceiling — check units, and whether this is an organic horizon. ","")&IF(AND(ISNUMBER($J47),$J47<QC_RECOVERY_MIN),"Recovered less than the QC minimum of the depth driven — the increments may not sit where you think. Do NOT stretch them back out. ","")&IF(AND(ISNUMBER($K47),$K47>0,$L47="Fine earth / total volume"),"Coarse fragments recorded and the lab basis already accounts for them — no further correction applied, which is correct. ","")) | U47: =IF($B47="",0,IF(COUNTIFS($B$5:$B47,$B47)=1,1,0)) -> 0
F48: =IF(OR($D48="",$E48=""),"",$E48-$D48) | J48: =IF(OR(NOT(ISNUMBER($H48)),NOT(ISNUMBER($I48)),$H48=0),"",$I48/$H48) | O48: =IF(NOT(ISNUMBER($M48)),"",IF($L48="Fine earth / fine-earth volume",$M48*(1-IF(ISNUMBER($K48),$K48,0)/100),$M48)) | P48: =IF(OR(NOT(ISNUMBER($O48)),NOT(ISNUMBER($N48)),NOT(ISNUMBER($F48))),"",$O48*($N48/100)*$F48*10) | Q48: =IF(OR(NOT(ISNUMBER($D48)),NOT(ISNUMBER($E48))),"",MAX(0,MIN($E48,SOIL_REPORTING_DEPTH_CM)-MIN($D48,SOIL_REPORTING_DEPTH_CM))) | R48: =IF(OR(NOT(ISNUMBER($O48)),NOT(ISNUMBER($N48)),NOT(ISNUMBER($Q48))),"",$O48*($N48/100)*$Q48*10) | S48: =IF(AND($A48="",$B48="",$D48=""),"",IF(AND($A48<>"",COUNTIF('1. Plot & Site Log'!$A$5:$A$64,$A48)=0),"Plot ID not in the Plot & Site Log. ","")&IF(AND(ISNUMBER($D48),ISNUMBER($E48),$E48<=$D48),"Bottom depth is not below top depth. ","")&IF($L48="Not confirmed","Bulk-density basis not confirmed with the lab — the coarse-fragment correction may be wrong or doubled. ","")&IF(LAB_BULK_DENSITY_BASIS="Not confirmed","No lab bulk-density basis is on file in Settings (LAB_BULK_DENSITY_BASIS), so nothing checks this row. ","")&IF(AND($L48<>"",LAB_BULK_DENSITY_BASIS<>"Not confirmed",$L48<>LAB_BULK_DENSITY_BASIS),"This row's bulk-density basis disagrees with the lab method on file. One of "&"the two is wrong, and the coarse-fragment correction follows the row. ","")&IF(AND(ISNUMBER($M48),OR($M48<QC_BD_MIN,$M48>QC_BD_MAX)),"Bulk density outside the plausible range for a mineral grassland soil. ","")&IF(AND(ISNUMBER($N48),$N48>QC_CARBON_PCT_MAX),"Organic carbon above the QC ceiling — check units, and whether this is an organic horizon. ","")&IF(AND(ISNUMBER($J48),$J48<QC_RECOVERY_MIN),"Recovered less than the QC minimum of the depth driven — the increments may not sit where you think. Do NOT stretch them back out. ","")&IF(AND(ISNUMBER($K48),$K48>0,$L48="Fine earth / total volume"),"Coarse fragments recorded and the lab basis already accounts for them — no further correction applied, which is correct. ","")) | U48: =IF($B48="",0,IF(COUNTIFS($B$5:$B48,$B48)=1,1,0)) -> 0
F49: =IF(OR($D49="",$E49=""),"",$E49-$D49) | J49: =IF(OR(NOT(ISNUMBER($H49)),NOT(ISNUMBER($I49)),$H49=0),"",$I49/$H49) | O49: =IF(NOT(ISNUMBER($M49)),"",IF($L49="Fine earth / fine-earth volume",$M49*(1-IF(ISNUMBER($K49),$K49,0)/100),$M49)) | P49: =IF(OR(NOT(ISNUMBER($O49)),NOT(ISNUMBER($N49)),NOT(ISNUMBER($F49))),"",$O49*($N49/100)*$F49*10) | Q49: =IF(OR(NOT(ISNUMBER($D49)),NOT(ISNUMBER($E49))),"",MAX(0,MIN($E49,SOIL_REPORTING_DEPTH_CM)-MIN($D49,SOIL_REPORTING_DEPTH_CM))) | R49: =IF(OR(NOT(ISNUMBER($O49)),NOT(ISNUMBER($N49)),NOT(ISNUMBER($Q49))),"",$O49*($N49/100)*$Q49*10) | S49: =IF(AND($A49="",$B49="",$D49=""),"",IF(AND($A49<>"",COUNTIF('1. Plot & Site Log'!$A$5:$A$64,$A49)=0),"Plot ID not in the Plot & Site Log. ","")&IF(AND(ISNUMBER($D49),ISNUMBER($E49),$E49<=$D49),"Bottom depth is not below top depth. ","")&IF($L49="Not confirmed","Bulk-density basis not confirmed with the lab — the coarse-fragment correction may be wrong or doubled. ","")&IF(LAB_BULK_DENSITY_BASIS="Not confirmed","No lab bulk-density basis is on file in Settings (LAB_BULK_DENSITY_BASIS), so nothing checks this row. ","")&IF(AND($L49<>"",LAB_BULK_DENSITY_BASIS<>"Not confirmed",$L49<>LAB_BULK_DENSITY_BASIS),"This row's bulk-density basis disagrees with the lab method on file. One of "&"the two is wrong, and the coarse-fragment correction follows the row. ","")&IF(AND(ISNUMBER($M49),OR($M49<QC_BD_MIN,$M49>QC_BD_MAX)),"Bulk density outside the plausible range for a mineral grassland soil. ","")&IF(AND(ISNUMBER($N49),$N49>QC_CARBON_PCT_MAX),"Organic carbon above the QC ceiling — check units, and whether this is an organic horizon. ","")&IF(AND(ISNUMBER($J49),$J49<QC_RECOVERY_MIN),"Recovered less than the QC minimum of the depth driven — the increments may not sit where you think. Do NOT stretch them back out. ","")&IF(AND(ISNUMBER($K49),$K49>0,$L49="Fine earth / total volume"),"Coarse fragments recorded and the lab basis already accounts for them — no further correction applied, which is correct. ","")) | U49: =IF($B49="",0,IF(COUNTIFS($B$5:$B49,$B49)=1,1,0)) -> 0
F50: =IF(OR($D50="",$E50=""),"",$E50-$D50) | J50: =IF(OR(NOT(ISNUMBER($H50)),NOT(ISNUMBER($I50)),$H50=0),"",$I50/$H50) | O50: =IF(NOT(ISNUMBER($M50)),"",IF($L50="Fine earth / fine-earth volume",$M50*(1-IF(ISNUMBER($K50),$K50,0)/100),$M50)) | P50: =IF(OR(NOT(ISNUMBER($O50)),NOT(ISNUMBER($N50)),NOT(ISNUMBER($F50))),"",$O50*($N50/100)*$F50*10) | Q50: =IF(OR(NOT(ISNUMBER($D50)),NOT(ISNUMBER($E50))),"",MAX(0,MIN($E50,SOIL_REPORTING_DEPTH_CM)-MIN($D50,SOIL_REPORTING_DEPTH_CM))) | R50: =IF(OR(NOT(ISNUMBER($O50)),NOT(ISNUMBER($N50)),NOT(ISNUMBER($Q50))),"",$O50*($N50/100)*$Q50*10) | S50: =IF(AND($A50="",$B50="",$D50=""),"",IF(AND($A50<>"",COUNTIF('1. Plot & Site Log'!$A$5:$A$64,$A50)=0),"Plot ID not in the Plot & Site Log. ","")&IF(AND(ISNUMBER($D50),ISNUMBER($E50),$E50<=$D50),"Bottom depth is not below top depth. ","")&IF($L50="Not confirmed","Bulk-density basis not confirmed with the lab — the coarse-fragment correction may be wrong or doubled. ","")&IF(LAB_BULK_DENSITY_BASIS="Not confirmed","No lab bulk-density basis is on file in Settings (LAB_BULK_DENSITY_BASIS), so nothing checks this row. ","")&IF(AND($L50<>"",LAB_BULK_DENSITY_BASIS<>"Not confirmed",$L50<>LAB_BULK_DENSITY_BASIS),"This row's bulk-density basis disagrees with the lab method on file. One of "&"the two is wrong, and the coarse-fragment correction follows the row. ","")&IF(AND(ISNUMBER($M50),OR($M50<QC_BD_MIN,$M50>QC_BD_MAX)),"Bulk density outside the plausible range for a mineral grassland soil. ","")&IF(AND(ISNUMBER($N50),$N50>QC_CARBON_PCT_MAX),"Organic carbon above the QC ceiling — check units, and whether this is an organic horizon. ","")&IF(AND(ISNUMBER($J50),$J50<QC_RECOVERY_MIN),"Recovered less than the QC minimum of the depth driven — the increments may not sit where you think. Do NOT stretch them back out. ","")&IF(AND(ISNUMBER($K50),$K50>0,$L50="Fine earth / total volume"),"Coarse fragments recorded and the lab basis already accounts for them — no further correction applied, which is correct. ","")) | U50: =IF($B50="",0,IF(COUNTIFS($B$5:$B50,$B50)=1,1,0)) -> 0
... F604: =IF(OR($D604="",$E604=""),"",$E604-$D604) | J604: =IF(OR(NOT(ISNUMBER($H604)),NOT(ISNUMBER($I604)),$H604=0),"",$I604/$H604) | O604: =IF(NOT(ISNUMBER($M604)),"",IF($L604="Fine earth / fine-earth volume",$M604*(1-IF(ISNUMBER($K604),$K604,0)/100),$M604)) | P604: =IF(OR(NOT(ISNUMBER($O604)),NOT(ISNUMBER($N604)),NOT(ISNUMBER($F604))),"",$O604*($N604/100)*$F604*10) | Q604: =IF(OR(NOT(ISNUMBER($D604)),NOT(ISNUMBER($E604))),"",MAX(0,MIN($E604,SOIL_REPORTING_DEPTH_CM)-MIN($D604,SOIL_REPORTING_DEPTH_CM))) | R604: =IF(OR(NOT(ISNUMBER($O604)),NOT(ISNUMBER($N604)),NOT(ISNUMBER($Q604))),"",$O604*($N604/100)*$Q604*10) | S604: =IF(AND($A604="",$B604="",$D604=""),"",IF(AND($A604<>"",COUNTIF('1. Plot & Site Log'!$A$5:$A$64,$A604)=0),"Plot ID not in the Plot & Site Log. ","")&IF(AND(ISNUMBER($D604),ISNUMBER($E604),$E604<=$D604),"Bottom depth is not below top depth. ","")&IF($L604="Not confirmed","Bulk-density basis not confirmed with the lab — the coarse-fragment correction may be wrong or doubled. ","")&IF(LAB_BULK_DENSITY_BASIS="Not confirmed","No lab bulk-density basis is on file in Settings (LAB_BULK_DENSITY_BASIS), so nothing checks this row. ","")&IF(AND($L604<>"",LAB_BULK_DENSITY_BASIS<>"Not confirmed",$L604<>LAB_BULK_DENSITY_BASIS),"This row's bulk-density basis disagrees with the lab method on file. One of "&"the two is wrong, and the coarse-fragment correction follows the row. ","")&IF(AND(ISNUMBER($M604),OR($M604<QC_BD_MIN,$M604>QC_BD_MAX)),"Bulk density outside the plausible range for a mineral grassland soil. ","")&IF(AND(ISNUMBER($N604),$N604>QC_CARBON_PCT_MAX),"Organic carbon above the QC ceiling — check units, and whether this is an organic horizon. ","")&IF(AND(ISNUMBER($J604),$J604<QC_RECOVERY_MIN),"Recovered less than the QC minimum of the depth driven — the increments may not sit where you think. Do NOT stretch them back out. ","")&IF(AND(ISNUMBER($K604),$K604>0,$L604="Fine earth / total volume"),"Coarse fragments recorded and the lab basis already accounts for them — no further correction applied, which is correct. ","")) | U604: =IF($B604="",0,IF(COUNTIFS($B$5:$B604,$B604)=1,1,0)) -> 0

Sheet 3. Root Biomass
A1: ROOT BIOMASS
A2: ONE ROW PER INCREMENT PER DIAMETER CLASS PER LIVE/DEAD STATE. This is MEASURED root mass, not a root:shoot ratio. Mass is oven-dry at 60–70 °C — not the 105 °C used for soil bulk density. Ash fraction corrects for mineral soil still clinging to the roots after washing; without it root mass is systematically too high.
A4: Plot ID | B4: Core ID | C4: Top depth (cm) | D4: Bottom depth (cm) | E4: Diameter class | F4: Live or dead | G4: Oven-dry mass (g) | H4: Ash fraction (0–1) | I4: Sieve mesh (mm) | J4: Corrected mass (g) | K4: Corer internal diameter (cm) | L4: Core area (cm²) | M4: Root mass (g/m²) | N4: Root carbon (kg C/m²) | O4: QC flags | P4: Notes | Q4: _first_of_core
A5: GP-01 | B5: GP-01-C1 | C5: 0 | D5: 10 | E5: <=2 mm (fine) | F5: Live | G5: 1.8414 | H5: 0.082 | I5: 0.5 | J5: =IF(NOT(ISNUMBER($G5)),"",IF(AND(ASH_CORRECTED="Yes",ISNUMBER($H5)),$G5*(1-$H5),$G5)) -> 1.6904052 | K5: =IF($B5="","",IFERROR(AVERAGEIFS('2. Soil Data'!$G$5:$G$604,'2. Soil Data'!$B$5:$B$604,$B5),"")) -> 5 | L5: =IF(NOT(ISNUMBER($K5)),"",PI()*($K5/2)^2) -> 19.634954 | M5: =IF(OR(NOT(ISNUMBER($J5)),NOT(ISNUMBER($L5)),$L5=0),"",$J5/$L5*10000) -> 860.9163 | N5: =IF(NOT(ISNUMBER($M5)),"",$M5*CARBON_FRACTION_ROOT/1000) -> 0.43045815 | O5: =IF(AND($A5="",$B5="",$G5=""),"",IF(AND($B5<>"",COUNTIFS('2. Soil Data'!$B$5:$B$604,$B5)=0),"Core ID not found in Soil Data, so the corer diameter cannot be looked up. ","")&IF(ASH_CORRECTED<>"Yes","Root mass is NOT ash-corrected, so it includes adhering mineral soil and is too high. Set ASH_CORRECTED once you have done it. ","")&IF(AND(ASH_CORRECTED="Yes",NOT(ISNUMBER($H5))),"Ash correction is switched on but no ash fraction is given for this row. ","")&IF($I5="","Sieve mesh not recorded — a fine-root figure cannot be interpreted without it. ","")&IF(AND(ISNUMBER($H5),$H5>0.5),"Ash fraction above 0.5 — over half this sample was mineral soil. Re-wash. ","")&IF($F5="Not separated","Live and dead not separated. Fine for a stock, but "&"note it in reporting. ","")) | Q5: =IF($B5="",0,IF(COUNTIFS($B$5:$B5,$B5)=1,1,0)) -> 1
A6: GP-01 | B6: GP-01-C1 | C6: 0 | D6: 10 | E6: >2 mm (coarse) | F6: Live | G6: 0.4602 | H6: 0.14 | I6: 0.5 | J6: =IF(NOT(ISNUMBER($G6)),"",IF(AND(ASH_CORRECTED="Yes",ISNUMBER($H6)),$G6*(1-$H6),$G6)) -> 0.395772 | K6: =IF($B6="","",IFERROR(AVERAGEIFS('2. Soil Data'!$G$5:$G$604,'2. Soil Data'!$B$5:$B$604,$B6),"")) -> 5 | L6: =IF(NOT(ISNUMBER($K6)),"",PI()*($K6/2)^2) -> 19.634954 | M6: =IF(OR(NOT(ISNUMBER($J6)),NOT(ISNUMBER($L6)),$L6=0),"",$J6/$L6*10000) -> 201.56502 | N6: =IF(NOT(ISNUMBER($M6)),"",$M6*CARBON_FRACTION_ROOT/1000) -> 0.10078251 | O6: =IF(AND($A6="",$B6="",$G6=""),"",IF(AND($B6<>"",COUNTIFS('2. Soil Data'!$B$5:$B$604,$B6)=0),"Core ID not found in Soil Data, so the corer diameter cannot be looked up. ","")&IF(ASH_CORRECTED<>"Yes","Root mass is NOT ash-corrected, so it includes adhering mineral soil and is too high. Set ASH_CORRECTED once you have done it. ","")&IF(AND(ASH_CORRECTED="Yes",NOT(ISNUMBER($H6))),"Ash correction is switched on but no ash fraction is given for this row. ","")&IF($I6="","Sieve mesh not recorded — a fine-root figure cannot be interpreted without it. ","")&IF(AND(ISNUMBER($H6),$H6>0.5),"Ash fraction above 0.5 — over half this sample was mineral soil. Re-wash. ","")&IF($F6="Not separated","Live and dead not separated. Fine for a stock, but "&"note it in reporting. ","")) | Q6: =IF($B6="",0,IF(COUNTIFS($B$5:$B6,$B6)=1,1,0)) -> 0
A7: GP-01 | B7: GP-01-C1 | C7: 10 | D7: 20 | E7: <=2 mm (fine) | F7: Live | G7: 0.9853 | H7: 0.117 | I7: 0.5 | J7: =IF(NOT(ISNUMBER($G7)),"",IF(AND(ASH_CORRECTED="Yes",ISNUMBER($H7)),$G7*(1-$H7),$G7)) -> 0.8700199 | K7: =IF($B7="","",IFERROR(AVERAGEIFS('2. Soil Data'!$G$5:$G$604,'2. Soil Data'!$B$5:$B$604,$B7),"")) -> 5 | L7: =IF(NOT(ISNUMBER($K7)),"",PI()*($K7/2)^2) -> 19.634954 | M7: =IF(OR(NOT(ISNUMBER($J7)),NOT(ISNUMBER($L7)),$L7=0),"",$J7/$L7*10000) -> 443.0975 | N7: =IF(NOT(ISNUMBER($M7)),"",$M7*CARBON_FRACTION_ROOT/1000) -> 0.22154875 | O7: =IF(AND($A7="",$B7="",$G7=""),"",IF(AND($B7<>"",COUNTIFS('2. Soil Data'!$B$5:$B$604,$B7)=0),"Core ID not found in Soil Data, so the corer diameter cannot be looked up. ","")&IF(ASH_CORRECTED<>"Yes","Root mass is NOT ash-corrected, so it includes adhering mineral soil and is too high. Set ASH_CORRECTED once you have done it. ","")&IF(AND(ASH_CORRECTED="Yes",NOT(ISNUMBER($H7))),"Ash correction is switched on but no ash fraction is given for this row. ","")&IF($I7="","Sieve mesh not recorded — a fine-root figure cannot be interpreted without it. ","")&IF(AND(ISNUMBER($H7),$H7>0.5),"Ash fraction above 0.5 — over half this sample was mineral soil. Re-wash. ","")&IF($F7="Not separated","Live and dead not separated. Fine for a stock, but "&"note it in reporting. ","")) | Q7: =IF($B7="",0,IF(COUNTIFS($B$5:$B7,$B7)=1,1,0)) -> 0
A8: GP-01 | B8: GP-01-C1 | C8: 10 | D8: 20 | E8: >2 mm (coarse) | F8: Live | G8: 0.188 | H8: 0.078 | I8: 0.5 | J8: =IF(NOT(ISNUMBER($G8)),"",IF(AND(ASH_CORRECTED="Yes",ISNUMBER($H8)),$G8*(1-$H8),$G8)) -> 0.173336 | K8: =IF($B8="","",IFERROR(AVERAGEIFS('2. Soil Data'!$G$5:$G$604,'2. Soil Data'!$B$5:$B$604,$B8),"")) -> 5 | L8: =IF(NOT(ISNUMBER($K8)),"",PI()*($K8/2)^2) -> 19.634954 | M8: =IF(OR(NOT(ISNUMBER($J8)),NOT(ISNUMBER($L8)),$L8=0),"",$J8/$L8*10000) -> 88.2793 | N8: =IF(NOT(ISNUMBER($M8)),"",$M8*CARBON_FRACTION_ROOT/1000) -> 0.04413965 | O8: =IF(AND($A8="",$B8="",$G8=""),"",IF(AND($B8<>"",COUNTIFS('2. Soil Data'!$B$5:$B$604,$B8)=0),"Core ID not found in Soil Data, so the corer diameter cannot be looked up. ","")&IF(ASH_CORRECTED<>"Yes","Root mass is NOT ash-corrected, so it includes adhering mineral soil and is too high. Set ASH_CORRECTED once you have done it. ","")&IF(AND(ASH_CORRECTED="Yes",NOT(ISNUMBER($H8))),"Ash correction is switched on but no ash fraction is given for this row. ","")&IF($I8="","Sieve mesh not recorded — a fine-root figure cannot be interpreted without it. ","")&IF(AND(ISNUMBER($H8),$H8>0.5),"Ash fraction above 0.5 — over half this sample was mineral soil. Re-wash. ","")&IF($F8="Not separated","Live and dead not separated. Fine for a stock, but "&"note it in reporting. ","")) | Q8: =IF($B8="",0,IF(COUNTIFS($B$5:$B8,$B8)=1,1,0)) -> 0
A9: GP-01 | B9: GP-01-C1 | C9: 20 | D9: 30 | E9: <=2 mm (fine) | F9: Live | G9: 0.4662 | H9: 0.066 | I9: 0.5 | J9: =IF(NOT(ISNUMBER($G9)),"",IF(AND(ASH_CORRECTED="Yes",ISNUMBER($H9)),$G9*(1-$H9),$G9)) -> 0.4354308 | K9: =IF($B9="","",IFERROR(AVERAGEIFS('2. Soil Data'!$G$5:$G$604,'2. Soil Data'!$B$5:$B$604,$B9),"")) -> 5 | L9: =IF(NOT(ISNUMBER($K9)),"",PI()*($K9/2)^2) -> 19.634954 | M9: =IF(OR(NOT(ISNUMBER($J9)),NOT(ISNUMBER($L9)),$L9=0),"",$J9/$L9*10000) -> 221.76309 | N9: =IF(NOT(ISNUMBER($M9)),"",$M9*CARBON_FRACTION_ROOT/1000) -> 0.11088154 | O9: =IF(AND($A9="",$B9="",$G9=""),"",IF(AND($B9<>"",COUNTIFS('2. Soil Data'!$B$5:$B$604,$B9)=0),"Core ID not found in Soil Data, so the corer diameter cannot be looked up. ","")&IF(ASH_CORRECTED<>"Yes","Root mass is NOT ash-corrected, so it includes adhering mineral soil and is too high. Set ASH_CORRECTED once you have done it. ","")&IF(AND(ASH_CORRECTED="Yes",NOT(ISNUMBER($H9))),"Ash correction is switched on but no ash fraction is given for this row. ","")&IF($I9="","Sieve mesh not recorded — a fine-root figure cannot be interpreted without it. ","")&IF(AND(ISNUMBER($H9),$H9>0.5),"Ash fraction above 0.5 — over half this sample was mineral soil. Re-wash. ","")&IF($F9="Not separated","Live and dead not separated. Fine for a stock, but "&"note it in reporting. ","")) | Q9: =IF($B9="",0,IF(COUNTIFS($B$5:$B9,$B9)=1,1,0)) -> 0
A10: GP-01 | B10: GP-01-C1 | C10: 20 | D10: 30 | E10: >2 mm (coarse) | F10: Live | G10: 0.1209 | H10: 0.092 | I10: 0.5 | J10: =IF(NOT(ISNUMBER($G10)),"",IF(AND(ASH_CORRECTED="Yes",ISNUMBER($H10)),$G10*(1-$H10),$G10)) -> 0.1097772 | K10: =IF($B10="","",IFERROR(AVERAGEIFS('2. Soil Data'!$G$5:$G$604,'2. Soil Data'!$B$5:$B$604,$B10),"")) -> 5 | L10: =IF(NOT(ISNUMBER($K10)),"",PI()*($K10/2)^2) -> 19.634954 | M10: =IF(OR(NOT(ISNUMBER($J10)),NOT(ISNUMBER($L10)),$L10=0),"",$J10/$L10*10000) -> 55.909069 | N10: =IF(NOT(ISNUMBER($M10)),"",$M10*CARBON_FRACTION_ROOT/1000) -> 0.027954534 | O10: =IF(AND($A10="",$B10="",$G10=""),"",IF(AND($B10<>"",COUNTIFS('2. Soil Data'!$B$5:$B$604,$B10)=0),"Core ID not found in Soil Data, so the corer diameter cannot be looked up. ","")&IF(ASH_CORRECTED<>"Yes","Root mass is NOT ash-corrected, so it includes adhering mineral soil and is too high. Set ASH_CORRECTED once you have done it. ","")&IF(AND(ASH_CORRECTED="Yes",NOT(ISNUMBER($H10))),"Ash correction is switched on but no ash fraction is given for this row. ","")&IF($I10="","Sieve mesh not recorded — a fine-root figure cannot be interpreted without it. ","")&IF(AND(ISNUMBER($H10),$H10>0.5),"Ash fraction above 0.5 — over half this sample was mineral soil. Re-wash. ","")&IF($F10="Not separated","Live and dead not separated. Fine for a stock, but "&"note it in reporting. ","")) | Q10: =IF($B10="",0,IF(COUNTIFS($B$5:$B10,$B10)=1,1,0)) -> 0
A11: GP-01 | B11: GP-01-C1 | C11: 30 | D11: 60 | E11: <=2 mm (fine) | F11: Live | G11: 1.4039 | H11: 0.091 | I11: 0.5 | J11: =IF(NOT(ISNUMBER($G11)),"",IF(AND(ASH_CORRECTED="Yes",ISNUMBER($H11)),$G11*(1-$H11),$G11)) -> 1.2761451 | K11: =IF($B11="","",IFERROR(AVERAGEIFS('2. Soil Data'!$G$5:$G$604,'2. Soil Data'!$B$5:$B$604,$B11),"")) -> 5 | L11: =IF(NOT(ISNUMBER($K11)),"",PI()*($K11/2)^2) -> 19.634954 | M11: =IF(OR(NOT(ISNUMBER($J11)),NOT(ISNUMBER($L11)),$L11=0),"",$J11/$L11*10000) -> 649.93536 | N11: =IF(NOT(ISNUMBER($M11)),"",$M11*CARBON_FRACTION_ROOT/1000) -> 0.32496768 | O11: =IF(AND($A11="",$B11="",$G11=""),"",IF(AND($B11<>"",COUNTIFS('2. Soil Data'!$B$5:$B$604,$B11)=0),"Core ID not found in Soil Data, so the corer diameter cannot be looked up. ","")&IF(ASH_CORRECTED<>"Yes","Root mass is NOT ash-corrected, so it includes adhering mineral soil and is too high. Set ASH_CORRECTED once you have done it. ","")&IF(AND(ASH_CORRECTED="Yes",NOT(ISNUMBER($H11))),"Ash correction is switched on but no ash fraction is given for this row. ","")&IF($I11="","Sieve mesh not recorded — a fine-root figure cannot be interpreted without it. ","")&IF(AND(ISNUMBER($H11),$H11>0.5),"Ash fraction above 0.5 — over half this sample was mineral soil. Re-wash. ","")&IF($F11="Not separated","Live and dead not separated. Fine for a stock, but "&"note it in reporting. ","")) | Q11: =IF($B11="",0,IF(COUNTIFS($B$5:$B11,$B11)=1,1,0)) -> 0
A12: GP-01 | B12: GP-01-C1 | C12: 30 | D12: 60 | E12: >2 mm (coarse) | F12: Live | G12: 0.3415 | H12: 0.128 | I12: 0.5 | J12: =IF(NOT(ISNUMBER($G12)),"",IF(AND(ASH_CORRECTED="Yes",ISNUMBER($H12)),$G12*(1-$H12),$G12)) -> 0.297788 | K12: =IF($B12="","",IFERROR(AVERAGEIFS('2. Soil Data'!$G$5:$G$604,'2. Soil Data'!$B$5:$B$604,$B12),"")) -> 5 | L12: =IF(NOT(ISNUMBER($K12)),"",PI()*($K12/2)^2) -> 19.634954 | M12: =IF(OR(NOT(ISNUMBER($J12)),NOT(ISNUMBER($L12)),$L12=0),"",$J12/$L12*10000) -> 151.66218 | N12: =IF(NOT(ISNUMBER($M12)),"",$M12*CARBON_FRACTION_ROOT/1000) -> 0.075831092 | O12: =IF(AND($A12="",$B12="",$G12=""),"",IF(AND($B12<>"",COUNTIFS('2. Soil Data'!$B$5:$B$604,$B12)=0),"Core ID not found in Soil Data, so the corer diameter cannot be looked up. ","")&IF(ASH_CORRECTED<>"Yes","Root mass is NOT ash-corrected, so it includes adhering mineral soil and is too high. Set ASH_CORRECTED once you have done it. ","")&IF(AND(ASH_CORRECTED="Yes",NOT(ISNUMBER($H12))),"Ash correction is switched on but no ash fraction is given for this row. ","")&IF($I12="","Sieve mesh not recorded — a fine-root figure cannot be interpreted without it. ","")&IF(AND(ISNUMBER($H12),$H12>0.5),"Ash fraction above 0.5 — over half this sample was mineral soil. Re-wash. ","")&IF($F12="Not separated","Live and dead not separated. Fine for a stock, but "&"note it in reporting. ","")) | Q12: =IF($B12="",0,IF(COUNTIFS($B$5:$B12,$B12)=1,1,0)) -> 0
A13: GP-02 | B13: GP-02-C1 | C13: 0 | D13: 10 | E13: <=2 mm (fine) | F13: Live | G13: 0.881 | H13: 0.077 | I13: 0.5 | J13: =IF(NOT(ISNUMBER($G13)),"",IF(AND(ASH_CORRECTED="Yes",ISNUMBER($H13)),$G13*(1-$H13),$G13)) -> 0.813163 | K13: =IF($B13="","",IFERROR(AVERAGEIFS('2. Soil Data'!$G$5:$G$604,'2. Soil Data'!$B$5:$B$604,$B13),"")) -> 5 | L13: =IF(NOT(ISNUMBER($K13)),"",PI()*($K13/2)^2) -> 19.634954 | M13: =IF(OR(NOT(ISNUMBER($J13)),NOT(ISNUMBER($L13)),$L13=0),"",$J13/$L13*10000) -> 414.14052 | N13: =IF(NOT(ISNUMBER($M13)),"",$M13*CARBON_FRACTION_ROOT/1000) -> 0.20707026 | O13: =IF(AND($A13="",$B13="",$G13=""),"",IF(AND($B13<>"",COUNTIFS('2. Soil Data'!$B$5:$B$604,$B13)=0),"Core ID not found in Soil Data, so the corer diameter cannot be looked up. ","")&IF(ASH_CORRECTED<>"Yes","Root mass is NOT ash-corrected, so it includes adhering mineral soil and is too high. Set ASH_CORRECTED once you have done it. ","")&IF(AND(ASH_CORRECTED="Yes",NOT(ISNUMBER($H13))),"Ash correction is switched on but no ash fraction is given for this row. ","")&IF($I13="","Sieve mesh not recorded — a fine-root figure cannot be interpreted without it. ","")&IF(AND(ISNUMBER($H13),$H13>0.5),"Ash fraction above 0.5 — over half this sample was mineral soil. Re-wash. ","")&IF($F13="Not separated","Live and dead not separated. Fine for a stock, but "&"note it in reporting. ","")) | Q13: =IF($B13="",0,IF(COUNTIFS($B$5:$B13,$B13)=1,1,0)) -> 1
A14: GP-02 | B14: GP-02-C1 | C14: 0 | D14: 10 | E14: >2 mm (coarse) | F14: Live | G14: 0.2288 | H14: 0.098 | I14: 0.5 | J14: =IF(NOT(ISNUMBER($G14)),"",IF(AND(ASH_CORRECTED="Yes",ISNUMBER($H14)),$G14*(1-$H14),$G14)) -> 0.2063776 | K14: =IF($B14="","",IFERROR(AVERAGEIFS('2. Soil Data'!$G$5:$G$604,'2. Soil Data'!$B$5:$B$604,$B14),"")) -> 5 | L14: =IF(NOT(ISNUMBER($K14)),"",PI()*($K14/2)^2) -> 19.634954 | M14: =IF(OR(NOT(ISNUMBER($J14)),NOT(ISNUMBER($L14)),$L14=0),"",$J14/$L14*10000) -> 105.10725 | N14: =IF(NOT(ISNUMBER($M14)),"",$M14*CARBON_FRACTION_ROOT/1000) -> 0.052553624 | O14: =IF(AND($A14="",$B14="",$G14=""),"",IF(AND($B14<>"",COUNTIFS('2. Soil Data'!$B$5:$B$604,$B14)=0),"Core ID not found in Soil Data, so the corer diameter cannot be looked up. ","")&IF(ASH_CORRECTED<>"Yes","Root mass is NOT ash-corrected, so it includes adhering mineral soil and is too high. Set ASH_CORRECTED once you have done it. ","")&IF(AND(ASH_CORRECTED="Yes",NOT(ISNUMBER($H14))),"Ash correction is switched on but no ash fraction is given for this row. ","")&IF($I14="","Sieve mesh not recorded — a fine-root figure cannot be interpreted without it. ","")&IF(AND(ISNUMBER($H14),$H14>0.5),"Ash fraction above 0.5 — over half this sample was mineral soil. Re-wash. ","")&IF($F14="Not separated","Live and dead not separated. Fine for a stock, but "&"note it in reporting. ","")) | Q14: =IF($B14="",0,IF(COUNTIFS($B$5:$B14,$B14)=1,1,0)) -> 0
A15: GP-02 | B15: GP-02-C1 | C15: 10 | D15: 20 | E15: <=2 mm (fine) | F15: Live | G15: 0.521 | H15: 0.092 | I15: 0.5 | J15: =IF(NOT(ISNUMBER($G15)),"",IF(AND(ASH_CORRECTED="Yes",ISNUMBER($H15)),$G15*(1-$H15),$G15)) -> 0.473068 | K15: =IF($B15="","",IFERROR(AVERAGEIFS('2. Soil Data'!$G$5:$G$604,'2. Soil Data'!$B$5:$B$604,$B15),"")) -> 5 | L15: =IF(NOT(ISNUMBER($K15)),"",PI()*($K15/2)^2) -> 19.634954 | M15: =IF(OR(NOT(ISNUMBER($J15)),NOT(ISNUMBER($L15)),$L15=0),"",$J15/$L15*10000) -> 240.93155 | N15: =IF(NOT(ISNUMBER($M15)),"",$M15*CARBON_FRACTION_ROOT/1000) -> 0.12046578 | O15: =IF(AND($A15="",$B15="",$G15=""),"",IF(AND($B15<>"",COUNTIFS('2. Soil Data'!$B$5:$B$604,$B15)=0),"Core ID not found in Soil Data, so the corer diameter cannot be looked up. ","")&IF(ASH_CORRECTED<>"Yes","Root mass is NOT ash-corrected, so it includes adhering mineral soil and is too high. Set ASH_CORRECTED once you have done it. ","")&IF(AND(ASH_CORRECTED="Yes",NOT(ISNUMBER($H15))),"Ash correction is switched on but no ash fraction is given for this row. ","")&IF($I15="","Sieve mesh not recorded — a fine-root figure cannot be interpreted without it. ","")&IF(AND(ISNUMBER($H15),$H15>0.5),"Ash fraction above 0.5 — over half this sample was mineral soil. Re-wash. ","")&IF($F15="Not separated","Live and dead not separated. Fine for a stock, but "&"note it in reporting. ","")) | Q15: =IF($B15="",0,IF(COUNTIFS($B$5:$B15,$B15)=1,1,0)) -> 0
A16: GP-02 | B16: GP-02-C1 | C16: 10 | D16: 20 | E16: >2 mm (coarse) | F16: Live | G16: 0.098 | H16: 0.11 | I16: 0.5 | J16: =IF(NOT(ISNUMBER($G16)),"",IF(AND(ASH_CORRECTED="Yes",ISNUMBER($H16)),$G16*(1-$H16),$G16)) -> 0.08722 | K16: =IF($B16="","",IFERROR(AVERAGEIFS('2. Soil Data'!$G$5:$G$604,'2. Soil Data'!$B$5:$B$604,$B16),"")) -> 5 | L16: =IF(NOT(ISNUMBER($K16)),"",PI()*($K16/2)^2) -> 19.634954 | M16: =IF(OR(NOT(ISNUMBER($J16)),NOT(ISNUMBER($L16)),$L16=0),"",$J16/$L16*10000) -> 44.420781 | N16: =IF(NOT(ISNUMBER($M16)),"",$M16*CARBON_FRACTION_ROOT/1000) -> 0.022210391 | O16: =IF(AND($A16="",$B16="",$G16=""),"",IF(AND($B16<>"",COUNTIFS('2. Soil Data'!$B$5:$B$604,$B16)=0),"Core ID not found in Soil Data, so the corer diameter cannot be looked up. ","")&IF(ASH_CORRECTED<>"Yes","Root mass is NOT ash-corrected, so it includes adhering mineral soil and is too high. Set ASH_CORRECTED once you have done it. ","")&IF(AND(ASH_CORRECTED="Yes",NOT(ISNUMBER($H16))),"Ash correction is switched on but no ash fraction is given for this row. ","")&IF($I16="","Sieve mesh not recorded — a fine-root figure cannot be interpreted without it. ","")&IF(AND(ISNUMBER($H16),$H16>0.5),"Ash fraction above 0.5 — over half this sample was mineral soil. Re-wash. ","")&IF($F16="Not separated","Live and dead not separated. Fine for a stock, but "&"note it in reporting. ","")) | Q16: =IF($B16="",0,IF(COUNTIFS($B$5:$B16,$B16)=1,1,0)) -> 0
... A72: BOS-03 | B72: BOS-03-C1 | C72: 20 | D72: 22 | E72: >2 mm (coarse) | F72: Live | G72: 0.0089 | H72: 0.116 | I72: 0.5 | J72: =IF(NOT(ISNUMBER($G72)),"",IF(AND(ASH_CORRECTED="Yes",ISNUMBER($H72)),$G72*(1-$H72),$G72)) -> 0.0078676 | K72: =IF($B72="","",IFERROR(AVERAGEIFS('2. Soil Data'!$G$5:$G$604,'2. Soil Data'!$B$5:$B$604,$B72),"")) -> 5 | L72: =IF(NOT(ISNUMBER($K72)),"",PI()*($K72/2)^2) -> 19.634954 | M72: =IF(OR(NOT(ISNUMBER($J72)),NOT(ISNUMBER($L72)),$L72=0),"",$J72/$L72*10000) -> 4.0069358 | N72: =IF(NOT(ISNUMBER($M72)),"",$M72*CARBON_FRACTION_ROOT/1000) -> 0.0020034679 | O72: =IF(AND($A72="",$B72="",$G72=""),"",IF(AND($B72<>"",COUNTIFS('2. Soil Data'!$B$5:$B$604,$B72)=0),"Core ID not found in Soil Data, so the corer diameter cannot be looked up. ","")&IF(ASH_CORRECTED<>"Yes","Root mass is NOT ash-corrected, so it includes adhering mineral soil and is too high. Set ASH_CORRECTED once you have done it. ","")&IF(AND(ASH_CORRECTED="Yes",NOT(ISNUMBER($H72))),"Ash correction is switched on but no ash fraction is given for this row. ","")&IF($I72="","Sieve mesh not recorded — a fine-root figure cannot be interpreted without it. ","")&IF(AND(ISNUMBER($H72),$H72>0.5),"Ash fraction above 0.5 — over half this sample was mineral soil. Re-wash. ","")&IF($F72="Not separated","Live and dead not separated. Fine for a stock, but "&"note it in reporting. ","")) | Q72: =IF($B72="",0,IF(COUNTIFS($B$5:$B72,$B72)=1,1,0)) -> 0
J73: =IF(NOT(ISNUMBER($G73)),"",IF(AND(ASH_CORRECTED="Yes",ISNUMBER($H73)),$G73*(1-$H73),$G73)) | K73: =IF($B73="","",IFERROR(AVERAGEIFS('2. Soil Data'!$G$5:$G$604,'2. Soil Data'!$B$5:$B$604,$B73),"")) | L73: =IF(NOT(ISNUMBER($K73)),"",PI()*($K73/2)^2) | M73: =IF(OR(NOT(ISNUMBER($J73)),NOT(ISNUMBER($L73)),$L73=0),"",$J73/$L73*10000) | N73: =IF(NOT(ISNUMBER($M73)),"",$M73*CARBON_FRACTION_ROOT/1000) | O73: =IF(AND($A73="",$B73="",$G73=""),"",IF(AND($B73<>"",COUNTIFS('2. Soil Data'!$B$5:$B$604,$B73)=0),"Core ID not found in Soil Data, so the corer diameter cannot be looked up. ","")&IF(ASH_CORRECTED<>"Yes","Root mass is NOT ash-corrected, so it includes adhering mineral soil and is too high. Set ASH_CORRECTED once you have done it. ","")&IF(AND(ASH_CORRECTED="Yes",NOT(ISNUMBER($H73))),"Ash correction is switched on but no ash fraction is given for this row. ","")&IF($I73="","Sieve mesh not recorded — a fine-root figure cannot be interpreted without it. ","")&IF(AND(ISNUMBER($H73),$H73>0.5),"Ash fraction above 0.5 — over half this sample was mineral soil. Re-wash. ","")&IF($F73="Not separated","Live and dead not separated. Fine for a stock, but "&"note it in reporting. ","")) | Q73: =IF($B73="",0,IF(COUNTIFS($B$5:$B73,$B73)=1,1,0)) -> 0
J74: =IF(NOT(ISNUMBER($G74)),"",IF(AND(ASH_CORRECTED="Yes",ISNUMBER($H74)),$G74*(1-$H74),$G74)) | K74: =IF($B74="","",IFERROR(AVERAGEIFS('2. Soil Data'!$G$5:$G$604,'2. Soil Data'!$B$5:$B$604,$B74),"")) | L74: =IF(NOT(ISNUMBER($K74)),"",PI()*($K74/2)^2) | M74: =IF(OR(NOT(ISNUMBER($J74)),NOT(ISNUMBER($L74)),$L74=0),"",$J74/$L74*10000) | N74: =IF(NOT(ISNUMBER($M74)),"",$M74*CARBON_FRACTION_ROOT/1000) | O74: =IF(AND($A74="",$B74="",$G74=""),"",IF(AND($B74<>"",COUNTIFS('2. Soil Data'!$B$5:$B$604,$B74)=0),"Core ID not found in Soil Data, so the corer diameter cannot be looked up. ","")&IF(ASH_CORRECTED<>"Yes","Root mass is NOT ash-corrected, so it includes adhering mineral soil and is too high. Set ASH_CORRECTED once you have done it. ","")&IF(AND(ASH_CORRECTED="Yes",NOT(ISNUMBER($H74))),"Ash correction is switched on but no ash fraction is given for this row. ","")&IF($I74="","Sieve mesh not recorded — a fine-root figure cannot be interpreted without it. ","")&IF(AND(ISNUMBER($H74),$H74>0.5),"Ash fraction above 0.5 — over half this sample was mineral soil. Re-wash. ","")&IF($F74="Not separated","Live and dead not separated. Fine for a stock, but "&"note it in reporting. ","")) | Q74: =IF($B74="",0,IF(COUNTIFS($B$5:$B74,$B74)=1,1,0)) -> 0
J75: =IF(NOT(ISNUMBER($G75)),"",IF(AND(ASH_CORRECTED="Yes",ISNUMBER($H75)),$G75*(1-$H75),$G75)) | K75: =IF($B75="","",IFERROR(AVERAGEIFS('2. Soil Data'!$G$5:$G$604,'2. Soil Data'!$B$5:$B$604,$B75),"")) | L75: =IF(NOT(ISNUMBER($K75)),"",PI()*($K75/2)^2) | M75: =IF(OR(NOT(ISNUMBER($J75)),NOT(ISNUMBER($L75)),$L75=0),"",$J75/$L75*10000) | N75: =IF(NOT(ISNUMBER($M75)),"",$M75*CARBON_FRACTION_ROOT/1000) | O75: =IF(AND($A75="",$B75="",$G75=""),"",IF(AND($B75<>"",COUNTIFS('2. Soil Data'!$B$5:$B$604,$B75)=0),"Core ID not found in Soil Data, so the corer diameter cannot be looked up. ","")&IF(ASH_CORRECTED<>"Yes","Root mass is NOT ash-corrected, so it includes adhering mineral soil and is too high. Set ASH_CORRECTED once you have done it. ","")&IF(AND(ASH_CORRECTED="Yes",NOT(ISNUMBER($H75))),"Ash correction is switched on but no ash fraction is given for this row. ","")&IF($I75="","Sieve mesh not recorded — a fine-root figure cannot be interpreted without it. ","")&IF(AND(ISNUMBER($H75),$H75>0.5),"Ash fraction above 0.5 — over half this sample was mineral soil. Re-wash. ","")&IF($F75="Not separated","Live and dead not separated. Fine for a stock, but "&"note it in reporting. ","")) | Q75: =IF($B75="",0,IF(COUNTIFS($B$5:$B75,$B75)=1,1,0)) -> 0
J76: =IF(NOT(ISNUMBER($G76)),"",IF(AND(ASH_CORRECTED="Yes",ISNUMBER($H76)),$G76*(1-$H76),$G76)) | K76: =IF($B76="","",IFERROR(AVERAGEIFS('2. Soil Data'!$G$5:$G$604,'2. Soil Data'!$B$5:$B$604,$B76),"")) | L76: =IF(NOT(ISNUMBER($K76)),"",PI()*($K76/2)^2) | M76: =IF(OR(NOT(ISNUMBER($J76)),NOT(ISNUMBER($L76)),$L76=0),"",$J76/$L76*10000) | N76: =IF(NOT(ISNUMBER($M76)),"",$M76*CARBON_FRACTION_ROOT/1000) | O76: =IF(AND($A76="",$B76="",$G76=""),"",IF(AND($B76<>"",COUNTIFS('2. Soil Data'!$B$5:$B$604,$B76)=0),"Core ID not found in Soil Data, so the corer diameter cannot be looked up. ","")&IF(ASH_CORRECTED<>"Yes","Root mass is NOT ash-corrected, so it includes adhering mineral soil and is too high. Set ASH_CORRECTED once you have done it. ","")&IF(AND(ASH_CORRECTED="Yes",NOT(ISNUMBER($H76))),"Ash correction is switched on but no ash fraction is given for this row. ","")&IF($I76="","Sieve mesh not recorded — a fine-root figure cannot be interpreted without it. ","")&IF(AND(ISNUMBER($H76),$H76>0.5),"Ash fraction above 0.5 — over half this sample was mineral soil. Re-wash. ","")&IF($F76="Not separated","Live and dead not separated. Fine for a stock, but "&"note it in reporting. ","")) | Q76: =IF($B76="",0,IF(COUNTIFS($B$5:$B76,$B76)=1,1,0)) -> 0
J77: =IF(NOT(ISNUMBER($G77)),"",IF(AND(ASH_CORRECTED="Yes",ISNUMBER($H77)),$G77*(1-$H77),$G77)) | K77: =IF($B77="","",IFERROR(AVERAGEIFS('2. Soil Data'!$G$5:$G$604,'2. Soil Data'!$B$5:$B$604,$B77),"")) | L77: =IF(NOT(ISNUMBER($K77)),"",PI()*($K77/2)^2) | M77: =IF(OR(NOT(ISNUMBER($J77)),NOT(ISNUMBER($L77)),$L77=0),"",$J77/$L77*10000) | N77: =IF(NOT(ISNUMBER($M77)),"",$M77*CARBON_FRACTION_ROOT/1000) | O77: =IF(AND($A77="",$B77="",$G77=""),"",IF(AND($B77<>"",COUNTIFS('2. Soil Data'!$B$5:$B$604,$B77)=0),"Core ID not found in Soil Data, so the corer diameter cannot be looked up. ","")&IF(ASH_CORRECTED<>"Yes","Root mass is NOT ash-corrected, so it includes adhering mineral soil and is too high. Set ASH_CORRECTED once you have done it. ","")&IF(AND(ASH_CORRECTED="Yes",NOT(ISNUMBER($H77))),"Ash correction is switched on but no ash fraction is given for this row. ","")&IF($I77="","Sieve mesh not recorded — a fine-root figure cannot be interpreted without it. ","")&IF(AND(ISNUMBER($H77),$H77>0.5),"Ash fraction above 0.5 — over half this sample was mineral soil. Re-wash. ","")&IF($F77="Not separated","Live and dead not separated. Fine for a stock, but "&"note it in reporting. ","")) | Q77: =IF($B77="",0,IF(COUNTIFS($B$5:$B77,$B77)=1,1,0)) -> 0
J78: =IF(NOT(ISNUMBER($G78)),"",IF(AND(ASH_CORRECTED="Yes",ISNUMBER($H78)),$G78*(1-$H78),$G78)) | K78: =IF($B78="","",IFERROR(AVERAGEIFS('2. Soil Data'!$G$5:$G$604,'2. Soil Data'!$B$5:$B$604,$B78),"")) | L78: =IF(NOT(ISNUMBER($K78)),"",PI()*($K78/2)^2) | M78: =IF(OR(NOT(ISNUMBER($J78)),NOT(ISNUMBER($L78)),$L78=0),"",$J78/$L78*10000) | N78: =IF(NOT(ISNUMBER($M78)),"",$M78*CARBON_FRACTION_ROOT/1000) | O78: =IF(AND($A78="",$B78="",$G78=""),"",IF(AND($B78<>"",COUNTIFS('2. Soil Data'!$B$5:$B$604,$B78)=0),"Core ID not found in Soil Data, so the corer diameter cannot be looked up. ","")&IF(ASH_CORRECTED<>"Yes","Root mass is NOT ash-corrected, so it includes adhering mineral soil and is too high. Set ASH_CORRECTED once you have done it. ","")&IF(AND(ASH_CORRECTED="Yes",NOT(ISNUMBER($H78))),"Ash correction is switched on but no ash fraction is given for this row. ","")&IF($I78="","Sieve mesh not recorded — a fine-root figure cannot be interpreted without it. ","")&IF(AND(ISNUMBER($H78),$H78>0.5),"Ash fraction above 0.5 — over half this sample was mineral soil. Re-wash. ","")&IF($F78="Not separated","Live and dead not separated. Fine for a stock, but "&"note it in reporting. ","")) | Q78: =IF($B78="",0,IF(COUNTIFS($B$5:$B78,$B78)=1,1,0)) -> 0
J79: =IF(NOT(ISNUMBER($G79)),"",IF(AND(ASH_CORRECTED="Yes",ISNUMBER($H79)),$G79*(1-$H79),$G79)) | K79: =IF($B79="","",IFERROR(AVERAGEIFS('2. Soil Data'!$G$5:$G$604,'2. Soil Data'!$B$5:$B$604,$B79),"")) | L79: =IF(NOT(ISNUMBER($K79)),"",PI()*($K79/2)^2) | M79: =IF(OR(NOT(ISNUMBER($J79)),NOT(ISNUMBER($L79)),$L79=0),"",$J79/$L79*10000) | N79: =IF(NOT(ISNUMBER($M79)),"",$M79*CARBON_FRACTION_ROOT/1000) | O79: =IF(AND($A79="",$B79="",$G79=""),"",IF(AND($B79<>"",COUNTIFS('2. Soil Data'!$B$5:$B$604,$B79)=0),"Core ID not found in Soil Data, so the corer diameter cannot be looked up. ","")&IF(ASH_CORRECTED<>"Yes","Root mass is NOT ash-corrected, so it includes adhering mineral soil and is too high. Set ASH_CORRECTED once you have done it. ","")&IF(AND(ASH_CORRECTED="Yes",NOT(ISNUMBER($H79))),"Ash correction is switched on but no ash fraction is given for this row. ","")&IF($I79="","Sieve mesh not recorded — a fine-root figure cannot be interpreted without it. ","")&IF(AND(ISNUMBER($H79),$H79>0.5),"Ash fraction above 0.5 — over half this sample was mineral soil. Re-wash. ","")&IF($F79="Not separated","Live and dead not separated. Fine for a stock, but "&"note it in reporting. ","")) | Q79: =IF($B79="",0,IF(COUNTIFS($B$5:$B79,$B79)=1,1,0)) -> 0
J80: =IF(NOT(ISNUMBER($G80)),"",IF(AND(ASH_CORRECTED="Yes",ISNUMBER($H80)),$G80*(1-$H80),$G80)) | K80: =IF($B80="","",IFERROR(AVERAGEIFS('2. Soil Data'!$G$5:$G$604,'2. Soil Data'!$B$5:$B$604,$B80),"")) | L80: =IF(NOT(ISNUMBER($K80)),"",PI()*($K80/2)^2) | M80: =IF(OR(NOT(ISNUMBER($J80)),NOT(ISNUMBER($L80)),$L80=0),"",$J80/$L80*10000) | N80: =IF(NOT(ISNUMBER($M80)),"",$M80*CARBON_FRACTION_ROOT/1000) | O80: =IF(AND($A80="",$B80="",$G80=""),"",IF(AND($B80<>"",COUNTIFS('2. Soil Data'!$B$5:$B$604,$B80)=0),"Core ID not found in Soil Data, so the corer diameter cannot be looked up. ","")&IF(ASH_CORRECTED<>"Yes","Root mass is NOT ash-corrected, so it includes adhering mineral soil and is too high. Set ASH_CORRECTED once you have done it. ","")&IF(AND(ASH_CORRECTED="Yes",NOT(ISNUMBER($H80))),"Ash correction is switched on but no ash fraction is given for this row. ","")&IF($I80="","Sieve mesh not recorded — a fine-root figure cannot be interpreted without it. ","")&IF(AND(ISNUMBER($H80),$H80>0.5),"Ash fraction above 0.5 — over half this sample was mineral soil. Re-wash. ","")&IF($F80="Not separated","Live and dead not separated. Fine for a stock, but "&"note it in reporting. ","")) | Q80: =IF($B80="",0,IF(COUNTIFS($B$5:$B80,$B80)=1,1,0)) -> 0
J81: =IF(NOT(ISNUMBER($G81)),"",IF(AND(ASH_CORRECTED="Yes",ISNUMBER($H81)),$G81*(1-$H81),$G81)) | K81: =IF($B81="","",IFERROR(AVERAGEIFS('2. Soil Data'!$G$5:$G$604,'2. Soil Data'!$B$5:$B$604,$B81),"")) | L81: =IF(NOT(ISNUMBER($K81)),"",PI()*($K81/2)^2) | M81: =IF(OR(NOT(ISNUMBER($J81)),NOT(ISNUMBER($L81)),$L81=0),"",$J81/$L81*10000) | N81: =IF(NOT(ISNUMBER($M81)),"",$M81*CARBON_FRACTION_ROOT/1000) | O81: =IF(AND($A81="",$B81="",$G81=""),"",IF(AND($B81<>"",COUNTIFS('2. Soil Data'!$B$5:$B$604,$B81)=0),"Core ID not found in Soil Data, so the corer diameter cannot be looked up. ","")&IF(ASH_CORRECTED<>"Yes","Root mass is NOT ash-corrected, so it includes adhering mineral soil and is too high. Set ASH_CORRECTED once you have done it. ","")&IF(AND(ASH_CORRECTED="Yes",NOT(ISNUMBER($H81))),"Ash correction is switched on but no ash fraction is given for this row. ","")&IF($I81="","Sieve mesh not recorded — a fine-root figure cannot be interpreted without it. ","")&IF(AND(ISNUMBER($H81),$H81>0.5),"Ash fraction above 0.5 — over half this sample was mineral soil. Re-wash. ","")&IF($F81="Not separated","Live and dead not separated. Fine for a stock, but "&"note it in reporting. ","")) | Q81: =IF($B81="",0,IF(COUNTIFS($B$5:$B81,$B81)=1,1,0)) -> 0
J82: =IF(NOT(ISNUMBER($G82)),"",IF(AND(ASH_CORRECTED="Yes",ISNUMBER($H82)),$G82*(1-$H82),$G82)) | K82: =IF($B82="","",IFERROR(AVERAGEIFS('2. Soil Data'!$G$5:$G$604,'2. Soil Data'!$B$5:$B$604,$B82),"")) | L82: =IF(NOT(ISNUMBER($K82)),"",PI()*($K82/2)^2) | M82: =IF(OR(NOT(ISNUMBER($J82)),NOT(ISNUMBER($L82)),$L82=0),"",$J82/$L82*10000) | N82: =IF(NOT(ISNUMBER($M82)),"",$M82*CARBON_FRACTION_ROOT/1000) | O82: =IF(AND($A82="",$B82="",$G82=""),"",IF(AND($B82<>"",COUNTIFS('2. Soil Data'!$B$5:$B$604,$B82)=0),"Core ID not found in Soil Data, so the corer diameter cannot be looked up. ","")&IF(ASH_CORRECTED<>"Yes","Root mass is NOT ash-corrected, so it includes adhering mineral soil and is too high. Set ASH_CORRECTED once you have done it. ","")&IF(AND(ASH_CORRECTED="Yes",NOT(ISNUMBER($H82))),"Ash correction is switched on but no ash fraction is given for this row. ","")&IF($I82="","Sieve mesh not recorded — a fine-root figure cannot be interpreted without it. ","")&IF(AND(ISNUMBER($H82),$H82>0.5),"Ash fraction above 0.5 — over half this sample was mineral soil. Re-wash. ","")&IF($F82="Not separated","Live and dead not separated. Fine for a stock, but "&"note it in reporting. ","")) | Q82: =IF($B82="",0,IF(COUNTIFS($B$5:$B82,$B82)=1,1,0)) -> 0
J83: =IF(NOT(ISNUMBER($G83)),"",IF(AND(ASH_CORRECTED="Yes",ISNUMBER($H83)),$G83*(1-$H83),$G83)) | K83: =IF($B83="","",IFERROR(AVERAGEIFS('2. Soil Data'!$G$5:$G$604,'2. Soil Data'!$B$5:$B$604,$B83),"")) | L83: =IF(NOT(ISNUMBER($K83)),"",PI()*($K83/2)^2) | M83: =IF(OR(NOT(ISNUMBER($J83)),NOT(ISNUMBER($L83)),$L83=0),"",$J83/$L83*10000) | N83: =IF(NOT(ISNUMBER($M83)),"",$M83*CARBON_FRACTION_ROOT/1000) | O83: =IF(AND($A83="",$B83="",$G83=""),"",IF(AND($B83<>"",COUNTIFS('2. Soil Data'!$B$5:$B$604,$B83)=0),"Core ID not found in Soil Data, so the corer diameter cannot be looked up. ","")&IF(ASH_CORRECTED<>"Yes","Root mass is NOT ash-corrected, so it includes adhering mineral soil and is too high. Set ASH_CORRECTED once you have done it. ","")&IF(AND(ASH_CORRECTED="Yes",NOT(ISNUMBER($H83))),"Ash correction is switched on but no ash fraction is given for this row. ","")&IF($I83="","Sieve mesh not recorded — a fine-root figure cannot be interpreted without it. ","")&IF(AND(ISNUMBER($H83),$H83>0.5),"Ash fraction above 0.5 — over half this sample was mineral soil. Re-wash. ","")&IF($F83="Not separated","Live and dead not separated. Fine for a stock, but "&"note it in reporting. ","")) | Q83: =IF($B83="",0,IF(COUNTIFS($B$5:$B83,$B83)=1,1,0)) -> 0
J84: =IF(NOT(ISNUMBER($G84)),"",IF(AND(ASH_CORRECTED="Yes",ISNUMBER($H84)),$G84*(1-$H84),$G84)) | K84: =IF($B84="","",IFERROR(AVERAGEIFS('2. Soil Data'!$G$5:$G$604,'2. Soil Data'!$B$5:$B$604,$B84),"")) | L84: =IF(NOT(ISNUMBER($K84)),"",PI()*($K84/2)^2) | M84: =IF(OR(NOT(ISNUMBER($J84)),NOT(ISNUMBER($L84)),$L84=0),"",$J84/$L84*10000) | N84: =IF(NOT(ISNUMBER($M84)),"",$M84*CARBON_FRACTION_ROOT/1000) | O84: =IF(AND($A84="",$B84="",$G84=""),"",IF(AND($B84<>"",COUNTIFS('2. Soil Data'!$B$5:$B$604,$B84)=0),"Core ID not found in Soil Data, so the corer diameter cannot be looked up. ","")&IF(ASH_CORRECTED<>"Yes","Root mass is NOT ash-corrected, so it includes adhering mineral soil and is too high. Set ASH_CORRECTED once you have done it. ","")&IF(AND(ASH_CORRECTED="Yes",NOT(ISNUMBER($H84))),"Ash correction is switched on but no ash fraction is given for this row. ","")&IF($I84="","Sieve mesh not recorded — a fine-root figure cannot be interpreted without it. ","")&IF(AND(ISNUMBER($H84),$H84>0.5),"Ash fraction above 0.5 — over half this sample was mineral soil. Re-wash. ","")&IF($F84="Not separated","Live and dead not separated. Fine for a stock, but "&"note it in reporting. ","")) | Q84: =IF($B84="",0,IF(COUNTIFS($B$5:$B84,$B84)=1,1,0)) -> 0
... J904: =IF(NOT(ISNUMBER($G904)),"",IF(AND(ASH_CORRECTED="Yes",ISNUMBER($H904)),$G904*(1-$H904),$G904)) | K904: =IF($B904="","",IFERROR(AVERAGEIFS('2. Soil Data'!$G$5:$G$604,'2. Soil Data'!$B$5:$B$604,$B904),"")) | L904: =IF(NOT(ISNUMBER($K904)),"",PI()*($K904/2)^2) | M904: =IF(OR(NOT(ISNUMBER($J904)),NOT(ISNUMBER($L904)),$L904=0),"",$J904/$L904*10000) | N904: =IF(NOT(ISNUMBER($M904)),"",$M904*CARBON_FRACTION_ROOT/1000) | O904: =IF(AND($A904="",$B904="",$G904=""),"",IF(AND($B904<>"",COUNTIFS('2. Soil Data'!$B$5:$B$604,$B904)=0),"Core ID not found in Soil Data, so the corer diameter cannot be looked up. ","")&IF(ASH_CORRECTED<>"Yes","Root mass is NOT ash-corrected, so it includes adhering mineral soil and is too high. Set ASH_CORRECTED once you have done it. ","")&IF(AND(ASH_CORRECTED="Yes",NOT(ISNUMBER($H904))),"Ash correction is switched on but no ash fraction is given for this row. ","")&IF($I904="","Sieve mesh not recorded — a fine-root figure cannot be interpreted without it. ","")&IF(AND(ISNUMBER($H904),$H904>0.5),"Ash fraction above 0.5 — over half this sample was mineral soil. Re-wash. ","")&IF($F904="Not separated","Live and dead not separated. Fine for a stock, but "&"note it in reporting. ","")) | Q904: =IF($B904="",0,IF(COUNTIFS($B$5:$B904,$B904)=1,1,0)) -> 0

Sheet 4. Vegetation Data
A1: VEGETATION DATA
A2: ONE ROW PER PLOT. This is a STANDING CROP, not a stock — it grows from nothing each spring and is gone by autumn, so it is reported in its own column and never merged into the soil figure. Record the stage you found it at, not the stage you wanted.
A4: Plot ID | B4: Sampling date | C4: Phenological stage | D4: Recent grazing / removal | E4: Comparable-season criterion met? | F4: Small plot area (m²) | G4: Clip dry mass — LIVE (g) | H4: Clip dry mass — DEAD (g) | I4: Herbaceous carbon (kg C/m²) | J4: Medium plot area (m²) | K4: Shrub biomass, total (kg) | L4: Shrub carbon (kg C/m²) | M4: Canopy cover (%) | N4: Tree carbon (kg C/m²) — from Forests calculator | O4: TOTAL vegetation (kg C/m²) | P4: QC flags | Q4: Notes
A5: GP-01 | B5: 2026-08-05 | C5: Peak standing biomass | D5: None observed | E5: Yes | F5: 0.25 | G5: 34 | H5: 21 | I5: =IF(OR(NOT(ISNUMBER($F5)),$F5=0,AND(NOT(ISNUMBER($G5)),NOT(ISNUMBER($H5)))),"",(IF(ISNUMBER($G5),$G5,0)+IF(ISNUMBER($H5),$H5,0))/$F5*CARBON_FRACTION_BIOMASS/1000) -> 0.11 | J5: 100 | L5: =IF(OR(NOT(ISNUMBER($K5)),NOT(ISNUMBER($J5)),$J5=0),"",$K5*CARBON_FRACTION_BIOMASS/$J5) | M5: 0 | O5: =IF($A5="","",IF(ISNUMBER($I5),$I5,0)+IF(ISNUMBER($L5),$L5,0)+IF(ISNUMBER($N5),$N5,0)) -> 0.11 | P5: =IF($A5="","",IF(COUNTIF('1. Plot & Site Log'!$A$5:$A$64,$A5)=0,"Plot ID not in the Plot & Site Log. ","")&IF(COMPARABLE_SEASON_RULE="","No comparable-season rule is written down in Settings, so no plot can say "&"whether it met one. ","")&IF($E5="No","Did NOT meet the project comparable-season rule. Usable on its own, but do not "&"pool it with plots that did, or compare it to another visit. ","")&IF($E5="Not assessed","Comparability against the season rule has not been assessed for this plot. ","")&IF($C5="Unknown","Phenological stage unknown — a standing crop with no stage attached cannot be "&"interpreted or repeated. ","")&IF($B5="","No sampling date. A clip-and-weigh without a date cannot be interpreted. ","")&IF(OR($D5="Grazing — heavy",$D5="Hayed / mown",$D5="Burned"),"Standing material was removed before clipping, so this is what SURVIVED, not "&"what grew. Report it as such. ","")&IF($D5="Unknown","Recent removal unknown — the clip cannot be separated from grazing loss. ","")&IF(AND(ISNUMBER($M5),$M5>0,NOT(ISNUMBER($N5))),"Canopy cover is recorded but no tree carbon is entered — any tree over 2 m "&"goes through the Forests protocol. ","")&IF(AND(ISNUMBER($K5),$K5>0),"Shrub figures are ABOVE-ground only; shrub roots are in neither this pool nor "&"the soil core. Declare the gap. ",""))
A6: GP-02 | B6: 2026-08-05 | C6: Peak standing biomass | D6: None observed | E6: Yes | F6: 0.25 | G6: 29 | H6: 18 | I6: =IF(OR(NOT(ISNUMBER($F6)),$F6=0,AND(NOT(ISNUMBER($G6)),NOT(ISNUMBER($H6)))),"",(IF(ISNUMBER($G6),$G6,0)+IF(ISNUMBER($H6),$H6,0))/$F6*CARBON_FRACTION_BIOMASS/1000) -> 0.094 | J6: 100 | L6: =IF(OR(NOT(ISNUMBER($K6)),NOT(ISNUMBER($J6)),$J6=0),"",$K6*CARBON_FRACTION_BIOMASS/$J6) | M6: 0 | O6: =IF($A6="","",IF(ISNUMBER($I6),$I6,0)+IF(ISNUMBER($L6),$L6,0)+IF(ISNUMBER($N6),$N6,0)) -> 0.094 | P6: =IF($A6="","",IF(COUNTIF('1. Plot & Site Log'!$A$5:$A$64,$A6)=0,"Plot ID not in the Plot & Site Log. ","")&IF(COMPARABLE_SEASON_RULE="","No comparable-season rule is written down in Settings, so no plot can say "&"whether it met one. ","")&IF($E6="No","Did NOT meet the project comparable-season rule. Usable on its own, but do not "&"pool it with plots that did, or compare it to another visit. ","")&IF($E6="Not assessed","Comparability against the season rule has not been assessed for this plot. ","")&IF($C6="Unknown","Phenological stage unknown — a standing crop with no stage attached cannot be "&"interpreted or repeated. ","")&IF($B6="","No sampling date. A clip-and-weigh without a date cannot be interpreted. ","")&IF(OR($D6="Grazing — heavy",$D6="Hayed / mown",$D6="Burned"),"Standing material was removed before clipping, so this is what SURVIVED, not "&"what grew. Report it as such. ","")&IF($D6="Unknown","Recent removal unknown — the clip cannot be separated from grazing loss. ","")&IF(AND(ISNUMBER($M6),$M6>0,NOT(ISNUMBER($N6))),"Canopy cover is recorded but no tree carbon is entered — any tree over 2 m "&"goes through the Forests protocol. ","")&IF(AND(ISNUMBER($K6),$K6>0),"Shrub figures are ABOVE-ground only; shrub roots are in neither this pool nor "&"the soil core. Declare the gap. ",""))
A7: GP-03 | B7: 2026-08-05 | C7: Peak standing biomass | D7: None observed | E7: Yes | F7: 0.25 | G7: 38 | H7: 25 | I7: =IF(OR(NOT(ISNUMBER($F7)),$F7=0,AND(NOT(ISNUMBER($G7)),NOT(ISNUMBER($H7)))),"",(IF(ISNUMBER($G7),$G7,0)+IF(ISNUMBER($H7),$H7,0))/$F7*CARBON_FRACTION_BIOMASS/1000) -> 0.126 | J7: 100 | L7: =IF(OR(NOT(ISNUMBER($K7)),NOT(ISNUMBER($J7)),$J7=0),"",$K7*CARBON_FRACTION_BIOMASS/$J7) | M7: 0 | O7: =IF($A7="","",IF(ISNUMBER($I7),$I7,0)+IF(ISNUMBER($L7),$L7,0)+IF(ISNUMBER($N7),$N7,0)) -> 0.126 | P7: =IF($A7="","",IF(COUNTIF('1. Plot & Site Log'!$A$5:$A$64,$A7)=0,"Plot ID not in the Plot & Site Log. ","")&IF(COMPARABLE_SEASON_RULE="","No comparable-season rule is written down in Settings, so no plot can say "&"whether it met one. ","")&IF($E7="No","Did NOT meet the project comparable-season rule. Usable on its own, but do not "&"pool it with plots that did, or compare it to another visit. ","")&IF($E7="Not assessed","Comparability against the season rule has not been assessed for this plot. ","")&IF($C7="Unknown","Phenological stage unknown — a standing crop with no stage attached cannot be "&"interpreted or repeated. ","")&IF($B7="","No sampling date. A clip-and-weigh without a date cannot be interpreted. ","")&IF(OR($D7="Grazing — heavy",$D7="Hayed / mown",$D7="Burned"),"Standing material was removed before clipping, so this is what SURVIVED, not "&"what grew. Report it as such. ","")&IF($D7="Unknown","Recent removal unknown — the clip cannot be separated from grazing loss. ","")&IF(AND(ISNUMBER($M7),$M7>0,NOT(ISNUMBER($N7))),"Canopy cover is recorded but no tree carbon is entered — any tree over 2 m "&"goes through the Forests protocol. ","")&IF(AND(ISNUMBER($K7),$K7>0),"Shrub figures are ABOVE-ground only; shrub roots are in neither this pool nor "&"the soil core. Declare the gap. ",""))
A8: UP-01 | B8: 2026-08-05 | C8: Peak standing biomass | D8: None observed | E8: Yes | F8: 0.25 | G8: 62 | H8: 48 | I8: =IF(OR(NOT(ISNUMBER($F8)),$F8=0,AND(NOT(ISNUMBER($G8)),NOT(ISNUMBER($H8)))),"",(IF(ISNUMBER($G8),$G8,0)+IF(ISNUMBER($H8),$H8,0))/$F8*CARBON_FRACTION_BIOMASS/1000) -> 0.22 | J8: 100 | L8: =IF(OR(NOT(ISNUMBER($K8)),NOT(ISNUMBER($J8)),$J8=0),"",$K8*CARBON_FRACTION_BIOMASS/$J8) | M8: 0 | O8: =IF($A8="","",IF(ISNUMBER($I8),$I8,0)+IF(ISNUMBER($L8),$L8,0)+IF(ISNUMBER($N8),$N8,0)) -> 0.22 | P8: =IF($A8="","",IF(COUNTIF('1. Plot & Site Log'!$A$5:$A$64,$A8)=0,"Plot ID not in the Plot & Site Log. ","")&IF(COMPARABLE_SEASON_RULE="","No comparable-season rule is written down in Settings, so no plot can say "&"whether it met one. ","")&IF($E8="No","Did NOT meet the project comparable-season rule. Usable on its own, but do not "&"pool it with plots that did, or compare it to another visit. ","")&IF($E8="Not assessed","Comparability against the season rule has not been assessed for this plot. ","")&IF($C8="Unknown","Phenological stage unknown — a standing crop with no stage attached cannot be "&"interpreted or repeated. ","")&IF($B8="","No sampling date. A clip-and-weigh without a date cannot be interpreted. ","")&IF(OR($D8="Grazing — heavy",$D8="Hayed / mown",$D8="Burned"),"Standing material was removed before clipping, so this is what SURVIVED, not "&"what grew. Report it as such. ","")&IF($D8="Unknown","Recent removal unknown — the clip cannot be separated from grazing loss. ","")&IF(AND(ISNUMBER($M8),$M8>0,NOT(ISNUMBER($N8))),"Canopy cover is recorded but no tree carbon is entered — any tree over 2 m "&"goes through the Forests protocol. ","")&IF(AND(ISNUMBER($K8),$K8>0),"Shrub figures are ABOVE-ground only; shrub roots are in neither this pool nor "&"the soil core. Declare the gap. ",""))
A9: UP-02 | B9: 2026-08-05 | C9: Peak standing biomass | D9: None observed | E9: Yes | F9: 0.25 | G9: 58 | H9: 52 | I9: =IF(OR(NOT(ISNUMBER($F9)),$F9=0,AND(NOT(ISNUMBER($G9)),NOT(ISNUMBER($H9)))),"",(IF(ISNUMBER($G9),$G9,0)+IF(ISNUMBER($H9),$H9,0))/$F9*CARBON_FRACTION_BIOMASS/1000) -> 0.22 | J9: 100 | L9: =IF(OR(NOT(ISNUMBER($K9)),NOT(ISNUMBER($J9)),$J9=0),"",$K9*CARBON_FRACTION_BIOMASS/$J9) | M9: 0 | O9: =IF($A9="","",IF(ISNUMBER($I9),$I9,0)+IF(ISNUMBER($L9),$L9,0)+IF(ISNUMBER($N9),$N9,0)) -> 0.22 | P9: =IF($A9="","",IF(COUNTIF('1. Plot & Site Log'!$A$5:$A$64,$A9)=0,"Plot ID not in the Plot & Site Log. ","")&IF(COMPARABLE_SEASON_RULE="","No comparable-season rule is written down in Settings, so no plot can say "&"whether it met one. ","")&IF($E9="No","Did NOT meet the project comparable-season rule. Usable on its own, but do not "&"pool it with plots that did, or compare it to another visit. ","")&IF($E9="Not assessed","Comparability against the season rule has not been assessed for this plot. ","")&IF($C9="Unknown","Phenological stage unknown — a standing crop with no stage attached cannot be "&"interpreted or repeated. ","")&IF($B9="","No sampling date. A clip-and-weigh without a date cannot be interpreted. ","")&IF(OR($D9="Grazing — heavy",$D9="Hayed / mown",$D9="Burned"),"Standing material was removed before clipping, so this is what SURVIVED, not "&"what grew. Report it as such. ","")&IF($D9="Unknown","Recent removal unknown — the clip cannot be separated from grazing loss. ","")&IF(AND(ISNUMBER($M9),$M9>0,NOT(ISNUMBER($N9))),"Canopy cover is recorded but no tree carbon is entered — any tree over 2 m "&"goes through the Forests protocol. ","")&IF(AND(ISNUMBER($K9),$K9>0),"Shrub figures are ABOVE-ground only; shrub roots are in neither this pool nor "&"the soil core. Declare the gap. ",""))
A10: UP-03 | B10: 2026-08-05 | C10: Peak standing biomass | D10: None observed | E10: Yes | F10: 0.25 | G10: 67 | H10: 44 | I10: =IF(OR(NOT(ISNUMBER($F10)),$F10=0,AND(NOT(ISNUMBER($G10)),NOT(ISNUMBER($H10)))),"",(IF(ISNUMBER($G10),$G10,0)+IF(ISNUMBER($H10),$H10,0))/$F10*CARBON_FRACTION_BIOMASS/1000) -> 0.222 | J10: 100 | L10: =IF(OR(NOT(ISNUMBER($K10)),NOT(ISNUMBER($J10)),$J10=0),"",$K10*CARBON_FRACTION_BIOMASS/$J10) | M10: 0 | O10: =IF($A10="","",IF(ISNUMBER($I10),$I10,0)+IF(ISNUMBER($L10),$L10,0)+IF(ISNUMBER($N10),$N10,0)) -> 0.222 | P10: =IF($A10="","",IF(COUNTIF('1. Plot & Site Log'!$A$5:$A$64,$A10)=0,"Plot ID not in the Plot & Site Log. ","")&IF(COMPARABLE_SEASON_RULE="","No comparable-season rule is written down in Settings, so no plot can say "&"whether it met one. ","")&IF($E10="No","Did NOT meet the project comparable-season rule. Usable on its own, but do not "&"pool it with plots that did, or compare it to another visit. ","")&IF($E10="Not assessed","Comparability against the season rule has not been assessed for this plot. ","")&IF($C10="Unknown","Phenological stage unknown — a standing crop with no stage attached cannot be "&"interpreted or repeated. ","")&IF($B10="","No sampling date. A clip-and-weigh without a date cannot be interpreted. ","")&IF(OR($D10="Grazing — heavy",$D10="Hayed / mown",$D10="Burned"),"Standing material was removed before clipping, so this is what SURVIVED, not "&"what grew. Report it as such. ","")&IF($D10="Unknown","Recent removal unknown — the clip cannot be separated from grazing loss. ","")&IF(AND(ISNUMBER($M10),$M10>0,NOT(ISNUMBER($N10))),"Canopy cover is recorded but no tree carbon is entered — any tree over 2 m "&"goes through the Forests protocol. ","")&IF(AND(ISNUMBER($K10),$K10>0),"Shrub figures are ABOVE-ground only; shrub roots are in neither this pool nor "&"the soil core. Declare the gap. ",""))
A11: BOS-01 | B11: 2026-08-05 | C11: Peak standing biomass | D11: None observed | E11: Yes | F11: 0.25 | G11: 41 | H11: 19 | I11: =IF(OR(NOT(ISNUMBER($F11)),$F11=0,AND(NOT(ISNUMBER($G11)),NOT(ISNUMBER($H11)))),"",(IF(ISNUMBER($G11),$G11,0)+IF(ISNUMBER($H11),$H11,0))/$F11*CARBON_FRACTION_BIOMASS/1000) -> 0.12 | J11: 100 | K11: 3.2 | L11: =IF(OR(NOT(ISNUMBER($K11)),NOT(ISNUMBER($J11)),$J11=0),"",$K11*CARBON_FRACTION_BIOMASS/$J11) -> 0.016 | M11: 28 | N11: 1.94 | O11: =IF($A11="","",IF(ISNUMBER($I11),$I11,0)+IF(ISNUMBER($L11),$L11,0)+IF(ISNUMBER($N11),$N11,0)) -> 2.076 | P11: =IF($A11="","",IF(COUNTIF('1. Plot & Site Log'!$A$5:$A$64,$A11)=0,"Plot ID not in the Plot & Site Log. ","")&IF(COMPARABLE_SEASON_RULE="","No comparable-season rule is written down in Settings, so no plot can say "&"whether it met one. ","")&IF($E11="No","Did NOT meet the project comparable-season rule. Usable on its own, but do not "&"pool it with plots that did, or compare it to another visit. ","")&IF($E11="Not assessed","Comparability against the season rule has not been assessed for this plot. ","")&IF($C11="Unknown","Phenological stage unknown — a standing crop with no stage attached cannot be "&"interpreted or repeated. ","")&IF($B11="","No sampling date. A clip-and-weigh without a date cannot be interpreted. ","")&IF(OR($D11="Grazing — heavy",$D11="Hayed / mown",$D11="Burned"),"Standing material was removed before clipping, so this is what SURVIVED, not "&"what grew. Report it as such. ","")&IF($D11="Unknown","Recent removal unknown — the clip cannot be separated from grazing loss. ","")&IF(AND(ISNUMBER($M11),$M11>0,NOT(ISNUMBER($N11))),"Canopy cover is recorded but no tree carbon is entered — any tree over 2 m "&"goes through the Forests protocol. ","")&IF(AND(ISNUMBER($K11),$K11>0),"Shrub figures are ABOVE-ground only; shrub roots are in neither this pool nor "&"the soil core. Declare the gap. ","")) -> Shrub figures are ABOVE-ground only; shrub roots are in neither this pool nor the soil core. Declare the gap.
A12: BOS-02 | B12: 2026-08-05 | C12: Peak standing biomass | D12: None observed | E12: Yes | F12: 0.25 | G12: 36 | H12: 22 | I12: =IF(OR(NOT(ISNUMBER($F12)),$F12=0,AND(NOT(ISNUMBER($G12)),NOT(ISNUMBER($H12)))),"",(IF(ISNUMBER($G12),$G12,0)+IF(ISNUMBER($H12),$H12,0))/$F12*CARBON_FRACTION_BIOMASS/1000) -> 0.116 | J12: 100 | K12: 4.1 | L12: =IF(OR(NOT(ISNUMBER($K12)),NOT(ISNUMBER($J12)),$J12=0),"",$K12*CARBON_FRACTION_BIOMASS/$J12) -> 0.0205 | M12: 31 | N12: 2.31 | O12: =IF($A12="","",IF(ISNUMBER($I12),$I12,0)+IF(ISNUMBER($L12),$L12,0)+IF(ISNUMBER($N12),$N12,0)) -> 2.4465 | P12: =IF($A12="","",IF(COUNTIF('1. Plot & Site Log'!$A$5:$A$64,$A12)=0,"Plot ID not in the Plot & Site Log. ","")&IF(COMPARABLE_SEASON_RULE="","No comparable-season rule is written down in Settings, so no plot can say "&"whether it met one. ","")&IF($E12="No","Did NOT meet the project comparable-season rule. Usable on its own, but do not "&"pool it with plots that did, or compare it to another visit. ","")&IF($E12="Not assessed","Comparability against the season rule has not been assessed for this plot. ","")&IF($C12="Unknown","Phenological stage unknown — a standing crop with no stage attached cannot be "&"interpreted or repeated. ","")&IF($B12="","No sampling date. A clip-and-weigh without a date cannot be interpreted. ","")&IF(OR($D12="Grazing — heavy",$D12="Hayed / mown",$D12="Burned"),"Standing material was removed before clipping, so this is what SURVIVED, not "&"what grew. Report it as such. ","")&IF($D12="Unknown","Recent removal unknown — the clip cannot be separated from grazing loss. ","")&IF(AND(ISNUMBER($M12),$M12>0,NOT(ISNUMBER($N12))),"Canopy cover is recorded but no tree carbon is entered — any tree over 2 m "&"goes through the Forests protocol. ","")&IF(AND(ISNUMBER($K12),$K12>0),"Shrub figures are ABOVE-ground only; shrub roots are in neither this pool nor "&"the soil core. Declare the gap. ","")) -> Shrub figures are ABOVE-ground only; shrub roots are in neither this pool nor the soil core. Declare the gap.
A13: BOS-03 | B13: 2026-08-05 | C13: Peak standing biomass | D13: None observed | E13: Yes | F13: 0.25 | G13: 44 | H13: 17 | I13: =IF(OR(NOT(ISNUMBER($F13)),$F13=0,AND(NOT(ISNUMBER($G13)),NOT(ISNUMBER($H13)))),"",(IF(ISNUMBER($G13),$G13,0)+IF(ISNUMBER($H13),$H13,0))/$F13*CARBON_FRACTION_BIOMASS/1000) -> 0.122 | J13: 100 | K13: 2.6 | L13: =IF(OR(NOT(ISNUMBER($K13)),NOT(ISNUMBER($J13)),$J13=0),"",$K13*CARBON_FRACTION_BIOMASS/$J13) -> 0.013 | M13: 22 | N13: 1.42 | O13: =IF($A13="","",IF(ISNUMBER($I13),$I13,0)+IF(ISNUMBER($L13),$L13,0)+IF(ISNUMBER($N13),$N13,0)) -> 1.555 | P13: =IF($A13="","",IF(COUNTIF('1. Plot & Site Log'!$A$5:$A$64,$A13)=0,"Plot ID not in the Plot & Site Log. ","")&IF(COMPARABLE_SEASON_RULE="","No comparable-season rule is written down in Settings, so no plot can say "&"whether it met one. ","")&IF($E13="No","Did NOT meet the project comparable-season rule. Usable on its own, but do not "&"pool it with plots that did, or compare it to another visit. ","")&IF($E13="Not assessed","Comparability against the season rule has not been assessed for this plot. ","")&IF($C13="Unknown","Phenological stage unknown — a standing crop with no stage attached cannot be "&"interpreted or repeated. ","")&IF($B13="","No sampling date. A clip-and-weigh without a date cannot be interpreted. ","")&IF(OR($D13="Grazing — heavy",$D13="Hayed / mown",$D13="Burned"),"Standing material was removed before clipping, so this is what SURVIVED, not "&"what grew. Report it as such. ","")&IF($D13="Unknown","Recent removal unknown — the clip cannot be separated from grazing loss. ","")&IF(AND(ISNUMBER($M13),$M13>0,NOT(ISNUMBER($N13))),"Canopy cover is recorded but no tree carbon is entered — any tree over 2 m "&"goes through the Forests protocol. ","")&IF(AND(ISNUMBER($K13),$K13>0),"Shrub figures are ABOVE-ground only; shrub roots are in neither this pool nor "&"the soil core. Declare the gap. ","")) -> Shrub figures are ABOVE-ground only; shrub roots are in neither this pool nor the soil core. Declare the gap.
I14: =IF(OR(NOT(ISNUMBER($F14)),$F14=0,AND(NOT(ISNUMBER($G14)),NOT(ISNUMBER($H14)))),"",(IF(ISNUMBER($G14),$G14,0)+IF(ISNUMBER($H14),$H14,0))/$F14*CARBON_FRACTION_BIOMASS/1000) | L14: =IF(OR(NOT(ISNUMBER($K14)),NOT(ISNUMBER($J14)),$J14=0),"",$K14*CARBON_FRACTION_BIOMASS/$J14) | O14: =IF($A14="","",IF(ISNUMBER($I14),$I14,0)+IF(ISNUMBER($L14),$L14,0)+IF(ISNUMBER($N14),$N14,0)) | P14: =IF($A14="","",IF(COUNTIF('1. Plot & Site Log'!$A$5:$A$64,$A14)=0,"Plot ID not in the Plot & Site Log. ","")&IF(COMPARABLE_SEASON_RULE="","No comparable-season rule is written down in Settings, so no plot can say "&"whether it met one. ","")&IF($E14="No","Did NOT meet the project comparable-season rule. Usable on its own, but do not "&"pool it with plots that did, or compare it to another visit. ","")&IF($E14="Not assessed","Comparability against the season rule has not been assessed for this plot. ","")&IF($C14="Unknown","Phenological stage unknown — a standing crop with no stage attached cannot be "&"interpreted or repeated. ","")&IF($B14="","No sampling date. A clip-and-weigh without a date cannot be interpreted. ","")&IF(OR($D14="Grazing — heavy",$D14="Hayed / mown",$D14="Burned"),"Standing material was removed before clipping, so this is what SURVIVED, not "&"what grew. Report it as such. ","")&IF($D14="Unknown","Recent removal unknown — the clip cannot be separated from grazing loss. ","")&IF(AND(ISNUMBER($M14),$M14>0,NOT(ISNUMBER($N14))),"Canopy cover is recorded but no tree carbon is entered — any tree over 2 m "&"goes through the Forests protocol. ","")&IF(AND(ISNUMBER($K14),$K14>0),"Shrub figures are ABOVE-ground only; shrub roots are in neither this pool nor "&"the soil core. Declare the gap. ",""))
I15: =IF(OR(NOT(ISNUMBER($F15)),$F15=0,AND(NOT(ISNUMBER($G15)),NOT(ISNUMBER($H15)))),"",(IF(ISNUMBER($G15),$G15,0)+IF(ISNUMBER($H15),$H15,0))/$F15*CARBON_FRACTION_BIOMASS/1000) | L15: =IF(OR(NOT(ISNUMBER($K15)),NOT(ISNUMBER($J15)),$J15=0),"",$K15*CARBON_FRACTION_BIOMASS/$J15) | O15: =IF($A15="","",IF(ISNUMBER($I15),$I15,0)+IF(ISNUMBER($L15),$L15,0)+IF(ISNUMBER($N15),$N15,0)) | P15: =IF($A15="","",IF(COUNTIF('1. Plot & Site Log'!$A$5:$A$64,$A15)=0,"Plot ID not in the Plot & Site Log. ","")&IF(COMPARABLE_SEASON_RULE="","No comparable-season rule is written down in Settings, so no plot can say "&"whether it met one. ","")&IF($E15="No","Did NOT meet the project comparable-season rule. Usable on its own, but do not "&"pool it with plots that did, or compare it to another visit. ","")&IF($E15="Not assessed","Comparability against the season rule has not been assessed for this plot. ","")&IF($C15="Unknown","Phenological stage unknown — a standing crop with no stage attached cannot be "&"interpreted or repeated. ","")&IF($B15="","No sampling date. A clip-and-weigh without a date cannot be interpreted. ","")&IF(OR($D15="Grazing — heavy",$D15="Hayed / mown",$D15="Burned"),"Standing material was removed before clipping, so this is what SURVIVED, not "&"what grew. Report it as such. ","")&IF($D15="Unknown","Recent removal unknown — the clip cannot be separated from grazing loss. ","")&IF(AND(ISNUMBER($M15),$M15>0,NOT(ISNUMBER($N15))),"Canopy cover is recorded but no tree carbon is entered — any tree over 2 m "&"goes through the Forests protocol. ","")&IF(AND(ISNUMBER($K15),$K15>0),"Shrub figures are ABOVE-ground only; shrub roots are in neither this pool nor "&"the soil core. Declare the gap. ",""))
I16: =IF(OR(NOT(ISNUMBER($F16)),$F16=0,AND(NOT(ISNUMBER($G16)),NOT(ISNUMBER($H16)))),"",(IF(ISNUMBER($G16),$G16,0)+IF(ISNUMBER($H16),$H16,0))/$F16*CARBON_FRACTION_BIOMASS/1000) | L16: =IF(OR(NOT(ISNUMBER($K16)),NOT(ISNUMBER($J16)),$J16=0),"",$K16*CARBON_FRACTION_BIOMASS/$J16) | O16: =IF($A16="","",IF(ISNUMBER($I16),$I16,0)+IF(ISNUMBER($L16),$L16,0)+IF(ISNUMBER($N16),$N16,0)) | P16: =IF($A16="","",IF(COUNTIF('1. Plot & Site Log'!$A$5:$A$64,$A16)=0,"Plot ID not in the Plot & Site Log. ","")&IF(COMPARABLE_SEASON_RULE="","No comparable-season rule is written down in Settings, so no plot can say "&"whether it met one. ","")&IF($E16="No","Did NOT meet the project comparable-season rule. Usable on its own, but do not "&"pool it with plots that did, or compare it to another visit. ","")&IF($E16="Not assessed","Comparability against the season rule has not been assessed for this plot. ","")&IF($C16="Unknown","Phenological stage unknown — a standing crop with no stage attached cannot be "&"interpreted or repeated. ","")&IF($B16="","No sampling date. A clip-and-weigh without a date cannot be interpreted. ","")&IF(OR($D16="Grazing — heavy",$D16="Hayed / mown",$D16="Burned"),"Standing material was removed before clipping, so this is what SURVIVED, not "&"what grew. Report it as such. ","")&IF($D16="Unknown","Recent removal unknown — the clip cannot be separated from grazing loss. ","")&IF(AND(ISNUMBER($M16),$M16>0,NOT(ISNUMBER($N16))),"Canopy cover is recorded but no tree carbon is entered — any tree over 2 m "&"goes through the Forests protocol. ","")&IF(AND(ISNUMBER($K16),$K16>0),"Shrub figures are ABOVE-ground only; shrub roots are in neither this pool nor "&"the soil core. Declare the gap. ",""))
I17: =IF(OR(NOT(ISNUMBER($F17)),$F17=0,AND(NOT(ISNUMBER($G17)),NOT(ISNUMBER($H17)))),"",(IF(ISNUMBER($G17),$G17,0)+IF(ISNUMBER($H17),$H17,0))/$F17*CARBON_FRACTION_BIOMASS/1000) | L17: =IF(OR(NOT(ISNUMBER($K17)),NOT(ISNUMBER($J17)),$J17=0),"",$K17*CARBON_FRACTION_BIOMASS/$J17) | O17: =IF($A17="","",IF(ISNUMBER($I17),$I17,0)+IF(ISNUMBER($L17),$L17,0)+IF(ISNUMBER($N17),$N17,0)) | P17: =IF($A17="","",IF(COUNTIF('1. Plot & Site Log'!$A$5:$A$64,$A17)=0,"Plot ID not in the Plot & Site Log. ","")&IF(COMPARABLE_SEASON_RULE="","No comparable-season rule is written down in Settings, so no plot can say "&"whether it met one. ","")&IF($E17="No","Did NOT meet the project comparable-season rule. Usable on its own, but do not "&"pool it with plots that did, or compare it to another visit. ","")&IF($E17="Not assessed","Comparability against the season rule has not been assessed for this plot. ","")&IF($C17="Unknown","Phenological stage unknown — a standing crop with no stage attached cannot be "&"interpreted or repeated. ","")&IF($B17="","No sampling date. A clip-and-weigh without a date cannot be interpreted. ","")&IF(OR($D17="Grazing — heavy",$D17="Hayed / mown",$D17="Burned"),"Standing material was removed before clipping, so this is what SURVIVED, not "&"what grew. Report it as such. ","")&IF($D17="Unknown","Recent removal unknown — the clip cannot be separated from grazing loss. ","")&IF(AND(ISNUMBER($M17),$M17>0,NOT(ISNUMBER($N17))),"Canopy cover is recorded but no tree carbon is entered — any tree over 2 m "&"goes through the Forests protocol. ","")&IF(AND(ISNUMBER($K17),$K17>0),"Shrub figures are ABOVE-ground only; shrub roots are in neither this pool nor "&"the soil core. Declare the gap. ",""))
I18: =IF(OR(NOT(ISNUMBER($F18)),$F18=0,AND(NOT(ISNUMBER($G18)),NOT(ISNUMBER($H18)))),"",(IF(ISNUMBER($G18),$G18,0)+IF(ISNUMBER($H18),$H18,0))/$F18*CARBON_FRACTION_BIOMASS/1000) | L18: =IF(OR(NOT(ISNUMBER($K18)),NOT(ISNUMBER($J18)),$J18=0),"",$K18*CARBON_FRACTION_BIOMASS/$J18) | O18: =IF($A18="","",IF(ISNUMBER($I18),$I18,0)+IF(ISNUMBER($L18),$L18,0)+IF(ISNUMBER($N18),$N18,0)) | P18: =IF($A18="","",IF(COUNTIF('1. Plot & Site Log'!$A$5:$A$64,$A18)=0,"Plot ID not in the Plot & Site Log. ","")&IF(COMPARABLE_SEASON_RULE="","No comparable-season rule is written down in Settings, so no plot can say "&"whether it met one. ","")&IF($E18="No","Did NOT meet the project comparable-season rule. Usable on its own, but do not "&"pool it with plots that did, or compare it to another visit. ","")&IF($E18="Not assessed","Comparability against the season rule has not been assessed for this plot. ","")&IF($C18="Unknown","Phenological stage unknown — a standing crop with no stage attached cannot be "&"interpreted or repeated. ","")&IF($B18="","No sampling date. A clip-and-weigh without a date cannot be interpreted. ","")&IF(OR($D18="Grazing — heavy",$D18="Hayed / mown",$D18="Burned"),"Standing material was removed before clipping, so this is what SURVIVED, not "&"what grew. Report it as such. ","")&IF($D18="Unknown","Recent removal unknown — the clip cannot be separated from grazing loss. ","")&IF(AND(ISNUMBER($M18),$M18>0,NOT(ISNUMBER($N18))),"Canopy cover is recorded but no tree carbon is entered — any tree over 2 m "&"goes through the Forests protocol. ","")&IF(AND(ISNUMBER($K18),$K18>0),"Shrub figures are ABOVE-ground only; shrub roots are in neither this pool nor "&"the soil core. Declare the gap. ",""))
I19: =IF(OR(NOT(ISNUMBER($F19)),$F19=0,AND(NOT(ISNUMBER($G19)),NOT(ISNUMBER($H19)))),"",(IF(ISNUMBER($G19),$G19,0)+IF(ISNUMBER($H19),$H19,0))/$F19*CARBON_FRACTION_BIOMASS/1000) | L19: =IF(OR(NOT(ISNUMBER($K19)),NOT(ISNUMBER($J19)),$J19=0),"",$K19*CARBON_FRACTION_BIOMASS/$J19) | O19: =IF($A19="","",IF(ISNUMBER($I19),$I19,0)+IF(ISNUMBER($L19),$L19,0)+IF(ISNUMBER($N19),$N19,0)) | P19: =IF($A19="","",IF(COUNTIF('1. Plot & Site Log'!$A$5:$A$64,$A19)=0,"Plot ID not in the Plot & Site Log. ","")&IF(COMPARABLE_SEASON_RULE="","No comparable-season rule is written down in Settings, so no plot can say "&"whether it met one. ","")&IF($E19="No","Did NOT meet the project comparable-season rule. Usable on its own, but do not "&"pool it with plots that did, or compare it to another visit. ","")&IF($E19="Not assessed","Comparability against the season rule has not been assessed for this plot. ","")&IF($C19="Unknown","Phenological stage unknown — a standing crop with no stage attached cannot be "&"interpreted or repeated. ","")&IF($B19="","No sampling date. A clip-and-weigh without a date cannot be interpreted. ","")&IF(OR($D19="Grazing — heavy",$D19="Hayed / mown",$D19="Burned"),"Standing material was removed before clipping, so this is what SURVIVED, not "&"what grew. Report it as such. ","")&IF($D19="Unknown","Recent removal unknown — the clip cannot be separated from grazing loss. ","")&IF(AND(ISNUMBER($M19),$M19>0,NOT(ISNUMBER($N19))),"Canopy cover is recorded but no tree carbon is entered — any tree over 2 m "&"goes through the Forests protocol. ","")&IF(AND(ISNUMBER($K19),$K19>0),"Shrub figures are ABOVE-ground only; shrub roots are in neither this pool nor "&"the soil core. Declare the gap. ",""))
I20: =IF(OR(NOT(ISNUMBER($F20)),$F20=0,AND(NOT(ISNUMBER($G20)),NOT(ISNUMBER($H20)))),"",(IF(ISNUMBER($G20),$G20,0)+IF(ISNUMBER($H20),$H20,0))/$F20*CARBON_FRACTION_BIOMASS/1000) | L20: =IF(OR(NOT(ISNUMBER($K20)),NOT(ISNUMBER($J20)),$J20=0),"",$K20*CARBON_FRACTION_BIOMASS/$J20) | O20: =IF($A20="","",IF(ISNUMBER($I20),$I20,0)+IF(ISNUMBER($L20),$L20,0)+IF(ISNUMBER($N20),$N20,0)) | P20: =IF($A20="","",IF(COUNTIF('1. Plot & Site Log'!$A$5:$A$64,$A20)=0,"Plot ID not in the Plot & Site Log. ","")&IF(COMPARABLE_SEASON_RULE="","No comparable-season rule is written down in Settings, so no plot can say "&"whether it met one. ","")&IF($E20="No","Did NOT meet the project comparable-season rule. Usable on its own, but do not "&"pool it with plots that did, or compare it to another visit. ","")&IF($E20="Not assessed","Comparability against the season rule has not been assessed for this plot. ","")&IF($C20="Unknown","Phenological stage unknown — a standing crop with no stage attached cannot be "&"interpreted or repeated. ","")&IF($B20="","No sampling date. A clip-and-weigh without a date cannot be interpreted. ","")&IF(OR($D20="Grazing — heavy",$D20="Hayed / mown",$D20="Burned"),"Standing material was removed before clipping, so this is what SURVIVED, not "&"what grew. Report it as such. ","")&IF($D20="Unknown","Recent removal unknown — the clip cannot be separated from grazing loss. ","")&IF(AND(ISNUMBER($M20),$M20>0,NOT(ISNUMBER($N20))),"Canopy cover is recorded but no tree carbon is entered — any tree over 2 m "&"goes through the Forests protocol. ","")&IF(AND(ISNUMBER($K20),$K20>0),"Shrub figures are ABOVE-ground only; shrub roots are in neither this pool nor "&"the soil core. Declare the gap. ",""))
I21: =IF(OR(NOT(ISNUMBER($F21)),$F21=0,AND(NOT(ISNUMBER($G21)),NOT(ISNUMBER($H21)))),"",(IF(ISNUMBER($G21),$G21,0)+IF(ISNUMBER($H21),$H21,0))/$F21*CARBON_FRACTION_BIOMASS/1000) | L21: =IF(OR(NOT(ISNUMBER($K21)),NOT(ISNUMBER($J21)),$J21=0),"",$K21*CARBON_FRACTION_BIOMASS/$J21) | O21: =IF($A21="","",IF(ISNUMBER($I21),$I21,0)+IF(ISNUMBER($L21),$L21,0)+IF(ISNUMBER($N21),$N21,0)) | P21: =IF($A21="","",IF(COUNTIF('1. Plot & Site Log'!$A$5:$A$64,$A21)=0,"Plot ID not in the Plot & Site Log. ","")&IF(COMPARABLE_SEASON_RULE="","No comparable-season rule is written down in Settings, so no plot can say "&"whether it met one. ","")&IF($E21="No","Did NOT meet the project comparable-season rule. Usable on its own, but do not "&"pool it with plots that did, or compare it to another visit. ","")&IF($E21="Not assessed","Comparability against the season rule has not been assessed for this plot. ","")&IF($C21="Unknown","Phenological stage unknown — a standing crop with no stage attached cannot be "&"interpreted or repeated. ","")&IF($B21="","No sampling date. A clip-and-weigh without a date cannot be interpreted. ","")&IF(OR($D21="Grazing — heavy",$D21="Hayed / mown",$D21="Burned"),"Standing material was removed before clipping, so this is what SURVIVED, not "&"what grew. Report it as such. ","")&IF($D21="Unknown","Recent removal unknown — the clip cannot be separated from grazing loss. ","")&IF(AND(ISNUMBER($M21),$M21>0,NOT(ISNUMBER($N21))),"Canopy cover is recorded but no tree carbon is entered — any tree over 2 m "&"goes through the Forests protocol. ","")&IF(AND(ISNUMBER($K21),$K21>0),"Shrub figures are ABOVE-ground only; shrub roots are in neither this pool nor "&"the soil core. Declare the gap. ",""))
I22: =IF(OR(NOT(ISNUMBER($F22)),$F22=0,AND(NOT(ISNUMBER($G22)),NOT(ISNUMBER($H22)))),"",(IF(ISNUMBER($G22),$G22,0)+IF(ISNUMBER($H22),$H22,0))/$F22*CARBON_FRACTION_BIOMASS/1000) | L22: =IF(OR(NOT(ISNUMBER($K22)),NOT(ISNUMBER($J22)),$J22=0),"",$K22*CARBON_FRACTION_BIOMASS/$J22) | O22: =IF($A22="","",IF(ISNUMBER($I22),$I22,0)+IF(ISNUMBER($L22),$L22,0)+IF(ISNUMBER($N22),$N22,0)) | P22: =IF($A22="","",IF(COUNTIF('1. Plot & Site Log'!$A$5:$A$64,$A22)=0,"Plot ID not in the Plot & Site Log. ","")&IF(COMPARABLE_SEASON_RULE="","No comparable-season rule is written down in Settings, so no plot can say "&"whether it met one. ","")&IF($E22="No","Did NOT meet the project comparable-season rule. Usable on its own, but do not "&"pool it with plots that did, or compare it to another visit. ","")&IF($E22="Not assessed","Comparability against the season rule has not been assessed for this plot. ","")&IF($C22="Unknown","Phenological stage unknown — a standing crop with no stage attached cannot be "&"interpreted or repeated. ","")&IF($B22="","No sampling date. A clip-and-weigh without a date cannot be interpreted. ","")&IF(OR($D22="Grazing — heavy",$D22="Hayed / mown",$D22="Burned"),"Standing material was removed before clipping, so this is what SURVIVED, not "&"what grew. Report it as such. ","")&IF($D22="Unknown","Recent removal unknown — the clip cannot be separated from grazing loss. ","")&IF(AND(ISNUMBER($M22),$M22>0,NOT(ISNUMBER($N22))),"Canopy cover is recorded but no tree carbon is entered — any tree over 2 m "&"goes through the Forests protocol. ","")&IF(AND(ISNUMBER($K22),$K22>0),"Shrub figures are ABOVE-ground only; shrub roots are in neither this pool nor "&"the soil core. Declare the gap. ",""))
I23: =IF(OR(NOT(ISNUMBER($F23)),$F23=0,AND(NOT(ISNUMBER($G23)),NOT(ISNUMBER($H23)))),"",(IF(ISNUMBER($G23),$G23,0)+IF(ISNUMBER($H23),$H23,0))/$F23*CARBON_FRACTION_BIOMASS/1000) | L23: =IF(OR(NOT(ISNUMBER($K23)),NOT(ISNUMBER($J23)),$J23=0),"",$K23*CARBON_FRACTION_BIOMASS/$J23) | O23: =IF($A23="","",IF(ISNUMBER($I23),$I23,0)+IF(ISNUMBER($L23),$L23,0)+IF(ISNUMBER($N23),$N23,0)) | P23: =IF($A23="","",IF(COUNTIF('1. Plot & Site Log'!$A$5:$A$64,$A23)=0,"Plot ID not in the Plot & Site Log. ","")&IF(COMPARABLE_SEASON_RULE="","No comparable-season rule is written down in Settings, so no plot can say "&"whether it met one. ","")&IF($E23="No","Did NOT meet the project comparable-season rule. Usable on its own, but do not "&"pool it with plots that did, or compare it to another visit. ","")&IF($E23="Not assessed","Comparability against the season rule has not been assessed for this plot. ","")&IF($C23="Unknown","Phenological stage unknown — a standing crop with no stage attached cannot be "&"interpreted or repeated. ","")&IF($B23="","No sampling date. A clip-and-weigh without a date cannot be interpreted. ","")&IF(OR($D23="Grazing — heavy",$D23="Hayed / mown",$D23="Burned"),"Standing material was removed before clipping, so this is what SURVIVED, not "&"what grew. Report it as such. ","")&IF($D23="Unknown","Recent removal unknown — the clip cannot be separated from grazing loss. ","")&IF(AND(ISNUMBER($M23),$M23>0,NOT(ISNUMBER($N23))),"Canopy cover is recorded but no tree carbon is entered — any tree over 2 m "&"goes through the Forests protocol. ","")&IF(AND(ISNUMBER($K23),$K23>0),"Shrub figures are ABOVE-ground only; shrub roots are in neither this pool nor "&"the soil core. Declare the gap. ",""))
I24: =IF(OR(NOT(ISNUMBER($F24)),$F24=0,AND(NOT(ISNUMBER($G24)),NOT(ISNUMBER($H24)))),"",(IF(ISNUMBER($G24),$G24,0)+IF(ISNUMBER($H24),$H24,0))/$F24*CARBON_FRACTION_BIOMASS/1000) | L24: =IF(OR(NOT(ISNUMBER($K24)),NOT(ISNUMBER($J24)),$J24=0),"",$K24*CARBON_FRACTION_BIOMASS/$J24) | O24: =IF($A24="","",IF(ISNUMBER($I24),$I24,0)+IF(ISNUMBER($L24),$L24,0)+IF(ISNUMBER($N24),$N24,0)) | P24: =IF($A24="","",IF(COUNTIF('1. Plot & Site Log'!$A$5:$A$64,$A24)=0,"Plot ID not in the Plot & Site Log. ","")&IF(COMPARABLE_SEASON_RULE="","No comparable-season rule is written down in Settings, so no plot can say "&"whether it met one. ","")&IF($E24="No","Did NOT meet the project comparable-season rule. Usable on its own, but do not "&"pool it with plots that did, or compare it to another visit. ","")&IF($E24="Not assessed","Comparability against the season rule has not been assessed for this plot. ","")&IF($C24="Unknown","Phenological stage unknown — a standing crop with no stage attached cannot be "&"interpreted or repeated. ","")&IF($B24="","No sampling date. A clip-and-weigh without a date cannot be interpreted. ","")&IF(OR($D24="Grazing — heavy",$D24="Hayed / mown",$D24="Burned"),"Standing material was removed before clipping, so this is what SURVIVED, not "&"what grew. Report it as such. ","")&IF($D24="Unknown","Recent removal unknown — the clip cannot be separated from grazing loss. ","")&IF(AND(ISNUMBER($M24),$M24>0,NOT(ISNUMBER($N24))),"Canopy cover is recorded but no tree carbon is entered — any tree over 2 m "&"goes through the Forests protocol. ","")&IF(AND(ISNUMBER($K24),$K24>0),"Shrub figures are ABOVE-ground only; shrub roots are in neither this pool nor "&"the soil core. Declare the gap. ",""))
I25: =IF(OR(NOT(ISNUMBER($F25)),$F25=0,AND(NOT(ISNUMBER($G25)),NOT(ISNUMBER($H25)))),"",(IF(ISNUMBER($G25),$G25,0)+IF(ISNUMBER($H25),$H25,0))/$F25*CARBON_FRACTION_BIOMASS/1000) | L25: =IF(OR(NOT(ISNUMBER($K25)),NOT(ISNUMBER($J25)),$J25=0),"",$K25*CARBON_FRACTION_BIOMASS/$J25) | O25: =IF($A25="","",IF(ISNUMBER($I25),$I25,0)+IF(ISNUMBER($L25),$L25,0)+IF(ISNUMBER($N25),$N25,0)) | P25: =IF($A25="","",IF(COUNTIF('1. Plot & Site Log'!$A$5:$A$64,$A25)=0,"Plot ID not in the Plot & Site Log. ","")&IF(COMPARABLE_SEASON_RULE="","No comparable-season rule is written down in Settings, so no plot can say "&"whether it met one. ","")&IF($E25="No","Did NOT meet the project comparable-season rule. Usable on its own, but do not "&"pool it with plots that did, or compare it to another visit. ","")&IF($E25="Not assessed","Comparability against the season rule has not been assessed for this plot. ","")&IF($C25="Unknown","Phenological stage unknown — a standing crop with no stage attached cannot be "&"interpreted or repeated. ","")&IF($B25="","No sampling date. A clip-and-weigh without a date cannot be interpreted. ","")&IF(OR($D25="Grazing — heavy",$D25="Hayed / mown",$D25="Burned"),"Standing material was removed before clipping, so this is what SURVIVED, not "&"what grew. Report it as such. ","")&IF($D25="Unknown","Recent removal unknown — the clip cannot be separated from grazing loss. ","")&IF(AND(ISNUMBER($M25),$M25>0,NOT(ISNUMBER($N25))),"Canopy cover is recorded but no tree carbon is entered — any tree over 2 m "&"goes through the Forests protocol. ","")&IF(AND(ISNUMBER($K25),$K25>0),"Shrub figures are ABOVE-ground only; shrub roots are in neither this pool nor "&"the soil core. Declare the gap. ",""))
... I64: =IF(OR(NOT(ISNUMBER($F64)),$F64=0,AND(NOT(ISNUMBER($G64)),NOT(ISNUMBER($H64)))),"",(IF(ISNUMBER($G64),$G64,0)+IF(ISNUMBER($H64),$H64,0))/$F64*CARBON_FRACTION_BIOMASS/1000) | L64: =IF(OR(NOT(ISNUMBER($K64)),NOT(ISNUMBER($J64)),$J64=0),"",$K64*CARBON_FRACTION_BIOMASS/$J64) | O64: =IF($A64="","",IF(ISNUMBER($I64),$I64,0)+IF(ISNUMBER($L64),$L64,0)+IF(ISNUMBER($N64),$N64,0)) | P64: =IF($A64="","",IF(COUNTIF('1. Plot & Site Log'!$A$5:$A$64,$A64)=0,"Plot ID not in the Plot & Site Log. ","")&IF(COMPARABLE_SEASON_RULE="","No comparable-season rule is written down in Settings, so no plot can say "&"whether it met one. ","")&IF($E64="No","Did NOT meet the project comparable-season rule. Usable on its own, but do not "&"pool it with plots that did, or compare it to another visit. ","")&IF($E64="Not assessed","Comparability against the season rule has not been assessed for this plot. ","")&IF($C64="Unknown","Phenological stage unknown — a standing crop with no stage attached cannot be "&"interpreted or repeated. ","")&IF($B64="","No sampling date. A clip-and-weigh without a date cannot be interpreted. ","")&IF(OR($D64="Grazing — heavy",$D64="Hayed / mown",$D64="Burned"),"Standing material was removed before clipping, so this is what SURVIVED, not "&"what grew. Report it as such. ","")&IF($D64="Unknown","Recent removal unknown — the clip cannot be separated from grazing loss. ","")&IF(AND(ISNUMBER($M64),$M64>0,NOT(ISNUMBER($N64))),"Canopy cover is recorded but no tree carbon is entered — any tree over 2 m "&"goes through the Forests protocol. ","")&IF(AND(ISNUMBER($K64),$K64>0),"Shrub figures are ABOVE-ground only; shrub roots are in neither this pool nor "&"the soil core. Declare the gap. ",""))

Sheet 5. Plot Summary
A1: PLOT SUMMARY
A2: One row per plot, calculated for you. Soil carbon is reported on two bases — to the reporting depth, and to the full depth you actually cored. Root carbon is measured, not derived from a ratio.
A4: Plot ID | B4: Site ID | C4: Increments | D4: Soil C to reporting depth (kg C/m²) | E4: Soil C, full profile (kg C/m²) | F4: Deepest increment (cm) | G4: Root C (kg C/m²) | H4: Vegetation C (kg C/m²) | I4: TOTAL to reporting depth (kg C/m²) | J4: TOTAL, full profile (kg C/m²) | K4: QC flags | L4: _soil | M4: _root | N4: _inc | O4: _cores | P4: _rootcores | Q4: _soil2 | R4: _root2 | S4: _sr | T4: _sr2
A5: =IF(INDEX('1. Plot & Site Log'!$A$5:$A$64,1)="","",INDEX('1. Plot & Site Log'!$A$5:$A$64,1)) -> GP-01 | B5: =IF($A5="","",INDEX('1. Plot & Site Log'!$B$5:$B$64,MATCH($A5,'1. Plot & Site Log'!$A$5:$A$64,0))) -> S1 | C5: =IF($A5="","",COUNTIFS('2. Soil Data'!$A$5:$A$604,$A5)) -> 4 | D5: =IF(OR($A5="",$C5=0,$O5=0),"",SUMIFS('2. Soil Data'!$R$5:$R$604,'2. Soil Data'!$A$5:$A$604,$A5)/$O5) -> 11.15135 | E5: =IF(OR($A5="",$C5=0,$O5=0),"",SUMIFS('2. Soil Data'!$P$5:$P$604,'2. Soil Data'!$A$5:$A$604,$A5)/$O5) -> 16.064135 | F5: =IF($A5="","",SUMPRODUCT(MAX(('2. Soil Data'!$A$5:$A$604=$A5)*IF(ISNUMBER('2. Soil Data'!$E$5:$E$604),'2. Soil Data'!$E$5:$E$604,0)))) -> 60 | G5: =IF(OR($A5="",$P5=0),"",SUMIFS('3. Root Biomass'!$N$5:$N$904,'3. Root Biomass'!$A$5:$A$904,$A5)/$P5) -> 1.3365639 | H5: =IF($A5="","",IFERROR(SUMIFS('4. Vegetation Data'!$O$5:$O$64,'4. Vegetation Data'!$A$5:$A$64,$A5),"")) -> 0.11 | I5: =IF($A5="","",IF(ISNUMBER($D5),$D5,0)+IF(ISNUMBER($G5),$G5,0)+IF(ISNUMBER($H5),$H5,0)) -> 12.597914 | J5: =IF($A5="","",IF(ISNUMBER($E5),$E5,0)+IF(ISNUMBER($G5),$G5,0)+IF(ISNUMBER($H5),$H5,0)) -> 17.510699 | K5: =IF($A5="","",IF($C5=0,"No soil increments for this plot — it contributes nothing. ","")&IF(AND(ISNUMBER($F5),$F5<SOIL_REPORTING_DEPTH_CM),"Cored shallower than the reporting depth, so the reporting-depth figure is an UNDERESTIMATE for this plot. ","")&IF(AND(ISNUMBER($G5),$G5>0,ISNUMBER($F5)),"Root total reaches only "&$F5&" cm — the bottom of the core, not the bottom of the roots. Report it as a MINIMUM. ","")&IF(AND(ISNUMBER($G5),$G5>0,ROOT_SOIL_REPORTING_BOUNDARY="Not agreed with the lab"),"Root carbon is being added to a soil stock whose root content was never agreed with the lab. The overlap is unknown, not zero — settle ROOT_SOIL_REPORTING_BOUNDARY before reporting a combined figure. ","")&IF(AND(ISNUMBER($G5),$G5>0,ROOT_SOIL_REPORTING_BOUNDARY="Operational soil fraction"),"The soil sample keeps every root the lab's standard preparation did not pick out, so soil and root pools OVERLAP. Report them separately; do not add them. ","")&IF(ROOT_SOIL_BOUNDARY_SOURCE="","No source recorded for the root/soil boundary. ","")) -> Root total reaches only 60 cm — the bottom of the core, not the bottom of the roots. Report it as a MINIMUM. | L5: =IF(ISNUMBER($D5),$D5,"") -> 11.15135 | M5: =IF(ISNUMBER($G5),$G5,"") -> 1.3365639 | N5: =IF(AND(ISNUMBER($D5),$A5<>""),1,0) -> 1 | O5: =IF($A5="","",SUMIFS('2. Soil Data'!$U$5:$U$604,'2. Soil Data'!$A$5:$A$604,$A5)) -> 1 | P5: =IF($A5="","",SUMIFS('3. Root Biomass'!$Q$5:$Q$904,'3. Root Biomass'!$A$5:$A$904,$A5)) -> 1 | Q5: =IF(ISNUMBER($D5),$D5^2,"") -> 124.35261 | R5: =IF(ISNUMBER($G5),$G5^2,"") -> 1.7864031 | S5: =IF($A5="","",IF(ISNUMBER($D5),$D5,0)+IF(ISNUMBER($G5),$G5,0)) -> 12.487914 | T5: =IF(ISNUMBER($S5),$S5^2,"") -> 155.94799
A6: =IF(INDEX('1. Plot & Site Log'!$A$5:$A$64,2)="","",INDEX('1. Plot & Site Log'!$A$5:$A$64,2)) -> GP-02 | B6: =IF($A6="","",INDEX('1. Plot & Site Log'!$B$5:$B$64,MATCH($A6,'1. Plot & Site Log'!$A$5:$A$64,0))) -> S1 | C6: =IF($A6="","",COUNTIFS('2. Soil Data'!$A$5:$A$604,$A6)) -> 4 | D6: =IF(OR($A6="",$C6=0,$O6=0),"",SUMIFS('2. Soil Data'!$R$5:$R$604,'2. Soil Data'!$A$5:$A$604,$A6)/$O6) -> 10.07148 | E6: =IF(OR($A6="",$C6=0,$O6=0),"",SUMIFS('2. Soil Data'!$P$5:$P$604,'2. Soil Data'!$A$5:$A$604,$A6)/$O6) -> 14.57988 | F6: =IF($A6="","",SUMPRODUCT(MAX(('2. Soil Data'!$A$5:$A$604=$A6)*IF(ISNUMBER('2. Soil Data'!$E$5:$E$604),'2. Soil Data'!$E$5:$E$604,0)))) -> 60 | G6: =IF(OR($A6="",$P6=0),"",SUMIFS('3. Root Biomass'!$N$5:$N$904,'3. Root Biomass'!$A$5:$A$904,$A6)/$P6) -> 0.68992978 | H6: =IF($A6="","",IFERROR(SUMIFS('4. Vegetation Data'!$O$5:$O$64,'4. Vegetation Data'!$A$5:$A$64,$A6),"")) -> 0.094 | I6: =IF($A6="","",IF(ISNUMBER($D6),$D6,0)+IF(ISNUMBER($G6),$G6,0)+IF(ISNUMBER($H6),$H6,0)) -> 10.85541 | J6: =IF($A6="","",IF(ISNUMBER($E6),$E6,0)+IF(ISNUMBER($G6),$G6,0)+IF(ISNUMBER($H6),$H6,0)) -> 15.36381 | K6: =IF($A6="","",IF($C6=0,"No soil increments for this plot — it contributes nothing. ","")&IF(AND(ISNUMBER($F6),$F6<SOIL_REPORTING_DEPTH_CM),"Cored shallower than the reporting depth, so the reporting-depth figure is an UNDERESTIMATE for this plot. ","")&IF(AND(ISNUMBER($G6),$G6>0,ISNUMBER($F6)),"Root total reaches only "&$F6&" cm — the bottom of the core, not the bottom of the roots. Report it as a MINIMUM. ","")&IF(AND(ISNUMBER($G6),$G6>0,ROOT_SOIL_REPORTING_BOUNDARY="Not agreed with the lab"),"Root carbon is being added to a soil stock whose root content was never agreed with the lab. The overlap is unknown, not zero — settle ROOT_SOIL_REPORTING_BOUNDARY before reporting a combined figure. ","")&IF(AND(ISNUMBER($G6),$G6>0,ROOT_SOIL_REPORTING_BOUNDARY="Operational soil fraction"),"The soil sample keeps every root the lab's standard preparation did not pick out, so soil and root pools OVERLAP. Report them separately; do not add them. ","")&IF(ROOT_SOIL_BOUNDARY_SOURCE="","No source recorded for the root/soil boundary. ","")) -> Root total reaches only 60 cm — the bottom of the core, not the bottom of the roots. Report it as a MINIMUM. | L6: =IF(ISNUMBER($D6),$D6,"") -> 10.07148 | M6: =IF(ISNUMBER($G6),$G6,"") -> 0.68992978 | N6: =IF(AND(ISNUMBER($D6),$A6<>""),1,0) -> 1 | O6: =IF($A6="","",SUMIFS('2. Soil Data'!$U$5:$U$604,'2. Soil Data'!$A$5:$A$604,$A6)) -> 1 | P6: =IF($A6="","",SUMIFS('3. Root Biomass'!$Q$5:$Q$904,'3. Root Biomass'!$A$5:$A$904,$A6)) -> 1 | Q6: =IF(ISNUMBER($D6),$D6^2,"") -> 101.43471 | R6: =IF(ISNUMBER($G6),$G6^2,"") -> 0.4760031 | S6: =IF($A6="","",IF(ISNUMBER($D6),$D6,0)+IF(ISNUMBER($G6),$G6,0)) -> 10.76141 | T6: =IF(ISNUMBER($S6),$S6^2,"") -> 115.80794
A7: =IF(INDEX('1. Plot & Site Log'!$A$5:$A$64,3)="","",INDEX('1. Plot & Site Log'!$A$5:$A$64,3)) -> GP-03 | B7: =IF($A7="","",INDEX('1. Plot & Site Log'!$B$5:$B$64,MATCH($A7,'1. Plot & Site Log'!$A$5:$A$64,0))) -> S1 | C7: =IF($A7="","",COUNTIFS('2. Soil Data'!$A$5:$A$604,$A7)) -> 4 | D7: =IF(OR($A7="",$C7=0,$O7=0),"",SUMIFS('2. Soil Data'!$R$5:$R$604,'2. Soil Data'!$A$5:$A$604,$A7)/$O7) -> 10.474109 | E7: =IF(OR($A7="",$C7=0,$O7=0),"",SUMIFS('2. Soil Data'!$P$5:$P$604,'2. Soil Data'!$A$5:$A$604,$A7)/$O7) -> 15.043859 | F7: =IF($A7="","",SUMPRODUCT(MAX(('2. Soil Data'!$A$5:$A$604=$A7)*IF(ISNUMBER('2. Soil Data'!$E$5:$E$604),'2. Soil Data'!$E$5:$E$604,0)))) -> 60 | G7: =IF(OR($A7="",$P7=0),"",SUMIFS('3. Root Biomass'!$N$5:$N$904,'3. Root Biomass'!$A$5:$A$904,$A7)/$P7) -> 0.88174306 | H7: =IF($A7="","",IFERROR(SUMIFS('4. Vegetation Data'!$O$5:$O$64,'4. Vegetation Data'!$A$5:$A$64,$A7),"")) -> 0.126 | I7: =IF($A7="","",IF(ISNUMBER($D7),$D7,0)+IF(ISNUMBER($G7),$G7,0)+IF(ISNUMBER($H7),$H7,0)) -> 11.481852 | J7: =IF($A7="","",IF(ISNUMBER($E7),$E7,0)+IF(ISNUMBER($G7),$G7,0)+IF(ISNUMBER($H7),$H7,0)) -> 16.051602 | K7: =IF($A7="","",IF($C7=0,"No soil increments for this plot — it contributes nothing. ","")&IF(AND(ISNUMBER($F7),$F7<SOIL_REPORTING_DEPTH_CM),"Cored shallower than the reporting depth, so the reporting-depth figure is an UNDERESTIMATE for this plot. ","")&IF(AND(ISNUMBER($G7),$G7>0,ISNUMBER($F7)),"Root total reaches only "&$F7&" cm — the bottom of the core, not the bottom of the roots. Report it as a MINIMUM. ","")&IF(AND(ISNUMBER($G7),$G7>0,ROOT_SOIL_REPORTING_BOUNDARY="Not agreed with the lab"),"Root carbon is being added to a soil stock whose root content was never agreed with the lab. The overlap is unknown, not zero — settle ROOT_SOIL_REPORTING_BOUNDARY before reporting a combined figure. ","")&IF(AND(ISNUMBER($G7),$G7>0,ROOT_SOIL_REPORTING_BOUNDARY="Operational soil fraction"),"The soil sample keeps every root the lab's standard preparation did not pick out, so soil and root pools OVERLAP. Report them separately; do not add them. ","")&IF(ROOT_SOIL_BOUNDARY_SOURCE="","No source recorded for the root/soil boundary. ","")) -> Root total reaches only 60 cm — the bottom of the core, not the bottom of the roots. Report it as a MINIMUM. | L7: =IF(ISNUMBER($D7),$D7,"") -> 10.474109 | M7: =IF(ISNUMBER($G7),$G7,"") -> 0.88174306 | N7: =IF(AND(ISNUMBER($D7),$A7<>""),1,0) -> 1 | O7: =IF($A7="","",SUMIFS('2. Soil Data'!$U$5:$U$604,'2. Soil Data'!$A$5:$A$604,$A7)) -> 1 | P7: =IF($A7="","",SUMIFS('3. Root Biomass'!$Q$5:$Q$904,'3. Root Biomass'!$A$5:$A$904,$A7)) -> 1 | Q7: =IF(ISNUMBER($D7),$D7^2,"") -> 109.70696 | R7: =IF(ISNUMBER($G7),$G7^2,"") -> 0.77747082 | S7: =IF($A7="","",IF(ISNUMBER($D7),$D7,0)+IF(ISNUMBER($G7),$G7,0)) -> 11.355852 | T7: =IF(ISNUMBER($S7),$S7^2,"") -> 128.95538
A8: =IF(INDEX('1. Plot & Site Log'!$A$5:$A$64,4)="","",INDEX('1. Plot & Site Log'!$A$5:$A$64,4)) -> UP-01 | B8: =IF($A8="","",INDEX('1. Plot & Site Log'!$B$5:$B$64,MATCH($A8,'1. Plot & Site Log'!$A$5:$A$64,0))) -> S2 | C8: =IF($A8="","",COUNTIFS('2. Soil Data'!$A$5:$A$604,$A8)) -> 4 | D8: =IF(OR($A8="",$C8=0,$O8=0),"",SUMIFS('2. Soil Data'!$R$5:$R$604,'2. Soil Data'!$A$5:$A$604,$A8)/$O8) -> 12.936561 | E8: =IF(OR($A8="",$C8=0,$O8=0),"",SUMIFS('2. Soil Data'!$P$5:$P$604,'2. Soil Data'!$A$5:$A$604,$A8)/$O8) -> 18.534516 | F8: =IF($A8="","",SUMPRODUCT(MAX(('2. Soil Data'!$A$5:$A$604=$A8)*IF(ISNUMBER('2. Soil Data'!$E$5:$E$604),'2. Soil Data'!$E$5:$E$604,0)))) -> 60 | G8: =IF(OR($A8="",$P8=0),"",SUMIFS('3. Root Biomass'!$N$5:$N$904,'3. Root Biomass'!$A$5:$A$904,$A8)/$P8) -> 1.593579 | H8: =IF($A8="","",IFERROR(SUMIFS('4. Vegetation Data'!$O$5:$O$64,'4. Vegetation Data'!$A$5:$A$64,$A8),"")) -> 0.22 | I8: =IF($A8="","",IF(ISNUMBER($D8),$D8,0)+IF(ISNUMBER($G8),$G8,0)+IF(ISNUMBER($H8),$H8,0)) -> 14.75014 | J8: =IF($A8="","",IF(ISNUMBER($E8),$E8,0)+IF(ISNUMBER($G8),$G8,0)+IF(ISNUMBER($H8),$H8,0)) -> 20.348095 | K8: =IF($A8="","",IF($C8=0,"No soil increments for this plot — it contributes nothing. ","")&IF(AND(ISNUMBER($F8),$F8<SOIL_REPORTING_DEPTH_CM),"Cored shallower than the reporting depth, so the reporting-depth figure is an UNDERESTIMATE for this plot. ","")&IF(AND(ISNUMBER($G8),$G8>0,ISNUMBER($F8)),"Root total reaches only "&$F8&" cm — the bottom of the core, not the bottom of the roots. Report it as a MINIMUM. ","")&IF(AND(ISNUMBER($G8),$G8>0,ROOT_SOIL_REPORTING_BOUNDARY="Not agreed with the lab"),"Root carbon is being added to a soil stock whose root content was never agreed with the lab. The overlap is unknown, not zero — settle ROOT_SOIL_REPORTING_BOUNDARY before reporting a combined figure. ","")&IF(AND(ISNUMBER($G8),$G8>0,ROOT_SOIL_REPORTING_BOUNDARY="Operational soil fraction"),"The soil sample keeps every root the lab's standard preparation did not pick out, so soil and root pools OVERLAP. Report them separately; do not add them. ","")&IF(ROOT_SOIL_BOUNDARY_SOURCE="","No source recorded for the root/soil boundary. ","")) -> Root total reaches only 60 cm — the bottom of the core, not the bottom of the roots. Report it as a MINIMUM. | L8: =IF(ISNUMBER($D8),$D8,"") -> 12.936561 | M8: =IF(ISNUMBER($G8),$G8,"") -> 1.593579 | N8: =IF(AND(ISNUMBER($D8),$A8<>""),1,0) -> 1 | O8: =IF($A8="","",SUMIFS('2. Soil Data'!$U$5:$U$604,'2. Soil Data'!$A$5:$A$604,$A8)) -> 1 | P8: =IF($A8="","",SUMIFS('3. Root Biomass'!$Q$5:$Q$904,'3. Root Biomass'!$A$5:$A$904,$A8)) -> 1 | Q8: =IF(ISNUMBER($D8),$D8^2,"") -> 167.35461 | R8: =IF(ISNUMBER($G8),$G8^2,"") -> 2.5394941 | S8: =IF($A8="","",IF(ISNUMBER($D8),$D8,0)+IF(ISNUMBER($G8),$G8,0)) -> 14.53014 | T8: =IF(ISNUMBER($S8),$S8^2,"") -> 211.12497
A9: =IF(INDEX('1. Plot & Site Log'!$A$5:$A$64,5)="","",INDEX('1. Plot & Site Log'!$A$5:$A$64,5)) -> UP-02 | B9: =IF($A9="","",INDEX('1. Plot & Site Log'!$B$5:$B$64,MATCH($A9,'1. Plot & Site Log'!$A$5:$A$64,0))) -> S2 | C9: =IF($A9="","",COUNTIFS('2. Soil Data'!$A$5:$A$604,$A9)) -> 4 | D9: =IF(OR($A9="",$C9=0,$O9=0),"",SUMIFS('2. Soil Data'!$R$5:$R$604,'2. Soil Data'!$A$5:$A$604,$A9)/$O9) -> 9.648159 | E9: =IF(OR($A9="",$C9=0,$O9=0),"",SUMIFS('2. Soil Data'!$P$5:$P$604,'2. Soil Data'!$A$5:$A$604,$A9)/$O9) -> 13.878273 | F9: =IF($A9="","",SUMPRODUCT(MAX(('2. Soil Data'!$A$5:$A$604=$A9)*IF(ISNUMBER('2. Soil Data'!$E$5:$E$604),'2. Soil Data'!$E$5:$E$604,0)))) -> 60 | G9: =IF(OR($A9="",$P9=0),"",SUMIFS('3. Root Biomass'!$N$5:$N$904,'3. Root Biomass'!$A$5:$A$904,$A9)/$P9) -> 0.81793262 | H9: =IF($A9="","",IFERROR(SUMIFS('4. Vegetation Data'!$O$5:$O$64,'4. Vegetation Data'!$A$5:$A$64,$A9),"")) -> 0.22 | I9: =IF($A9="","",IF(ISNUMBER($D9),$D9,0)+IF(ISNUMBER($G9),$G9,0)+IF(ISNUMBER($H9),$H9,0)) -> 10.686092 | J9: =IF($A9="","",IF(ISNUMBER($E9),$E9,0)+IF(ISNUMBER($G9),$G9,0)+IF(ISNUMBER($H9),$H9,0)) -> 14.916206 | K9: =IF($A9="","",IF($C9=0,"No soil increments for this plot — it contributes nothing. ","")&IF(AND(ISNUMBER($F9),$F9<SOIL_REPORTING_DEPTH_CM),"Cored shallower than the reporting depth, so the reporting-depth figure is an UNDERESTIMATE for this plot. ","")&IF(AND(ISNUMBER($G9),$G9>0,ISNUMBER($F9)),"Root total reaches only "&$F9&" cm — the bottom of the core, not the bottom of the roots. Report it as a MINIMUM. ","")&IF(AND(ISNUMBER($G9),$G9>0,ROOT_SOIL_REPORTING_BOUNDARY="Not agreed with the lab"),"Root carbon is being added to a soil stock whose root content was never agreed with the lab. The overlap is unknown, not zero — settle ROOT_SOIL_REPORTING_BOUNDARY before reporting a combined figure. ","")&IF(AND(ISNUMBER($G9),$G9>0,ROOT_SOIL_REPORTING_BOUNDARY="Operational soil fraction"),"The soil sample keeps every root the lab's standard preparation did not pick out, so soil and root pools OVERLAP. Report them separately; do not add them. ","")&IF(ROOT_SOIL_BOUNDARY_SOURCE="","No source recorded for the root/soil boundary. ","")) -> Root total reaches only 60 cm — the bottom of the core, not the bottom of the roots. Report it as a MINIMUM. | L9: =IF(ISNUMBER($D9),$D9,"") -> 9.648159 | M9: =IF(ISNUMBER($G9),$G9,"") -> 0.81793262 | N9: =IF(AND(ISNUMBER($D9),$A9<>""),1,0) -> 1 | O9: =IF($A9="","",SUMIFS('2. Soil Data'!$U$5:$U$604,'2. Soil Data'!$A$5:$A$604,$A9)) -> 1 | P9: =IF($A9="","",SUMIFS('3. Root Biomass'!$Q$5:$Q$904,'3. Root Biomass'!$A$5:$A$904,$A9)) -> 1 | Q9: =IF(ISNUMBER($D9),$D9^2,"") -> 93.086972 | R9: =IF(ISNUMBER($G9),$G9^2,"") -> 0.66901378 | S9: =IF($A9="","",IF(ISNUMBER($D9),$D9,0)+IF(ISNUMBER($G9),$G9,0)) -> 10.466092 | T9: =IF(ISNUMBER($S9),$S9^2,"") -> 109.53907
A10: =IF(INDEX('1. Plot & Site Log'!$A$5:$A$64,6)="","",INDEX('1. Plot & Site Log'!$A$5:$A$64,6)) -> UP-03 | B10: =IF($A10="","",INDEX('1. Plot & Site Log'!$B$5:$B$64,MATCH($A10,'1. Plot & Site Log'!$A$5:$A$64,0))) -> S2 | C10: =IF($A10="","",COUNTIFS('2. Soil Data'!$A$5:$A$604,$A10)) -> 3 | D10: =IF(OR($A10="",$C10=0,$O10=0),"",SUMIFS('2. Soil Data'!$R$5:$R$604,'2. Soil Data'!$A$5:$A$604,$A10)/$O10) -> 11.539946 | E10: =IF(OR($A10="",$C10=0,$O10=0),"",SUMIFS('2. Soil Data'!$P$5:$P$604,'2. Soil Data'!$A$5:$A$604,$A10)/$O10) -> 11.539946 | F10: =IF($A10="","",SUMPRODUCT(MAX(('2. Soil Data'!$A$5:$A$604=$A10)*IF(ISNUMBER('2. Soil Data'!$E$5:$E$604),'2. Soil Data'!$E$5:$E$604,0)))) -> 30 | G10: =IF(OR($A10="",$P10=0),"",SUMIFS('3. Root Biomass'!$N$5:$N$904,'3. Root Biomass'!$A$5:$A$904,$A10)/$P10) -> 1.066704 | H10: =IF($A10="","",IFERROR(SUMIFS('4. Vegetation Data'!$O$5:$O$64,'4. Vegetation Data'!$A$5:$A$64,$A10),"")) -> 0.222 | I10: =IF($A10="","",IF(ISNUMBER($D10),$D10,0)+IF(ISNUMBER($G10),$G10,0)+IF(ISNUMBER($H10),$H10,0)) -> 12.82865 | J10: =IF($A10="","",IF(ISNUMBER($E10),$E10,0)+IF(ISNUMBER($G10),$G10,0)+IF(ISNUMBER($H10),$H10,0)) -> 12.82865 | K10: =IF($A10="","",IF($C10=0,"No soil increments for this plot — it contributes nothing. ","")&IF(AND(ISNUMBER($F10),$F10<SOIL_REPORTING_DEPTH_CM),"Cored shallower than the reporting depth, so the reporting-depth figure is an UNDERESTIMATE for this plot. ","")&IF(AND(ISNUMBER($G10),$G10>0,ISNUMBER($F10)),"Root total reaches only "&$F10&" cm — the bottom of the core, not the bottom of the roots. Report it as a MINIMUM. ","")&IF(AND(ISNUMBER($G10),$G10>0,ROOT_SOIL_REPORTING_BOUNDARY="Not agreed with the lab"),"Root carbon is being added to a soil stock whose root content was never agreed with the lab. The overlap is unknown, not zero — settle ROOT_SOIL_REPORTING_BOUNDARY before reporting a combined figure. ","")&IF(AND(ISNUMBER($G10),$G10>0,ROOT_SOIL_REPORTING_BOUNDARY="Operational soil fraction"),"The soil sample keeps every root the lab's standard preparation did not pick out, so soil and root pools OVERLAP. Report them separately; do not add them. ","")&IF(ROOT_SOIL_BOUNDARY_SOURCE="","No source recorded for the root/soil boundary. ","")) -> Root total reaches only 30 cm — the bottom of the core, not the bottom of the roots. Report it as a MINIMUM. | L10: =IF(ISNUMBER($D10),$D10,"") -> 11.539946 | M10: =IF(ISNUMBER($G10),$G10,"") -> 1.066704 | N10: =IF(AND(ISNUMBER($D10),$A10<>""),1,0) -> 1 | O10: =IF($A10="","",SUMIFS('2. Soil Data'!$U$5:$U$604,'2. Soil Data'!$A$5:$A$604,$A10)) -> 1 | P10: =IF($A10="","",SUMIFS('3. Root Biomass'!$Q$5:$Q$904,'3. Root Biomass'!$A$5:$A$904,$A10)) -> 1 | Q10: =IF(ISNUMBER($D10),$D10^2,"") -> 133.17035 | R10: =IF(ISNUMBER($G10),$G10^2,"") -> 1.1378574 | S10: =IF($A10="","",IF(ISNUMBER($D10),$D10,0)+IF(ISNUMBER($G10),$G10,0)) -> 12.60665 | T10: =IF(ISNUMBER($S10),$S10^2,"") -> 158.92762
A11: =IF(INDEX('1. Plot & Site Log'!$A$5:$A$64,7)="","",INDEX('1. Plot & Site Log'!$A$5:$A$64,7)) -> BOS-01 | B11: =IF($A11="","",INDEX('1. Plot & Site Log'!$B$5:$B$64,MATCH($A11,'1. Plot & Site Log'!$A$5:$A$64,0))) -> S3 | C11: =IF($A11="","",COUNTIFS('2. Soil Data'!$A$5:$A$604,$A11)) -> 4 | D11: =IF(OR($A11="",$C11=0,$O11=0),"",SUMIFS('2. Soil Data'!$R$5:$R$604,'2. Soil Data'!$A$5:$A$604,$A11)/$O11) -> 6.152508 | E11: =IF(OR($A11="",$C11=0,$O11=0),"",SUMIFS('2. Soil Data'!$P$5:$P$604,'2. Soil Data'!$A$5:$A$604,$A11)/$O11) -> 8.704602 | F11: =IF($A11="","",SUMPRODUCT(MAX(('2. Soil Data'!$A$5:$A$604=$A11)*IF(ISNUMBER('2. Soil Data'!$E$5:$E$604),'2. Soil Data'!$E$5:$E$604,0)))) -> 60 | G11: =IF(OR($A11="",$P11=0),"",SUMIFS('3. Root Biomass'!$N$5:$N$904,'3. Root Biomass'!$A$5:$A$904,$A11)/$P11) -> 0.5882367 | H11: =IF($A11="","",IFERROR(SUMIFS('4. Vegetation Data'!$O$5:$O$64,'4. Vegetation Data'!$A$5:$A$64,$A11),"")) -> 2.076 | I11: =IF($A11="","",IF(ISNUMBER($D11),$D11,0)+IF(ISNUMBER($G11),$G11,0)+IF(ISNUMBER($H11),$H11,0)) -> 8.8167447 | J11: =IF($A11="","",IF(ISNUMBER($E11),$E11,0)+IF(ISNUMBER($G11),$G11,0)+IF(ISNUMBER($H11),$H11,0)) -> 11.368839 | K11: =IF($A11="","",IF($C11=0,"No soil increments for this plot — it contributes nothing. ","")&IF(AND(ISNUMBER($F11),$F11<SOIL_REPORTING_DEPTH_CM),"Cored shallower than the reporting depth, so the reporting-depth figure is an UNDERESTIMATE for this plot. ","")&IF(AND(ISNUMBER($G11),$G11>0,ISNUMBER($F11)),"Root total reaches only "&$F11&" cm — the bottom of the core, not the bottom of the roots. Report it as a MINIMUM. ","")&IF(AND(ISNUMBER($G11),$G11>0,ROOT_SOIL_REPORTING_BOUNDARY="Not agreed with the lab"),"Root carbon is being added to a soil stock whose root content was never agreed with the lab. The overlap is unknown, not zero — settle ROOT_SOIL_REPORTING_BOUNDARY before reporting a combined figure. ","")&IF(AND(ISNUMBER($G11),$G11>0,ROOT_SOIL_REPORTING_BOUNDARY="Operational soil fraction"),"The soil sample keeps every root the lab's standard preparation did not pick out, so soil and root pools OVERLAP. Report them separately; do not add them. ","")&IF(ROOT_SOIL_BOUNDARY_SOURCE="","No source recorded for the root/soil boundary. ","")) -> Root total reaches only 60 cm — the bottom of the core, not the bottom of the roots. Report it as a MINIMUM. | L11: =IF(ISNUMBER($D11),$D11,"") -> 6.152508 | M11: =IF(ISNUMBER($G11),$G11,"") -> 0.5882367 | N11: =IF(AND(ISNUMBER($D11),$A11<>""),1,0) -> 1 | O11: =IF($A11="","",SUMIFS('2. Soil Data'!$U$5:$U$604,'2. Soil Data'!$A$5:$A$604,$A11)) -> 1 | P11: =IF($A11="","",SUMIFS('3. Root Biomass'!$Q$5:$Q$904,'3. Root Biomass'!$A$5:$A$904,$A11)) -> 1 | Q11: =IF(ISNUMBER($D11),$D11^2,"") -> 37.853355 | R11: =IF(ISNUMBER($G11),$G11^2,"") -> 0.34602241 | S11: =IF($A11="","",IF(ISNUMBER($D11),$D11,0)+IF(ISNUMBER($G11),$G11,0)) -> 6.7407447 | T11: =IF(ISNUMBER($S11),$S11^2,"") -> 45.437639
A12: =IF(INDEX('1. Plot & Site Log'!$A$5:$A$64,8)="","",INDEX('1. Plot & Site Log'!$A$5:$A$64,8)) -> BOS-02 | B12: =IF($A12="","",INDEX('1. Plot & Site Log'!$B$5:$B$64,MATCH($A12,'1. Plot & Site Log'!$A$5:$A$64,0))) -> S3 | C12: =IF($A12="","",COUNTIFS('2. Soil Data'!$A$5:$A$604,$A12)) -> 4 | D12: =IF(OR($A12="",$C12=0,$O12=0),"",SUMIFS('2. Soil Data'!$R$5:$R$604,'2. Soil Data'!$A$5:$A$604,$A12)/$O12) -> 4.489286 | E12: =IF(OR($A12="",$C12=0,$O12=0),"",SUMIFS('2. Soil Data'!$P$5:$P$604,'2. Soil Data'!$A$5:$A$604,$A12)/$O12) -> 6.364679 | F12: =IF($A12="","",SUMPRODUCT(MAX(('2. Soil Data'!$A$5:$A$604=$A12)*IF(ISNUMBER('2. Soil Data'!$E$5:$E$604),'2. Soil Data'!$E$5:$E$604,0)))) -> 60 | G12: =IF(OR($A12="",$P12=0),"",SUMIFS('3. Root Biomass'!$N$5:$N$904,'3. Root Biomass'!$A$5:$A$904,$A12)/$P12) -> 1.0832385 | H12: =IF($A12="","",IFERROR(SUMIFS('4. Vegetation Data'!$O$5:$O$64,'4. Vegetation Data'!$A$5:$A$64,$A12),"")) -> 2.4465 | I12: =IF($A12="","",IF(ISNUMBER($D12),$D12,0)+IF(ISNUMBER($G12),$G12,0)+IF(ISNUMBER($H12),$H12,0)) -> 8.0190245 | J12: =IF($A12="","",IF(ISNUMBER($E12),$E12,0)+IF(ISNUMBER($G12),$G12,0)+IF(ISNUMBER($H12),$H12,0)) -> 9.8944175 | K12: =IF($A12="","",IF($C12=0,"No soil increments for this plot — it contributes nothing. ","")&IF(AND(ISNUMBER($F12),$F12<SOIL_REPORTING_DEPTH_CM),"Cored shallower than the reporting depth, so the reporting-depth figure is an UNDERESTIMATE for this plot. ","")&IF(AND(ISNUMBER($G12),$G12>0,ISNUMBER($F12)),"Root total reaches only "&$F12&" cm — the bottom of the core, not the bottom of the roots. Report it as a MINIMUM. ","")&IF(AND(ISNUMBER($G12),$G12>0,ROOT_SOIL_REPORTING_BOUNDARY="Not agreed with the lab"),"Root carbon is being added to a soil stock whose root content was never agreed with the lab. The overlap is unknown, not zero — settle ROOT_SOIL_REPORTING_BOUNDARY before reporting a combined figure. ","")&IF(AND(ISNUMBER($G12),$G12>0,ROOT_SOIL_REPORTING_BOUNDARY="Operational soil fraction"),"The soil sample keeps every root the lab's standard preparation did not pick out, so soil and root pools OVERLAP. Report them separately; do not add them. ","")&IF(ROOT_SOIL_BOUNDARY_SOURCE="","No source recorded for the root/soil boundary. ","")) -> Root total reaches only 60 cm — the bottom of the core, not the bottom of the roots. Report it as a MINIMUM. | L12: =IF(ISNUMBER($D12),$D12,"") -> 4.489286 | M12: =IF(ISNUMBER($G12),$G12,"") -> 1.0832385 | N12: =IF(AND(ISNUMBER($D12),$A12<>""),1,0) -> 1 | O12: =IF($A12="","",SUMIFS('2. Soil Data'!$U$5:$U$604,'2. Soil Data'!$A$5:$A$604,$A12)) -> 1 | P12: =IF($A12="","",SUMIFS('3. Root Biomass'!$Q$5:$Q$904,'3. Root Biomass'!$A$5:$A$904,$A12)) -> 1 | Q12: =IF(ISNUMBER($D12),$D12^2,"") -> 20.153689 | R12: =IF(ISNUMBER($G12),$G12^2,"") -> 1.1734057 | S12: =IF($A12="","",IF(ISNUMBER($D12),$D12,0)+IF(ISNUMBER($G12),$G12,0)) -> 5.5725245 | T12: =IF(ISNUMBER($S12),$S12^2,"") -> 31.053029
A13: =IF(INDEX('1. Plot & Site Log'!$A$5:$A$64,9)="","",INDEX('1. Plot & Site Log'!$A$5:$A$64,9)) -> BOS-03 | B13: =IF($A13="","",INDEX('1. Plot & Site Log'!$B$5:$B$64,MATCH($A13,'1. Plot & Site Log'!$A$5:$A$64,0))) -> S3 | C13: =IF($A13="","",COUNTIFS('2. Soil Data'!$A$5:$A$604,$A13)) -> 3 | D13: =IF(OR($A13="",$C13=0,$O13=0),"",SUMIFS('2. Soil Data'!$R$5:$R$604,'2. Soil Data'!$A$5:$A$604,$A13)/$O13) -> 5.1482364 | E13: =IF(OR($A13="",$C13=0,$O13=0),"",SUMIFS('2. Soil Data'!$P$5:$P$604,'2. Soil Data'!$A$5:$A$604,$A13)/$O13) -> 5.1482364 | F13: =IF($A13="","",SUMPRODUCT(MAX(('2. Soil Data'!$A$5:$A$604=$A13)*IF(ISNUMBER('2. Soil Data'!$E$5:$E$604),'2. Soil Data'!$E$5:$E$604,0)))) -> 22 | G13: =IF(OR($A13="",$P13=0),"",SUMIFS('3. Root Biomass'!$N$5:$N$904,'3. Root Biomass'!$A$5:$A$904,$A13)/$P13) -> 0.27255019 | H13: =IF($A13="","",IFERROR(SUMIFS('4. Vegetation Data'!$O$5:$O$64,'4. Vegetation Data'!$A$5:$A$64,$A13),"")) -> 1.555 | I13: =IF($A13="","",IF(ISNUMBER($D13),$D13,0)+IF(ISNUMBER($G13),$G13,0)+IF(ISNUMBER($H13),$H13,0)) -> 6.9757866 | J13: =IF($A13="","",IF(ISNUMBER($E13),$E13,0)+IF(ISNUMBER($G13),$G13,0)+IF(ISNUMBER($H13),$H13,0)) -> 6.9757866 | K13: =IF($A13="","",IF($C13=0,"No soil increments for this plot — it contributes nothing. ","")&IF(AND(ISNUMBER($F13),$F13<SOIL_REPORTING_DEPTH_CM),"Cored shallower than the reporting depth, so the reporting-depth figure is an UNDERESTIMATE for this plot. ","")&IF(AND(ISNUMBER($G13),$G13>0,ISNUMBER($F13)),"Root total reaches only "&$F13&" cm — the bottom of the core, not the bottom of the roots. Report it as a MINIMUM. ","")&IF(AND(ISNUMBER($G13),$G13>0,ROOT_SOIL_REPORTING_BOUNDARY="Not agreed with the lab"),"Root carbon is being added to a soil stock whose root content was never agreed with the lab. The overlap is unknown, not zero — settle ROOT_SOIL_REPORTING_BOUNDARY before reporting a combined figure. ","")&IF(AND(ISNUMBER($G13),$G13>0,ROOT_SOIL_REPORTING_BOUNDARY="Operational soil fraction"),"The soil sample keeps every root the lab's standard preparation did not pick out, so soil and root pools OVERLAP. Report them separately; do not add them. ","")&IF(ROOT_SOIL_BOUNDARY_SOURCE="","No source recorded for the root/soil boundary. ","")) -> Cored shallower than the reporting depth, so the reporting-depth figure is an UNDERESTIMATE for this plot. Root total reaches only 22 cm — the bottom of the core, not the bottom of the roots. Report it as a MINIMUM. | L13: =IF(ISNUMBER($D13),$D13,"") -> 5.1482364 | M13: =IF(ISNUMBER($G13),$G13,"") -> 0.27255019 | N13: =IF(AND(ISNUMBER($D13),$A13<>""),1,0) -> 1 | O13: =IF($A13="","",SUMIFS('2. Soil Data'!$U$5:$U$604,'2. Soil Data'!$A$5:$A$604,$A13)) -> 1 | P13: =IF($A13="","",SUMIFS('3. Root Biomass'!$Q$5:$Q$904,'3. Root Biomass'!$A$5:$A$904,$A13)) -> 1 | Q13: =IF(ISNUMBER($D13),$D13^2,"") -> 26.504338 | R13: =IF(ISNUMBER($G13),$G13^2,"") -> 0.074283607 | S13: =IF($A13="","",IF(ISNUMBER($D13),$D13,0)+IF(ISNUMBER($G13),$G13,0)) -> 5.4207866 | T13: =IF(ISNUMBER($S13),$S13^2,"") -> 29.384927
A14: =IF(INDEX('1. Plot & Site Log'!$A$5:$A$64,10)="","",INDEX('1. Plot & Site Log'!$A$5:$A$64,10)) | B14: =IF($A14="","",INDEX('1. Plot & Site Log'!$B$5:$B$64,MATCH($A14,'1. Plot & Site Log'!$A$5:$A$64,0))) | C14: =IF($A14="","",COUNTIFS('2. Soil Data'!$A$5:$A$604,$A14)) | D14: =IF(OR($A14="",$C14=0,$O14=0),"",SUMIFS('2. Soil Data'!$R$5:$R$604,'2. Soil Data'!$A$5:$A$604,$A14)/$O14) | E14: =IF(OR($A14="",$C14=0,$O14=0),"",SUMIFS('2. Soil Data'!$P$5:$P$604,'2. Soil Data'!$A$5:$A$604,$A14)/$O14) | F14: =IF($A14="","",SUMPRODUCT(MAX(('2. Soil Data'!$A$5:$A$604=$A14)*IF(ISNUMBER('2. Soil Data'!$E$5:$E$604),'2. Soil Data'!$E$5:$E$604,0)))) | G14: =IF(OR($A14="",$P14=0),"",SUMIFS('3. Root Biomass'!$N$5:$N$904,'3. Root Biomass'!$A$5:$A$904,$A14)/$P14) | H14: =IF($A14="","",IFERROR(SUMIFS('4. Vegetation Data'!$O$5:$O$64,'4. Vegetation Data'!$A$5:$A$64,$A14),"")) | I14: =IF($A14="","",IF(ISNUMBER($D14),$D14,0)+IF(ISNUMBER($G14),$G14,0)+IF(ISNUMBER($H14),$H14,0)) | J14: =IF($A14="","",IF(ISNUMBER($E14),$E14,0)+IF(ISNUMBER($G14),$G14,0)+IF(ISNUMBER($H14),$H14,0)) | K14: =IF($A14="","",IF($C14=0,"No soil increments for this plot — it contributes nothing. ","")&IF(AND(ISNUMBER($F14),$F14<SOIL_REPORTING_DEPTH_CM),"Cored shallower than the reporting depth, so the reporting-depth figure is an UNDERESTIMATE for this plot. ","")&IF(AND(ISNUMBER($G14),$G14>0,ISNUMBER($F14)),"Root total reaches only "&$F14&" cm — the bottom of the core, not the bottom of the roots. Report it as a MINIMUM. ","")&IF(AND(ISNUMBER($G14),$G14>0,ROOT_SOIL_REPORTING_BOUNDARY="Not agreed with the lab"),"Root carbon is being added to a soil stock whose root content was never agreed with the lab. The overlap is unknown, not zero — settle ROOT_SOIL_REPORTING_BOUNDARY before reporting a combined figure. ","")&IF(AND(ISNUMBER($G14),$G14>0,ROOT_SOIL_REPORTING_BOUNDARY="Operational soil fraction"),"The soil sample keeps every root the lab's standard preparation did not pick out, so soil and root pools OVERLAP. Report them separately; do not add them. ","")&IF(ROOT_SOIL_BOUNDARY_SOURCE="","No source recorded for the root/soil boundary. ","")) | L14: =IF(ISNUMBER($D14),$D14,"") | M14: =IF(ISNUMBER($G14),$G14,"") | N14: =IF(AND(ISNUMBER($D14),$A14<>""),1,0) -> 0 | O14: =IF($A14="","",SUMIFS('2. Soil Data'!$U$5:$U$604,'2. Soil Data'!$A$5:$A$604,$A14)) | P14: =IF($A14="","",SUMIFS('3. Root Biomass'!$Q$5:$Q$904,'3. Root Biomass'!$A$5:$A$904,$A14)) | Q14: =IF(ISNUMBER($D14),$D14^2,"") | R14: =IF(ISNUMBER($G14),$G14^2,"") | S14: =IF($A14="","",IF(ISNUMBER($D14),$D14,0)+IF(ISNUMBER($G14),$G14,0)) | T14: =IF(ISNUMBER($S14),$S14^2,"")
A15: =IF(INDEX('1. Plot & Site Log'!$A$5:$A$64,11)="","",INDEX('1. Plot & Site Log'!$A$5:$A$64,11)) | B15: =IF($A15="","",INDEX('1. Plot & Site Log'!$B$5:$B$64,MATCH($A15,'1. Plot & Site Log'!$A$5:$A$64,0))) | C15: =IF($A15="","",COUNTIFS('2. Soil Data'!$A$5:$A$604,$A15)) | D15: =IF(OR($A15="",$C15=0,$O15=0),"",SUMIFS('2. Soil Data'!$R$5:$R$604,'2. Soil Data'!$A$5:$A$604,$A15)/$O15) | E15: =IF(OR($A15="",$C15=0,$O15=0),"",SUMIFS('2. Soil Data'!$P$5:$P$604,'2. Soil Data'!$A$5:$A$604,$A15)/$O15) | F15: =IF($A15="","",SUMPRODUCT(MAX(('2. Soil Data'!$A$5:$A$604=$A15)*IF(ISNUMBER('2. Soil Data'!$E$5:$E$604),'2. Soil Data'!$E$5:$E$604,0)))) | G15: =IF(OR($A15="",$P15=0),"",SUMIFS('3. Root Biomass'!$N$5:$N$904,'3. Root Biomass'!$A$5:$A$904,$A15)/$P15) | H15: =IF($A15="","",IFERROR(SUMIFS('4. Vegetation Data'!$O$5:$O$64,'4. Vegetation Data'!$A$5:$A$64,$A15),"")) | I15: =IF($A15="","",IF(ISNUMBER($D15),$D15,0)+IF(ISNUMBER($G15),$G15,0)+IF(ISNUMBER($H15),$H15,0)) | J15: =IF($A15="","",IF(ISNUMBER($E15),$E15,0)+IF(ISNUMBER($G15),$G15,0)+IF(ISNUMBER($H15),$H15,0)) | K15: =IF($A15="","",IF($C15=0,"No soil increments for this plot — it contributes nothing. ","")&IF(AND(ISNUMBER($F15),$F15<SOIL_REPORTING_DEPTH_CM),"Cored shallower than the reporting depth, so the reporting-depth figure is an UNDERESTIMATE for this plot. ","")&IF(AND(ISNUMBER($G15),$G15>0,ISNUMBER($F15)),"Root total reaches only "&$F15&" cm — the bottom of the core, not the bottom of the roots. Report it as a MINIMUM. ","")&IF(AND(ISNUMBER($G15),$G15>0,ROOT_SOIL_REPORTING_BOUNDARY="Not agreed with the lab"),"Root carbon is being added to a soil stock whose root content was never agreed with the lab. The overlap is unknown, not zero — settle ROOT_SOIL_REPORTING_BOUNDARY before reporting a combined figure. ","")&IF(AND(ISNUMBER($G15),$G15>0,ROOT_SOIL_REPORTING_BOUNDARY="Operational soil fraction"),"The soil sample keeps every root the lab's standard preparation did not pick out, so soil and root pools OVERLAP. Report them separately; do not add them. ","")&IF(ROOT_SOIL_BOUNDARY_SOURCE="","No source recorded for the root/soil boundary. ","")) | L15: =IF(ISNUMBER($D15),$D15,"") | M15: =IF(ISNUMBER($G15),$G15,"") | N15: =IF(AND(ISNUMBER($D15),$A15<>""),1,0) -> 0 | O15: =IF($A15="","",SUMIFS('2. Soil Data'!$U$5:$U$604,'2. Soil Data'!$A$5:$A$604,$A15)) | P15: =IF($A15="","",SUMIFS('3. Root Biomass'!$Q$5:$Q$904,'3. Root Biomass'!$A$5:$A$904,$A15)) | Q15: =IF(ISNUMBER($D15),$D15^2,"") | R15: =IF(ISNUMBER($G15),$G15^2,"") | S15: =IF($A15="","",IF(ISNUMBER($D15),$D15,0)+IF(ISNUMBER($G15),$G15,0)) | T15: =IF(ISNUMBER($S15),$S15^2,"")
A16: =IF(INDEX('1. Plot & Site Log'!$A$5:$A$64,12)="","",INDEX('1. Plot & Site Log'!$A$5:$A$64,12)) | B16: =IF($A16="","",INDEX('1. Plot & Site Log'!$B$5:$B$64,MATCH($A16,'1. Plot & Site Log'!$A$5:$A$64,0))) | C16: =IF($A16="","",COUNTIFS('2. Soil Data'!$A$5:$A$604,$A16)) | D16: =IF(OR($A16="",$C16=0,$O16=0),"",SUMIFS('2. Soil Data'!$R$5:$R$604,'2. Soil Data'!$A$5:$A$604,$A16)/$O16) | E16: =IF(OR($A16="",$C16=0,$O16=0),"",SUMIFS('2. Soil Data'!$P$5:$P$604,'2. Soil Data'!$A$5:$A$604,$A16)/$O16) | F16: =IF($A16="","",SUMPRODUCT(MAX(('2. Soil Data'!$A$5:$A$604=$A16)*IF(ISNUMBER('2. Soil Data'!$E$5:$E$604),'2. Soil Data'!$E$5:$E$604,0)))) | G16: =IF(OR($A16="",$P16=0),"",SUMIFS('3. Root Biomass'!$N$5:$N$904,'3. Root Biomass'!$A$5:$A$904,$A16)/$P16) | H16: =IF($A16="","",IFERROR(SUMIFS('4. Vegetation Data'!$O$5:$O$64,'4. Vegetation Data'!$A$5:$A$64,$A16),"")) | I16: =IF($A16="","",IF(ISNUMBER($D16),$D16,0)+IF(ISNUMBER($G16),$G16,0)+IF(ISNUMBER($H16),$H16,0)) | J16: =IF($A16="","",IF(ISNUMBER($E16),$E16,0)+IF(ISNUMBER($G16),$G16,0)+IF(ISNUMBER($H16),$H16,0)) | K16: =IF($A16="","",IF($C16=0,"No soil increments for this plot — it contributes nothing. ","")&IF(AND(ISNUMBER($F16),$F16<SOIL_REPORTING_DEPTH_CM),"Cored shallower than the reporting depth, so the reporting-depth figure is an UNDERESTIMATE for this plot. ","")&IF(AND(ISNUMBER($G16),$G16>0,ISNUMBER($F16)),"Root total reaches only "&$F16&" cm — the bottom of the core, not the bottom of the roots. Report it as a MINIMUM. ","")&IF(AND(ISNUMBER($G16),$G16>0,ROOT_SOIL_REPORTING_BOUNDARY="Not agreed with the lab"),"Root carbon is being added to a soil stock whose root content was never agreed with the lab. The overlap is unknown, not zero — settle ROOT_SOIL_REPORTING_BOUNDARY before reporting a combined figure. ","")&IF(AND(ISNUMBER($G16),$G16>0,ROOT_SOIL_REPORTING_BOUNDARY="Operational soil fraction"),"The soil sample keeps every root the lab's standard preparation did not pick out, so soil and root pools OVERLAP. Report them separately; do not add them. ","")&IF(ROOT_SOIL_BOUNDARY_SOURCE="","No source recorded for the root/soil boundary. ","")) | L16: =IF(ISNUMBER($D16),$D16,"") | M16: =IF(ISNUMBER($G16),$G16,"") | N16: =IF(AND(ISNUMBER($D16),$A16<>""),1,0) -> 0 | O16: =IF($A16="","",SUMIFS('2. Soil Data'!$U$5:$U$604,'2. Soil Data'!$A$5:$A$604,$A16)) | P16: =IF($A16="","",SUMIFS('3. Root Biomass'!$Q$5:$Q$904,'3. Root Biomass'!$A$5:$A$904,$A16)) | Q16: =IF(ISNUMBER($D16),$D16^2,"") | R16: =IF(ISNUMBER($G16),$G16^2,"") | S16: =IF($A16="","",IF(ISNUMBER($D16),$D16,0)+IF(ISNUMBER($G16),$G16,0)) | T16: =IF(ISNUMBER($S16),$S16^2,"")
A17: =IF(INDEX('1. Plot & Site Log'!$A$5:$A$64,13)="","",INDEX('1. Plot & Site Log'!$A$5:$A$64,13)) | B17: =IF($A17="","",INDEX('1. Plot & Site Log'!$B$5:$B$64,MATCH($A17,'1. Plot & Site Log'!$A$5:$A$64,0))) | C17: =IF($A17="","",COUNTIFS('2. Soil Data'!$A$5:$A$604,$A17)) | D17: =IF(OR($A17="",$C17=0,$O17=0),"",SUMIFS('2. Soil Data'!$R$5:$R$604,'2. Soil Data'!$A$5:$A$604,$A17)/$O17) | E17: =IF(OR($A17="",$C17=0,$O17=0),"",SUMIFS('2. Soil Data'!$P$5:$P$604,'2. Soil Data'!$A$5:$A$604,$A17)/$O17) | F17: =IF($A17="","",SUMPRODUCT(MAX(('2. Soil Data'!$A$5:$A$604=$A17)*IF(ISNUMBER('2. Soil Data'!$E$5:$E$604),'2. Soil Data'!$E$5:$E$604,0)))) | G17: =IF(OR($A17="",$P17=0),"",SUMIFS('3. Root Biomass'!$N$5:$N$904,'3. Root Biomass'!$A$5:$A$904,$A17)/$P17) | H17: =IF($A17="","",IFERROR(SUMIFS('4. Vegetation Data'!$O$5:$O$64,'4. Vegetation Data'!$A$5:$A$64,$A17),"")) | I17: =IF($A17="","",IF(ISNUMBER($D17),$D17,0)+IF(ISNUMBER($G17),$G17,0)+IF(ISNUMBER($H17),$H17,0)) | J17: =IF($A17="","",IF(ISNUMBER($E17),$E17,0)+IF(ISNUMBER($G17),$G17,0)+IF(ISNUMBER($H17),$H17,0)) | K17: =IF($A17="","",IF($C17=0,"No soil increments for this plot — it contributes nothing. ","")&IF(AND(ISNUMBER($F17),$F17<SOIL_REPORTING_DEPTH_CM),"Cored shallower than the reporting depth, so the reporting-depth figure is an UNDERESTIMATE for this plot. ","")&IF(AND(ISNUMBER($G17),$G17>0,ISNUMBER($F17)),"Root total reaches only "&$F17&" cm — the bottom of the core, not the bottom of the roots. Report it as a MINIMUM. ","")&IF(AND(ISNUMBER($G17),$G17>0,ROOT_SOIL_REPORTING_BOUNDARY="Not agreed with the lab"),"Root carbon is being added to a soil stock whose root content was never agreed with the lab. The overlap is unknown, not zero — settle ROOT_SOIL_REPORTING_BOUNDARY before reporting a combined figure. ","")&IF(AND(ISNUMBER($G17),$G17>0,ROOT_SOIL_REPORTING_BOUNDARY="Operational soil fraction"),"The soil sample keeps every root the lab's standard preparation did not pick out, so soil and root pools OVERLAP. Report them separately; do not add them. ","")&IF(ROOT_SOIL_BOUNDARY_SOURCE="","No source recorded for the root/soil boundary. ","")) | L17: =IF(ISNUMBER($D17),$D17,"") | M17: =IF(ISNUMBER($G17),$G17,"") | N17: =IF(AND(ISNUMBER($D17),$A17<>""),1,0) -> 0 | O17: =IF($A17="","",SUMIFS('2. Soil Data'!$U$5:$U$604,'2. Soil Data'!$A$5:$A$604,$A17)) | P17: =IF($A17="","",SUMIFS('3. Root Biomass'!$Q$5:$Q$904,'3. Root Biomass'!$A$5:$A$904,$A17)) | Q17: =IF(ISNUMBER($D17),$D17^2,"") | R17: =IF(ISNUMBER($G17),$G17^2,"") | S17: =IF($A17="","",IF(ISNUMBER($D17),$D17,0)+IF(ISNUMBER($G17),$G17,0)) | T17: =IF(ISNUMBER($S17),$S17^2,"")
A18: =IF(INDEX('1. Plot & Site Log'!$A$5:$A$64,14)="","",INDEX('1. Plot & Site Log'!$A$5:$A$64,14)) | B18: =IF($A18="","",INDEX('1. Plot & Site Log'!$B$5:$B$64,MATCH($A18,'1. Plot & Site Log'!$A$5:$A$64,0))) | C18: =IF($A18="","",COUNTIFS('2. Soil Data'!$A$5:$A$604,$A18)) | D18: =IF(OR($A18="",$C18=0,$O18=0),"",SUMIFS('2. Soil Data'!$R$5:$R$604,'2. Soil Data'!$A$5:$A$604,$A18)/$O18) | E18: =IF(OR($A18="",$C18=0,$O18=0),"",SUMIFS('2. Soil Data'!$P$5:$P$604,'2. Soil Data'!$A$5:$A$604,$A18)/$O18) | F18: =IF($A18="","",SUMPRODUCT(MAX(('2. Soil Data'!$A$5:$A$604=$A18)*IF(ISNUMBER('2. Soil Data'!$E$5:$E$604),'2. Soil Data'!$E$5:$E$604,0)))) | G18: =IF(OR($A18="",$P18=0),"",SUMIFS('3. Root Biomass'!$N$5:$N$904,'3. Root Biomass'!$A$5:$A$904,$A18)/$P18) | H18: =IF($A18="","",IFERROR(SUMIFS('4. Vegetation Data'!$O$5:$O$64,'4. Vegetation Data'!$A$5:$A$64,$A18),"")) | I18: =IF($A18="","",IF(ISNUMBER($D18),$D18,0)+IF(ISNUMBER($G18),$G18,0)+IF(ISNUMBER($H18),$H18,0)) | J18: =IF($A18="","",IF(ISNUMBER($E18),$E18,0)+IF(ISNUMBER($G18),$G18,0)+IF(ISNUMBER($H18),$H18,0)) | K18: =IF($A18="","",IF($C18=0,"No soil increments for this plot — it contributes nothing. ","")&IF(AND(ISNUMBER($F18),$F18<SOIL_REPORTING_DEPTH_CM),"Cored shallower than the reporting depth, so the reporting-depth figure is an UNDERESTIMATE for this plot. ","")&IF(AND(ISNUMBER($G18),$G18>0,ISNUMBER($F18)),"Root total reaches only "&$F18&" cm — the bottom of the core, not the bottom of the roots. Report it as a MINIMUM. ","")&IF(AND(ISNUMBER($G18),$G18>0,ROOT_SOIL_REPORTING_BOUNDARY="Not agreed with the lab"),"Root carbon is being added to a soil stock whose root content was never agreed with the lab. The overlap is unknown, not zero — settle ROOT_SOIL_REPORTING_BOUNDARY before reporting a combined figure. ","")&IF(AND(ISNUMBER($G18),$G18>0,ROOT_SOIL_REPORTING_BOUNDARY="Operational soil fraction"),"The soil sample keeps every root the lab's standard preparation did not pick out, so soil and root pools OVERLAP. Report them separately; do not add them. ","")&IF(ROOT_SOIL_BOUNDARY_SOURCE="","No source recorded for the root/soil boundary. ","")) | L18: =IF(ISNUMBER($D18),$D18,"") | M18: =IF(ISNUMBER($G18),$G18,"") | N18: =IF(AND(ISNUMBER($D18),$A18<>""),1,0) -> 0 | O18: =IF($A18="","",SUMIFS('2. Soil Data'!$U$5:$U$604,'2. Soil Data'!$A$5:$A$604,$A18)) | P18: =IF($A18="","",SUMIFS('3. Root Biomass'!$Q$5:$Q$904,'3. Root Biomass'!$A$5:$A$904,$A18)) | Q18: =IF(ISNUMBER($D18),$D18^2,"") | R18: =IF(ISNUMBER($G18),$G18^2,"") | S18: =IF($A18="","",IF(ISNUMBER($D18),$D18,0)+IF(ISNUMBER($G18),$G18,0)) | T18: =IF(ISNUMBER($S18),$S18^2,"")
A19: =IF(INDEX('1. Plot & Site Log'!$A$5:$A$64,15)="","",INDEX('1. Plot & Site Log'!$A$5:$A$64,15)) | B19: =IF($A19="","",INDEX('1. Plot & Site Log'!$B$5:$B$64,MATCH($A19,'1. Plot & Site Log'!$A$5:$A$64,0))) | C19: =IF($A19="","",COUNTIFS('2. Soil Data'!$A$5:$A$604,$A19)) | D19: =IF(OR($A19="",$C19=0,$O19=0),"",SUMIFS('2. Soil Data'!$R$5:$R$604,'2. Soil Data'!$A$5:$A$604,$A19)/$O19) | E19: =IF(OR($A19="",$C19=0,$O19=0),"",SUMIFS('2. Soil Data'!$P$5:$P$604,'2. Soil Data'!$A$5:$A$604,$A19)/$O19) | F19: =IF($A19="","",SUMPRODUCT(MAX(('2. Soil Data'!$A$5:$A$604=$A19)*IF(ISNUMBER('2. Soil Data'!$E$5:$E$604),'2. Soil Data'!$E$5:$E$604,0)))) | G19: =IF(OR($A19="",$P19=0),"",SUMIFS('3. Root Biomass'!$N$5:$N$904,'3. Root Biomass'!$A$5:$A$904,$A19)/$P19) | H19: =IF($A19="","",IFERROR(SUMIFS('4. Vegetation Data'!$O$5:$O$64,'4. Vegetation Data'!$A$5:$A$64,$A19),"")) | I19: =IF($A19="","",IF(ISNUMBER($D19),$D19,0)+IF(ISNUMBER($G19),$G19,0)+IF(ISNUMBER($H19),$H19,0)) | J19: =IF($A19="","",IF(ISNUMBER($E19),$E19,0)+IF(ISNUMBER($G19),$G19,0)+IF(ISNUMBER($H19),$H19,0)) | K19: =IF($A19="","",IF($C19=0,"No soil increments for this plot — it contributes nothing. ","")&IF(AND(ISNUMBER($F19),$F19<SOIL_REPORTING_DEPTH_CM),"Cored shallower than the reporting depth, so the reporting-depth figure is an UNDERESTIMATE for this plot. ","")&IF(AND(ISNUMBER($G19),$G19>0,ISNUMBER($F19)),"Root total reaches only "&$F19&" cm — the bottom of the core, not the bottom of the roots. Report it as a MINIMUM. ","")&IF(AND(ISNUMBER($G19),$G19>0,ROOT_SOIL_REPORTING_BOUNDARY="Not agreed with the lab"),"Root carbon is being added to a soil stock whose root content was never agreed with the lab. The overlap is unknown, not zero — settle ROOT_SOIL_REPORTING_BOUNDARY before reporting a combined figure. ","")&IF(AND(ISNUMBER($G19),$G19>0,ROOT_SOIL_REPORTING_BOUNDARY="Operational soil fraction"),"The soil sample keeps every root the lab's standard preparation did not pick out, so soil and root pools OVERLAP. Report them separately; do not add them. ","")&IF(ROOT_SOIL_BOUNDARY_SOURCE="","No source recorded for the root/soil boundary. ","")) | L19: =IF(ISNUMBER($D19),$D19,"") | M19: =IF(ISNUMBER($G19),$G19,"") | N19: =IF(AND(ISNUMBER($D19),$A19<>""),1,0) -> 0 | O19: =IF($A19="","",SUMIFS('2. Soil Data'!$U$5:$U$604,'2. Soil Data'!$A$5:$A$604,$A19)) | P19: =IF($A19="","",SUMIFS('3. Root Biomass'!$Q$5:$Q$904,'3. Root Biomass'!$A$5:$A$904,$A19)) | Q19: =IF(ISNUMBER($D19),$D19^2,"") | R19: =IF(ISNUMBER($G19),$G19^2,"") | S19: =IF($A19="","",IF(ISNUMBER($D19),$D19,0)+IF(ISNUMBER($G19),$G19,0)) | T19: =IF(ISNUMBER($S19),$S19^2,"")
A20: =IF(INDEX('1. Plot & Site Log'!$A$5:$A$64,16)="","",INDEX('1. Plot & Site Log'!$A$5:$A$64,16)) | B20: =IF($A20="","",INDEX('1. Plot & Site Log'!$B$5:$B$64,MATCH($A20,'1. Plot & Site Log'!$A$5:$A$64,0))) | C20: =IF($A20="","",COUNTIFS('2. Soil Data'!$A$5:$A$604,$A20)) | D20: =IF(OR($A20="",$C20=0,$O20=0),"",SUMIFS('2. Soil Data'!$R$5:$R$604,'2. Soil Data'!$A$5:$A$604,$A20)/$O20) | E20: =IF(OR($A20="",$C20=0,$O20=0),"",SUMIFS('2. Soil Data'!$P$5:$P$604,'2. Soil Data'!$A$5:$A$604,$A20)/$O20) | F20: =IF($A20="","",SUMPRODUCT(MAX(('2. Soil Data'!$A$5:$A$604=$A20)*IF(ISNUMBER('2. Soil Data'!$E$5:$E$604),'2. Soil Data'!$E$5:$E$604,0)))) | G20: =IF(OR($A20="",$P20=0),"",SUMIFS('3. Root Biomass'!$N$5:$N$904,'3. Root Biomass'!$A$5:$A$904,$A20)/$P20) | H20: =IF($A20="","",IFERROR(SUMIFS('4. Vegetation Data'!$O$5:$O$64,'4. Vegetation Data'!$A$5:$A$64,$A20),"")) | I20: =IF($A20="","",IF(ISNUMBER($D20),$D20,0)+IF(ISNUMBER($G20),$G20,0)+IF(ISNUMBER($H20),$H20,0)) | J20: =IF($A20="","",IF(ISNUMBER($E20),$E20,0)+IF(ISNUMBER($G20),$G20,0)+IF(ISNUMBER($H20),$H20,0)) | K20: =IF($A20="","",IF($C20=0,"No soil increments for this plot — it contributes nothing. ","")&IF(AND(ISNUMBER($F20),$F20<SOIL_REPORTING_DEPTH_CM),"Cored shallower than the reporting depth, so the reporting-depth figure is an UNDERESTIMATE for this plot. ","")&IF(AND(ISNUMBER($G20),$G20>0,ISNUMBER($F20)),"Root total reaches only "&$F20&" cm — the bottom of the core, not the bottom of the roots. Report it as a MINIMUM. ","")&IF(AND(ISNUMBER($G20),$G20>0,ROOT_SOIL_REPORTING_BOUNDARY="Not agreed with the lab"),"Root carbon is being added to a soil stock whose root content was never agreed with the lab. The overlap is unknown, not zero — settle ROOT_SOIL_REPORTING_BOUNDARY before reporting a combined figure. ","")&IF(AND(ISNUMBER($G20),$G20>0,ROOT_SOIL_REPORTING_BOUNDARY="Operational soil fraction"),"The soil sample keeps every root the lab's standard preparation did not pick out, so soil and root pools OVERLAP. Report them separately; do not add them. ","")&IF(ROOT_SOIL_BOUNDARY_SOURCE="","No source recorded for the root/soil boundary. ","")) | L20: =IF(ISNUMBER($D20),$D20,"") | M20: =IF(ISNUMBER($G20),$G20,"") | N20: =IF(AND(ISNUMBER($D20),$A20<>""),1,0) -> 0 | O20: =IF($A20="","",SUMIFS('2. Soil Data'!$U$5:$U$604,'2. Soil Data'!$A$5:$A$604,$A20)) | P20: =IF($A20="","",SUMIFS('3. Root Biomass'!$Q$5:$Q$904,'3. Root Biomass'!$A$5:$A$904,$A20)) | Q20: =IF(ISNUMBER($D20),$D20^2,"") | R20: =IF(ISNUMBER($G20),$G20^2,"") | S20: =IF($A20="","",IF(ISNUMBER($D20),$D20,0)+IF(ISNUMBER($G20),$G20,0)) | T20: =IF(ISNUMBER($S20),$S20^2,"")
A21: =IF(INDEX('1. Plot & Site Log'!$A$5:$A$64,17)="","",INDEX('1. Plot & Site Log'!$A$5:$A$64,17)) | B21: =IF($A21="","",INDEX('1. Plot & Site Log'!$B$5:$B$64,MATCH($A21,'1. Plot & Site Log'!$A$5:$A$64,0))) | C21: =IF($A21="","",COUNTIFS('2. Soil Data'!$A$5:$A$604,$A21)) | D21: =IF(OR($A21="",$C21=0,$O21=0),"",SUMIFS('2. Soil Data'!$R$5:$R$604,'2. Soil Data'!$A$5:$A$604,$A21)/$O21) | E21: =IF(OR($A21="",$C21=0,$O21=0),"",SUMIFS('2. Soil Data'!$P$5:$P$604,'2. Soil Data'!$A$5:$A$604,$A21)/$O21) | F21: =IF($A21="","",SUMPRODUCT(MAX(('2. Soil Data'!$A$5:$A$604=$A21)*IF(ISNUMBER('2. Soil Data'!$E$5:$E$604),'2. Soil Data'!$E$5:$E$604,0)))) | G21: =IF(OR($A21="",$P21=0),"",SUMIFS('3. Root Biomass'!$N$5:$N$904,'3. Root Biomass'!$A$5:$A$904,$A21)/$P21) | H21: =IF($A21="","",IFERROR(SUMIFS('4. Vegetation Data'!$O$5:$O$64,'4. Vegetation Data'!$A$5:$A$64,$A21),"")) | I21: =IF($A21="","",IF(ISNUMBER($D21),$D21,0)+IF(ISNUMBER($G21),$G21,0)+IF(ISNUMBER($H21),$H21,0)) | J21: =IF($A21="","",IF(ISNUMBER($E21),$E21,0)+IF(ISNUMBER($G21),$G21,0)+IF(ISNUMBER($H21),$H21,0)) | K21: =IF($A21="","",IF($C21=0,"No soil increments for this plot — it contributes nothing. ","")&IF(AND(ISNUMBER($F21),$F21<SOIL_REPORTING_DEPTH_CM),"Cored shallower than the reporting depth, so the reporting-depth figure is an UNDERESTIMATE for this plot. ","")&IF(AND(ISNUMBER($G21),$G21>0,ISNUMBER($F21)),"Root total reaches only "&$F21&" cm — the bottom of the core, not the bottom of the roots. Report it as a MINIMUM. ","")&IF(AND(ISNUMBER($G21),$G21>0,ROOT_SOIL_REPORTING_BOUNDARY="Not agreed with the lab"),"Root carbon is being added to a soil stock whose root content was never agreed with the lab. The overlap is unknown, not zero — settle ROOT_SOIL_REPORTING_BOUNDARY before reporting a combined figure. ","")&IF(AND(ISNUMBER($G21),$G21>0,ROOT_SOIL_REPORTING_BOUNDARY="Operational soil fraction"),"The soil sample keeps every root the lab's standard preparation did not pick out, so soil and root pools OVERLAP. Report them separately; do not add them. ","")&IF(ROOT_SOIL_BOUNDARY_SOURCE="","No source recorded for the root/soil boundary. ","")) | L21: =IF(ISNUMBER($D21),$D21,"") | M21: =IF(ISNUMBER($G21),$G21,"") | N21: =IF(AND(ISNUMBER($D21),$A21<>""),1,0) -> 0 | O21: =IF($A21="","",SUMIFS('2. Soil Data'!$U$5:$U$604,'2. Soil Data'!$A$5:$A$604,$A21)) | P21: =IF($A21="","",SUMIFS('3. Root Biomass'!$Q$5:$Q$904,'3. Root Biomass'!$A$5:$A$904,$A21)) | Q21: =IF(ISNUMBER($D21),$D21^2,"") | R21: =IF(ISNUMBER($G21),$G21^2,"") | S21: =IF($A21="","",IF(ISNUMBER($D21),$D21,0)+IF(ISNUMBER($G21),$G21,0)) | T21: =IF(ISNUMBER($S21),$S21^2,"")
A22: =IF(INDEX('1. Plot & Site Log'!$A$5:$A$64,18)="","",INDEX('1. Plot & Site Log'!$A$5:$A$64,18)) | B22: =IF($A22="","",INDEX('1. Plot & Site Log'!$B$5:$B$64,MATCH($A22,'1. Plot & Site Log'!$A$5:$A$64,0))) | C22: =IF($A22="","",COUNTIFS('2. Soil Data'!$A$5:$A$604,$A22)) | D22: =IF(OR($A22="",$C22=0,$O22=0),"",SUMIFS('2. Soil Data'!$R$5:$R$604,'2. Soil Data'!$A$5:$A$604,$A22)/$O22) | E22: =IF(OR($A22="",$C22=0,$O22=0),"",SUMIFS('2. Soil Data'!$P$5:$P$604,'2. Soil Data'!$A$5:$A$604,$A22)/$O22) | F22: =IF($A22="","",SUMPRODUCT(MAX(('2. Soil Data'!$A$5:$A$604=$A22)*IF(ISNUMBER('2. Soil Data'!$E$5:$E$604),'2. Soil Data'!$E$5:$E$604,0)))) | G22: =IF(OR($A22="",$P22=0),"",SUMIFS('3. Root Biomass'!$N$5:$N$904,'3. Root Biomass'!$A$5:$A$904,$A22)/$P22) | H22: =IF($A22="","",IFERROR(SUMIFS('4. Vegetation Data'!$O$5:$O$64,'4. Vegetation Data'!$A$5:$A$64,$A22),"")) | I22: =IF($A22="","",IF(ISNUMBER($D22),$D22,0)+IF(ISNUMBER($G22),$G22,0)+IF(ISNUMBER($H22),$H22,0)) | J22: =IF($A22="","",IF(ISNUMBER($E22),$E22,0)+IF(ISNUMBER($G22),$G22,0)+IF(ISNUMBER($H22),$H22,0)) | K22: =IF($A22="","",IF($C22=0,"No soil increments for this plot — it contributes nothing. ","")&IF(AND(ISNUMBER($F22),$F22<SOIL_REPORTING_DEPTH_CM),"Cored shallower than the reporting depth, so the reporting-depth figure is an UNDERESTIMATE for this plot. ","")&IF(AND(ISNUMBER($G22),$G22>0,ISNUMBER($F22)),"Root total reaches only "&$F22&" cm — the bottom of the core, not the bottom of the roots. Report it as a MINIMUM. ","")&IF(AND(ISNUMBER($G22),$G22>0,ROOT_SOIL_REPORTING_BOUNDARY="Not agreed with the lab"),"Root carbon is being added to a soil stock whose root content was never agreed with the lab. The overlap is unknown, not zero — settle ROOT_SOIL_REPORTING_BOUNDARY before reporting a combined figure. ","")&IF(AND(ISNUMBER($G22),$G22>0,ROOT_SOIL_REPORTING_BOUNDARY="Operational soil fraction"),"The soil sample keeps every root the lab's standard preparation did not pick out, so soil and root pools OVERLAP. Report them separately; do not add them. ","")&IF(ROOT_SOIL_BOUNDARY_SOURCE="","No source recorded for the root/soil boundary. ","")) | L22: =IF(ISNUMBER($D22),$D22,"") | M22: =IF(ISNUMBER($G22),$G22,"") | N22: =IF(AND(ISNUMBER($D22),$A22<>""),1,0) -> 0 | O22: =IF($A22="","",SUMIFS('2. Soil Data'!$U$5:$U$604,'2. Soil Data'!$A$5:$A$604,$A22)) | P22: =IF($A22="","",SUMIFS('3. Root Biomass'!$Q$5:$Q$904,'3. Root Biomass'!$A$5:$A$904,$A22)) | Q22: =IF(ISNUMBER($D22),$D22^2,"") | R22: =IF(ISNUMBER($G22),$G22^2,"") | S22: =IF($A22="","",IF(ISNUMBER($D22),$D22,0)+IF(ISNUMBER($G22),$G22,0)) | T22: =IF(ISNUMBER($S22),$S22^2,"")
A23: =IF(INDEX('1. Plot & Site Log'!$A$5:$A$64,19)="","",INDEX('1. Plot & Site Log'!$A$5:$A$64,19)) | B23: =IF($A23="","",INDEX('1. Plot & Site Log'!$B$5:$B$64,MATCH($A23,'1. Plot & Site Log'!$A$5:$A$64,0))) | C23: =IF($A23="","",COUNTIFS('2. Soil Data'!$A$5:$A$604,$A23)) | D23: =IF(OR($A23="",$C23=0,$O23=0),"",SUMIFS('2. Soil Data'!$R$5:$R$604,'2. Soil Data'!$A$5:$A$604,$A23)/$O23) | E23: =IF(OR($A23="",$C23=0,$O23=0),"",SUMIFS('2. Soil Data'!$P$5:$P$604,'2. Soil Data'!$A$5:$A$604,$A23)/$O23) | F23: =IF($A23="","",SUMPRODUCT(MAX(('2. Soil Data'!$A$5:$A$604=$A23)*IF(ISNUMBER('2. Soil Data'!$E$5:$E$604),'2. Soil Data'!$E$5:$E$604,0)))) | G23: =IF(OR($A23="",$P23=0),"",SUMIFS('3. Root Biomass'!$N$5:$N$904,'3. Root Biomass'!$A$5:$A$904,$A23)/$P23) | H23: =IF($A23="","",IFERROR(SUMIFS('4. Vegetation Data'!$O$5:$O$64,'4. Vegetation Data'!$A$5:$A$64,$A23),"")) | I23: =IF($A23="","",IF(ISNUMBER($D23),$D23,0)+IF(ISNUMBER($G23),$G23,0)+IF(ISNUMBER($H23),$H23,0)) | J23: =IF($A23="","",IF(ISNUMBER($E23),$E23,0)+IF(ISNUMBER($G23),$G23,0)+IF(ISNUMBER($H23),$H23,0)) | K23: =IF($A23="","",IF($C23=0,"No soil increments for this plot — it contributes nothing. ","")&IF(AND(ISNUMBER($F23),$F23<SOIL_REPORTING_DEPTH_CM),"Cored shallower than the reporting depth, so the reporting-depth figure is an UNDERESTIMATE for this plot. ","")&IF(AND(ISNUMBER($G23),$G23>0,ISNUMBER($F23)),"Root total reaches only "&$F23&" cm — the bottom of the core, not the bottom of the roots. Report it as a MINIMUM. ","")&IF(AND(ISNUMBER($G23),$G23>0,ROOT_SOIL_REPORTING_BOUNDARY="Not agreed with the lab"),"Root carbon is being added to a soil stock whose root content was never agreed with the lab. The overlap is unknown, not zero — settle ROOT_SOIL_REPORTING_BOUNDARY before reporting a combined figure. ","")&IF(AND(ISNUMBER($G23),$G23>0,ROOT_SOIL_REPORTING_BOUNDARY="Operational soil fraction"),"The soil sample keeps every root the lab's standard preparation did not pick out, so soil and root pools OVERLAP. Report them separately; do not add them. ","")&IF(ROOT_SOIL_BOUNDARY_SOURCE="","No source recorded for the root/soil boundary. ","")) | L23: =IF(ISNUMBER($D23),$D23,"") | M23: =IF(ISNUMBER($G23),$G23,"") | N23: =IF(AND(ISNUMBER($D23),$A23<>""),1,0) -> 0 | O23: =IF($A23="","",SUMIFS('2. Soil Data'!$U$5:$U$604,'2. Soil Data'!$A$5:$A$604,$A23)) | P23: =IF($A23="","",SUMIFS('3. Root Biomass'!$Q$5:$Q$904,'3. Root Biomass'!$A$5:$A$904,$A23)) | Q23: =IF(ISNUMBER($D23),$D23^2,"") | R23: =IF(ISNUMBER($G23),$G23^2,"") | S23: =IF($A23="","",IF(ISNUMBER($D23),$D23,0)+IF(ISNUMBER($G23),$G23,0)) | T23: =IF(ISNUMBER($S23),$S23^2,"")
A24: =IF(INDEX('1. Plot & Site Log'!$A$5:$A$64,20)="","",INDEX('1. Plot & Site Log'!$A$5:$A$64,20)) | B24: =IF($A24="","",INDEX('1. Plot & Site Log'!$B$5:$B$64,MATCH($A24,'1. Plot & Site Log'!$A$5:$A$64,0))) | C24: =IF($A24="","",COUNTIFS('2. Soil Data'!$A$5:$A$604,$A24)) | D24: =IF(OR($A24="",$C24=0,$O24=0),"",SUMIFS('2. Soil Data'!$R$5:$R$604,'2. Soil Data'!$A$5:$A$604,$A24)/$O24) | E24: =IF(OR($A24="",$C24=0,$O24=0),"",SUMIFS('2. Soil Data'!$P$5:$P$604,'2. Soil Data'!$A$5:$A$604,$A24)/$O24) | F24: =IF($A24="","",SUMPRODUCT(MAX(('2. Soil Data'!$A$5:$A$604=$A24)*IF(ISNUMBER('2. Soil Data'!$E$5:$E$604),'2. Soil Data'!$E$5:$E$604,0)))) | G24: =IF(OR($A24="",$P24=0),"",SUMIFS('3. Root Biomass'!$N$5:$N$904,'3. Root Biomass'!$A$5:$A$904,$A24)/$P24) | H24: =IF($A24="","",IFERROR(SUMIFS('4. Vegetation Data'!$O$5:$O$64,'4. Vegetation Data'!$A$5:$A$64,$A24),"")) | I24: =IF($A24="","",IF(ISNUMBER($D24),$D24,0)+IF(ISNUMBER($G24),$G24,0)+IF(ISNUMBER($H24),$H24,0)) | J24: =IF($A24="","",IF(ISNUMBER($E24),$E24,0)+IF(ISNUMBER($G24),$G24,0)+IF(ISNUMBER($H24),$H24,0)) | K24: =IF($A24="","",IF($C24=0,"No soil increments for this plot — it contributes nothing. ","")&IF(AND(ISNUMBER($F24),$F24<SOIL_REPORTING_DEPTH_CM),"Cored shallower than the reporting depth, so the reporting-depth figure is an UNDERESTIMATE for this plot. ","")&IF(AND(ISNUMBER($G24),$G24>0,ISNUMBER($F24)),"Root total reaches only "&$F24&" cm — the bottom of the core, not the bottom of the roots. Report it as a MINIMUM. ","")&IF(AND(ISNUMBER($G24),$G24>0,ROOT_SOIL_REPORTING_BOUNDARY="Not agreed with the lab"),"Root carbon is being added to a soil stock whose root content was never agreed with the lab. The overlap is unknown, not zero — settle ROOT_SOIL_REPORTING_BOUNDARY before reporting a combined figure. ","")&IF(AND(ISNUMBER($G24),$G24>0,ROOT_SOIL_REPORTING_BOUNDARY="Operational soil fraction"),"The soil sample keeps every root the lab's standard preparation did not pick out, so soil and root pools OVERLAP. Report them separately; do not add them. ","")&IF(ROOT_SOIL_BOUNDARY_SOURCE="","No source recorded for the root/soil boundary. ","")) | L24: =IF(ISNUMBER($D24),$D24,"") | M24: =IF(ISNUMBER($G24),$G24,"") | N24: =IF(AND(ISNUMBER($D24),$A24<>""),1,0) -> 0 | O24: =IF($A24="","",SUMIFS('2. Soil Data'!$U$5:$U$604,'2. Soil Data'!$A$5:$A$604,$A24)) | P24: =IF($A24="","",SUMIFS('3. Root Biomass'!$Q$5:$Q$904,'3. Root Biomass'!$A$5:$A$904,$A24)) | Q24: =IF(ISNUMBER($D24),$D24^2,"") | R24: =IF(ISNUMBER($G24),$G24^2,"") | S24: =IF($A24="","",IF(ISNUMBER($D24),$D24,0)+IF(ISNUMBER($G24),$G24,0)) | T24: =IF(ISNUMBER($S24),$S24^2,"")
