Workbook
Name CARBON_FRACTION_OM: '7. Settings'!$B$5
Name OM_FACTOR_IS_LOCAL: '7. Settings'!$B$6
Name CO2E_FACTOR: '7. Settings'!$B$7
Name REFERENCE_DEPTH_CM: '7. Settings'!$B$8
Name PEATLAND_MIN_DEPTH_CM: '7. Settings'!$B$9
Name PLOT_AREA_M2: '7. Settings'!$B$10
Name TARGET_MARGIN: '7. Settings'!$B$11
Name TARGET_CONFIDENCE: '7. Settings'!$B$12
Name QC_BD_MIN: '7. Settings'!$B$13
Name QC_BD_MAX: '7. Settings'!$B$14
Name QC_CARBON_PCT_MAX: '7. Settings'!$B$15
Name QC_RECOVERY_MIN: '7. Settings'!$B$16
Name LORCA_MIN: '7. Settings'!$B$17
Name LORCA_MAX: '7. Settings'!$B$18

Sheet 0. Instructions
A1: WETLAND CARBON CALCULATOR
B2: WWF-Canada Carbon Measurement · Wetland Carbon Workshop
A4: What this workbook does | B4: Turns peat core measurements into a carbon stock in kg C/m², scales cores to plots, sites and your whole study area, and — if you have dated the core — converts the same carbon into accumulation rates. It follows 'Measuring Carbon in Peat Soils' (WWF-Canada, 2024), with the additions noted at the bottom of this sheet.
A6: COLOUR KEY
A7: Yellow | B7: TYPE HERE — field measurements you record.
A8: Blue | B8: TYPE HERE — lab results, once they come back.
A9: Grey | B9: Calculated for you. Do not type in grey cells.
A10: Green | B10: Summary output.
A11: Red | B11: A quality-control flag. Read it before trusting the row.
A13: ORDER OF WORK
A14: 1 | B14: Fill '1. Plot & Site Log' FIRST — one row per plot. Everything joins to it on Plot ID.
A15: 2 | B15: Fill '2. Core Log' — one row per core. Everything in the peat sheet joins to it on Core ID.
A16: 3 | B16: Fill '3. Peat Data' — one row per section, as the core is sectioned.
A17: 4 | B17: Add lab results (blue columns) to '3. Peat Data' when they return.
A18: 5 | B18: OPTIONAL: if the core has been dated, fill '4. Chronology' to get accumulation rates.
A19: 6 | B19: Read '5. Plot Summary' and '6. Site Summary'. Both calculate themselves.
A21: ⚠ IDs MUST MATCH | B21: Plot ID joins the Core Log to the Plot & Site Log; Core ID joins the Peat Data and the Chronology to the Core Log. A mismatch means that row's carbon never reaches the summary. Every sheet has a QC flags column that tells you when this happens.
A23: UNITS
A24: Depths | B24: centimetres (cm), measured down from the peat surface
A25: Bulk density | B25: g/cm³ — oven-dry mass ÷ sample volume (see the basis note on '3. Peat Data')
A26: Carbon content | B26: per cent of dry mass (%)
A27: Carbon stock | B27: kg C/m² at core, plot and site level; kg C for totals
A28: Accumulation rate | B28: g C/m²/yr — note the unit change: 1 kg C/m² per 1,000 yr = 1 g C/m²/yr
A29: Age | B29: years before the year the core was taken
A31: TWO STOCK NUMBERS, AND WHY
A32: Full profile | B32: Stock over the whole peat profile, to the mineral contact. THIS IS THE HEADLINE NUMBER — it is what the peatland actually holds, and what the peatland literature reports.
A33: To reference depth | B33: Stock integrated to a fixed depth (100 cm by default, set on '7. Settings'). Reported alongside so your numbers stay comparable with projects that sampled to a standard depth. Cores that stop short of it are flagged.
A34: Why both | B34: Bansal et al. (2023) found 65% of wetland organic carbon sat between 30 and 120 cm. Report only a shallow fixed depth and you miss most of the store; report only full profiles and cores of different depths cannot be compared. So the workbook gives you both.
A36: WHAT'S BEYOND THE PRINTED GUIDE
A37: Uncertainty | B37: Site means carry a standard deviation, standard error and confidence interval, checked against the precision target you set in Part 2. The guide's Eq 1–8 give point estimates only.
A38: Eq 5 correction | B38: The guide's printed Eq 5 has its right-hand side in g/cm² and its left-hand side in kg/m². This workbook uses the correct form — summing the kg/m² core values — which is also what the guide's own example spreadsheet does.
A39: Carbon fraction | B39: Settable on '7. Settings', defaulting to the guide's 0.5. See 'R1. Reference' for why that is a convention rather than a constant.
A40: Accumulation rates | B40: The guide raises them in its introduction and its glossary but gives no method. '4. Chronology' supplies one — see Part 5 of the workshop.

Sheet 1. Plot & Site Log
A1: PLOT & SITE LOG
A2: ONE ROW PER PLOT. Fill this in first — everything joins to it on Plot ID. Water table depth is measured DOWN from the peat surface, so a positive number means the water table sits below the surface and a negative number means standing water above it. Microform matters: hollows accumulate more organic matter than hummocks, so recording it lets you stratify later.
A4: Plot ID | B4: Site ID | C4: Study area | D4: Date | E4: Location | F4: Latitude | G4: Longitude | H4: GNSS accuracy (m) | I4: Datum | J4: Elevation (m) | K4: Wetland type | L4: Microform | M4: Vegetation zone | N4: Water table depth (cm) | O4: Plot area (m²) | P4: Notes

Sheet 2. Core Log
A1: CORE LOG
A2: ONE ROW PER CORE. A Russian (Macaulay) corer takes 50 cm at a time, so a 2 m core is four drives — log the core once here and its sections on the next sheet. BORE DEPTH is how deep the corer went; CORE LENGTH RECOVERED is what came back. For a side-filling corer these should be nearly equal: a shortfall means the chamber did not fill, NOT that the peat compressed.
A4: Core ID | B4: Plot ID | C4: Latitude | D4: Longitude | E4: Coring date | F4: Drives taken | G4: Bore depth (cm) | H4: Core length recovered (cm) | I4: Surface compaction (cm) | J4: Recovery ratio | K4: Depth to mineral contact (cm) | L4: Reached mineral contact? | M4: von Post at base | N4: Chamber length (cm) | O4: Chamber diameter (cm) | P4: Photo series? | Q4: Deepest section logged (cm) | R4: Stock, full profile (kg C/m²) | S4: Stock to reference depth (kg C/m²) | T4: Reaches reference depth? | U4: QC flags | V4: Notes
J5: =IF(OR($G5="",$H5="",$G5=0),"",$H5/$G5) | Q5: =IF($A5="","",IF(SUMPRODUCT(MAX(('3. Peat Data'!$B$5:$B$604=$A5)*'3. Peat Data'!$F$5:$F$604))=0,"",SUMPRODUCT(MAX(('3. Peat Data'!$B$5:$B$604=$A5)*'3. Peat Data'!$F$5:$F$604)))) | R5: =IF($A5="","",IFERROR(SUMIFS('3. Peat Data'!$P$5:$P$604,'3. Peat Data'!$B$5:$B$604,$A5),"")) | S5: =IF($A5="","",IFERROR(SUMIFS('3. Peat Data'!$Q$5:$Q$604,'3. Peat Data'!$B$5:$B$604,$A5),"")) | T5: =IF(NOT(ISNUMBER($Q5)),"",IF($Q5>=REFERENCE_DEPTH_CM,"Yes","No")) | U5: =IF($A5="","",IF(AND($B5<>"",COUNTIF('1. Plot & Site Log'!$A$5:$A$64,$B5)=0),"Plot ID not in Plot & Site Log. ","")&IF(NOT(ISNUMBER($Q5)),"No peat sections logged for this core. ","")&IF($T5="No","Core stops short of the reference depth, so its reference-depth stock is an underestimate. Its full-profile stock is still valid. ","")&IF($L5="No","Core did not reach the mineral contact — the full-profile stock is a MINIMUM, not the whole store. ","")&IF(AND(ISNUMBER($K5),$K5<PEATLAND_MIN_DEPTH_CM),"Organic depth under "&PEATLAND_MIN_DEPTH_CM&" cm: by the guide's definition this is not peatland. Report it, but say so. ","")&IF(AND(ISNUMBER($J5),$J5<QC_RECOVERY_MIN),"Recovered only "&TEXT($J5,"0%")&" of the bore depth — the chamber probably did not fill completely. Material is missing, which is not the same as compaction. ","")&IF(AND(ISNUMBER($J5),$J5>1.05),"Recovered more than the bore depth — check the two measurements. ","")&IF(AND(ISNUMBER($I5),$I5>2),"Surface compaction of "&$I5&" cm: depths in this core sit shallower than in the ground, so depth-limited stock is biased. Full-profile stock is unaffected. ",""))
J6: =IF(OR($G6="",$H6="",$G6=0),"",$H6/$G6) | Q6: =IF($A6="","",IF(SUMPRODUCT(MAX(('3. Peat Data'!$B$5:$B$604=$A6)*'3. Peat Data'!$F$5:$F$604))=0,"",SUMPRODUCT(MAX(('3. Peat Data'!$B$5:$B$604=$A6)*'3. Peat Data'!$F$5:$F$604)))) | R6: =IF($A6="","",IFERROR(SUMIFS('3. Peat Data'!$P$5:$P$604,'3. Peat Data'!$B$5:$B$604,$A6),"")) | S6: =IF($A6="","",IFERROR(SUMIFS('3. Peat Data'!$Q$5:$Q$604,'3. Peat Data'!$B$5:$B$604,$A6),"")) | T6: =IF(NOT(ISNUMBER($Q6)),"",IF($Q6>=REFERENCE_DEPTH_CM,"Yes","No")) | U6: =IF($A6="","",IF(AND($B6<>"",COUNTIF('1. Plot & Site Log'!$A$5:$A$64,$B6)=0),"Plot ID not in Plot & Site Log. ","")&IF(NOT(ISNUMBER($Q6)),"No peat sections logged for this core. ","")&IF($T6="No","Core stops short of the reference depth, so its reference-depth stock is an underestimate. Its full-profile stock is still valid. ","")&IF($L6="No","Core did not reach the mineral contact — the full-profile stock is a MINIMUM, not the whole store. ","")&IF(AND(ISNUMBER($K6),$K6<PEATLAND_MIN_DEPTH_CM),"Organic depth under "&PEATLAND_MIN_DEPTH_CM&" cm: by the guide's definition this is not peatland. Report it, but say so. ","")&IF(AND(ISNUMBER($J6),$J6<QC_RECOVERY_MIN),"Recovered only "&TEXT($J6,"0%")&" of the bore depth — the chamber probably did not fill completely. Material is missing, which is not the same as compaction. ","")&IF(AND(ISNUMBER($J6),$J6>1.05),"Recovered more than the bore depth — check the two measurements. ","")&IF(AND(ISNUMBER($I6),$I6>2),"Surface compaction of "&$I6&" cm: depths in this core sit shallower than in the ground, so depth-limited stock is biased. Full-profile stock is unaffected. ",""))
J7: =IF(OR($G7="",$H7="",$G7=0),"",$H7/$G7) | Q7: =IF($A7="","",IF(SUMPRODUCT(MAX(('3. Peat Data'!$B$5:$B$604=$A7)*'3. Peat Data'!$F$5:$F$604))=0,"",SUMPRODUCT(MAX(('3. Peat Data'!$B$5:$B$604=$A7)*'3. Peat Data'!$F$5:$F$604)))) | R7: =IF($A7="","",IFERROR(SUMIFS('3. Peat Data'!$P$5:$P$604,'3. Peat Data'!$B$5:$B$604,$A7),"")) | S7: =IF($A7="","",IFERROR(SUMIFS('3. Peat Data'!$Q$5:$Q$604,'3. Peat Data'!$B$5:$B$604,$A7),"")) | T7: =IF(NOT(ISNUMBER($Q7)),"",IF($Q7>=REFERENCE_DEPTH_CM,"Yes","No")) | U7: =IF($A7="","",IF(AND($B7<>"",COUNTIF('1. Plot & Site Log'!$A$5:$A$64,$B7)=0),"Plot ID not in Plot & Site Log. ","")&IF(NOT(ISNUMBER($Q7)),"No peat sections logged for this core. ","")&IF($T7="No","Core stops short of the reference depth, so its reference-depth stock is an underestimate. Its full-profile stock is still valid. ","")&IF($L7="No","Core did not reach the mineral contact — the full-profile stock is a MINIMUM, not the whole store. ","")&IF(AND(ISNUMBER($K7),$K7<PEATLAND_MIN_DEPTH_CM),"Organic depth under "&PEATLAND_MIN_DEPTH_CM&" cm: by the guide's definition this is not peatland. Report it, but say so. ","")&IF(AND(ISNUMBER($J7),$J7<QC_RECOVERY_MIN),"Recovered only "&TEXT($J7,"0%")&" of the bore depth — the chamber probably did not fill completely. Material is missing, which is not the same as compaction. ","")&IF(AND(ISNUMBER($J7),$J7>1.05),"Recovered more than the bore depth — check the two measurements. ","")&IF(AND(ISNUMBER($I7),$I7>2),"Surface compaction of "&$I7&" cm: depths in this core sit shallower than in the ground, so depth-limited stock is biased. Full-profile stock is unaffected. ",""))
J8: =IF(OR($G8="",$H8="",$G8=0),"",$H8/$G8) | Q8: =IF($A8="","",IF(SUMPRODUCT(MAX(('3. Peat Data'!$B$5:$B$604=$A8)*'3. Peat Data'!$F$5:$F$604))=0,"",SUMPRODUCT(MAX(('3. Peat Data'!$B$5:$B$604=$A8)*'3. Peat Data'!$F$5:$F$604)))) | R8: =IF($A8="","",IFERROR(SUMIFS('3. Peat Data'!$P$5:$P$604,'3. Peat Data'!$B$5:$B$604,$A8),"")) | S8: =IF($A8="","",IFERROR(SUMIFS('3. Peat Data'!$Q$5:$Q$604,'3. Peat Data'!$B$5:$B$604,$A8),"")) | T8: =IF(NOT(ISNUMBER($Q8)),"",IF($Q8>=REFERENCE_DEPTH_CM,"Yes","No")) | U8: =IF($A8="","",IF(AND($B8<>"",COUNTIF('1. Plot & Site Log'!$A$5:$A$64,$B8)=0),"Plot ID not in Plot & Site Log. ","")&IF(NOT(ISNUMBER($Q8)),"No peat sections logged for this core. ","")&IF($T8="No","Core stops short of the reference depth, so its reference-depth stock is an underestimate. Its full-profile stock is still valid. ","")&IF($L8="No","Core did not reach the mineral contact — the full-profile stock is a MINIMUM, not the whole store. ","")&IF(AND(ISNUMBER($K8),$K8<PEATLAND_MIN_DEPTH_CM),"Organic depth under "&PEATLAND_MIN_DEPTH_CM&" cm: by the guide's definition this is not peatland. Report it, but say so. ","")&IF(AND(ISNUMBER($J8),$J8<QC_RECOVERY_MIN),"Recovered only "&TEXT($J8,"0%")&" of the bore depth — the chamber probably did not fill completely. Material is missing, which is not the same as compaction. ","")&IF(AND(ISNUMBER($J8),$J8>1.05),"Recovered more than the bore depth — check the two measurements. ","")&IF(AND(ISNUMBER($I8),$I8>2),"Surface compaction of "&$I8&" cm: depths in this core sit shallower than in the ground, so depth-limited stock is biased. Full-profile stock is unaffected. ",""))
J9: =IF(OR($G9="",$H9="",$G9=0),"",$H9/$G9) | Q9: =IF($A9="","",IF(SUMPRODUCT(MAX(('3. Peat Data'!$B$5:$B$604=$A9)*'3. Peat Data'!$F$5:$F$604))=0,"",SUMPRODUCT(MAX(('3. Peat Data'!$B$5:$B$604=$A9)*'3. Peat Data'!$F$5:$F$604)))) | R9: =IF($A9="","",IFERROR(SUMIFS('3. Peat Data'!$P$5:$P$604,'3. Peat Data'!$B$5:$B$604,$A9),"")) | S9: =IF($A9="","",IFERROR(SUMIFS('3. Peat Data'!$Q$5:$Q$604,'3. Peat Data'!$B$5:$B$604,$A9),"")) | T9: =IF(NOT(ISNUMBER($Q9)),"",IF($Q9>=REFERENCE_DEPTH_CM,"Yes","No")) | U9: =IF($A9="","",IF(AND($B9<>"",COUNTIF('1. Plot & Site Log'!$A$5:$A$64,$B9)=0),"Plot ID not in Plot & Site Log. ","")&IF(NOT(ISNUMBER($Q9)),"No peat sections logged for this core. ","")&IF($T9="No","Core stops short of the reference depth, so its reference-depth stock is an underestimate. Its full-profile stock is still valid. ","")&IF($L9="No","Core did not reach the mineral contact — the full-profile stock is a MINIMUM, not the whole store. ","")&IF(AND(ISNUMBER($K9),$K9<PEATLAND_MIN_DEPTH_CM),"Organic depth under "&PEATLAND_MIN_DEPTH_CM&" cm: by the guide's definition this is not peatland. Report it, but say so. ","")&IF(AND(ISNUMBER($J9),$J9<QC_RECOVERY_MIN),"Recovered only "&TEXT($J9,"0%")&" of the bore depth — the chamber probably did not fill completely. Material is missing, which is not the same as compaction. ","")&IF(AND(ISNUMBER($J9),$J9>1.05),"Recovered more than the bore depth — check the two measurements. ","")&IF(AND(ISNUMBER($I9),$I9>2),"Surface compaction of "&$I9&" cm: depths in this core sit shallower than in the ground, so depth-limited stock is biased. Full-profile stock is unaffected. ",""))
J10: =IF(OR($G10="",$H10="",$G10=0),"",$H10/$G10) | Q10: =IF($A10="","",IF(SUMPRODUCT(MAX(('3. Peat Data'!$B$5:$B$604=$A10)*'3. Peat Data'!$F$5:$F$604))=0,"",SUMPRODUCT(MAX(('3. Peat Data'!$B$5:$B$604=$A10)*'3. Peat Data'!$F$5:$F$604)))) | R10: =IF($A10="","",IFERROR(SUMIFS('3. Peat Data'!$P$5:$P$604,'3. Peat Data'!$B$5:$B$604,$A10),"")) | S10: =IF($A10="","",IFERROR(SUMIFS('3. Peat Data'!$Q$5:$Q$604,'3. Peat Data'!$B$5:$B$604,$A10),"")) | T10: =IF(NOT(ISNUMBER($Q10)),"",IF($Q10>=REFERENCE_DEPTH_CM,"Yes","No")) | U10: =IF($A10="","",IF(AND($B10<>"",COUNTIF('1. Plot & Site Log'!$A$5:$A$64,$B10)=0),"Plot ID not in Plot & Site Log. ","")&IF(NOT(ISNUMBER($Q10)),"No peat sections logged for this core. ","")&IF($T10="No","Core stops short of the reference depth, so its reference-depth stock is an underestimate. Its full-profile stock is still valid. ","")&IF($L10="No","Core did not reach the mineral contact — the full-profile stock is a MINIMUM, not the whole store. ","")&IF(AND(ISNUMBER($K10),$K10<PEATLAND_MIN_DEPTH_CM),"Organic depth under "&PEATLAND_MIN_DEPTH_CM&" cm: by the guide's definition this is not peatland. Report it, but say so. ","")&IF(AND(ISNUMBER($J10),$J10<QC_RECOVERY_MIN),"Recovered only "&TEXT($J10,"0%")&" of the bore depth — the chamber probably did not fill completely. Material is missing, which is not the same as compaction. ","")&IF(AND(ISNUMBER($J10),$J10>1.05),"Recovered more than the bore depth — check the two measurements. ","")&IF(AND(ISNUMBER($I10),$I10>2),"Surface compaction of "&$I10&" cm: depths in this core sit shallower than in the ground, so depth-limited stock is biased. Full-profile stock is unaffected. ",""))
J11: =IF(OR($G11="",$H11="",$G11=0),"",$H11/$G11) | Q11: =IF($A11="","",IF(SUMPRODUCT(MAX(('3. Peat Data'!$B$5:$B$604=$A11)*'3. Peat Data'!$F$5:$F$604))=0,"",SUMPRODUCT(MAX(('3. Peat Data'!$B$5:$B$604=$A11)*'3. Peat Data'!$F$5:$F$604)))) | R11: =IF($A11="","",IFERROR(SUMIFS('3. Peat Data'!$P$5:$P$604,'3. Peat Data'!$B$5:$B$604,$A11),"")) | S11: =IF($A11="","",IFERROR(SUMIFS('3. Peat Data'!$Q$5:$Q$604,'3. Peat Data'!$B$5:$B$604,$A11),"")) | T11: =IF(NOT(ISNUMBER($Q11)),"",IF($Q11>=REFERENCE_DEPTH_CM,"Yes","No")) | U11: =IF($A11="","",IF(AND($B11<>"",COUNTIF('1. Plot & Site Log'!$A$5:$A$64,$B11)=0),"Plot ID not in Plot & Site Log. ","")&IF(NOT(ISNUMBER($Q11)),"No peat sections logged for this core. ","")&IF($T11="No","Core stops short of the reference depth, so its reference-depth stock is an underestimate. Its full-profile stock is still valid. ","")&IF($L11="No","Core did not reach the mineral contact — the full-profile stock is a MINIMUM, not the whole store. ","")&IF(AND(ISNUMBER($K11),$K11<PEATLAND_MIN_DEPTH_CM),"Organic depth under "&PEATLAND_MIN_DEPTH_CM&" cm: by the guide's definition this is not peatland. Report it, but say so. ","")&IF(AND(ISNUMBER($J11),$J11<QC_RECOVERY_MIN),"Recovered only "&TEXT($J11,"0%")&" of the bore depth — the chamber probably did not fill completely. Material is missing, which is not the same as compaction. ","")&IF(AND(ISNUMBER($J11),$J11>1.05),"Recovered more than the bore depth — check the two measurements. ","")&IF(AND(ISNUMBER($I11),$I11>2),"Surface compaction of "&$I11&" cm: depths in this core sit shallower than in the ground, so depth-limited stock is biased. Full-profile stock is unaffected. ",""))
J12: =IF(OR($G12="",$H12="",$G12=0),"",$H12/$G12) | Q12: =IF($A12="","",IF(SUMPRODUCT(MAX(('3. Peat Data'!$B$5:$B$604=$A12)*'3. Peat Data'!$F$5:$F$604))=0,"",SUMPRODUCT(MAX(('3. Peat Data'!$B$5:$B$604=$A12)*'3. Peat Data'!$F$5:$F$604)))) | R12: =IF($A12="","",IFERROR(SUMIFS('3. Peat Data'!$P$5:$P$604,'3. Peat Data'!$B$5:$B$604,$A12),"")) | S12: =IF($A12="","",IFERROR(SUMIFS('3. Peat Data'!$Q$5:$Q$604,'3. Peat Data'!$B$5:$B$604,$A12),"")) | T12: =IF(NOT(ISNUMBER($Q12)),"",IF($Q12>=REFERENCE_DEPTH_CM,"Yes","No")) | U12: =IF($A12="","",IF(AND($B12<>"",COUNTIF('1. Plot & Site Log'!$A$5:$A$64,$B12)=0),"Plot ID not in Plot & Site Log. ","")&IF(NOT(ISNUMBER($Q12)),"No peat sections logged for this core. ","")&IF($T12="No","Core stops short of the reference depth, so its reference-depth stock is an underestimate. Its full-profile stock is still valid. ","")&IF($L12="No","Core did not reach the mineral contact — the full-profile stock is a MINIMUM, not the whole store. ","")&IF(AND(ISNUMBER($K12),$K12<PEATLAND_MIN_DEPTH_CM),"Organic depth under "&PEATLAND_MIN_DEPTH_CM&" cm: by the guide's definition this is not peatland. Report it, but say so. ","")&IF(AND(ISNUMBER($J12),$J12<QC_RECOVERY_MIN),"Recovered only "&TEXT($J12,"0%")&" of the bore depth — the chamber probably did not fill completely. Material is missing, which is not the same as compaction. ","")&IF(AND(ISNUMBER($J12),$J12>1.05),"Recovered more than the bore depth — check the two measurements. ","")&IF(AND(ISNUMBER($I12),$I12>2),"Surface compaction of "&$I12&" cm: depths in this core sit shallower than in the ground, so depth-limited stock is biased. Full-profile stock is unaffected. ",""))
J13: =IF(OR($G13="",$H13="",$G13=0),"",$H13/$G13) | Q13: =IF($A13="","",IF(SUMPRODUCT(MAX(('3. Peat Data'!$B$5:$B$604=$A13)*'3. Peat Data'!$F$5:$F$604))=0,"",SUMPRODUCT(MAX(('3. Peat Data'!$B$5:$B$604=$A13)*'3. Peat Data'!$F$5:$F$604)))) | R13: =IF($A13="","",IFERROR(SUMIFS('3. Peat Data'!$P$5:$P$604,'3. Peat Data'!$B$5:$B$604,$A13),"")) | S13: =IF($A13="","",IFERROR(SUMIFS('3. Peat Data'!$Q$5:$Q$604,'3. Peat Data'!$B$5:$B$604,$A13),"")) | T13: =IF(NOT(ISNUMBER($Q13)),"",IF($Q13>=REFERENCE_DEPTH_CM,"Yes","No")) | U13: =IF($A13="","",IF(AND($B13<>"",COUNTIF('1. Plot & Site Log'!$A$5:$A$64,$B13)=0),"Plot ID not in Plot & Site Log. ","")&IF(NOT(ISNUMBER($Q13)),"No peat sections logged for this core. ","")&IF($T13="No","Core stops short of the reference depth, so its reference-depth stock is an underestimate. Its full-profile stock is still valid. ","")&IF($L13="No","Core did not reach the mineral contact — the full-profile stock is a MINIMUM, not the whole store. ","")&IF(AND(ISNUMBER($K13),$K13<PEATLAND_MIN_DEPTH_CM),"Organic depth under "&PEATLAND_MIN_DEPTH_CM&" cm: by the guide's definition this is not peatland. Report it, but say so. ","")&IF(AND(ISNUMBER($J13),$J13<QC_RECOVERY_MIN),"Recovered only "&TEXT($J13,"0%")&" of the bore depth — the chamber probably did not fill completely. Material is missing, which is not the same as compaction. ","")&IF(AND(ISNUMBER($J13),$J13>1.05),"Recovered more than the bore depth — check the two measurements. ","")&IF(AND(ISNUMBER($I13),$I13>2),"Surface compaction of "&$I13&" cm: depths in this core sit shallower than in the ground, so depth-limited stock is biased. Full-profile stock is unaffected. ",""))
J14: =IF(OR($G14="",$H14="",$G14=0),"",$H14/$G14) | Q14: =IF($A14="","",IF(SUMPRODUCT(MAX(('3. Peat Data'!$B$5:$B$604=$A14)*'3. Peat Data'!$F$5:$F$604))=0,"",SUMPRODUCT(MAX(('3. Peat Data'!$B$5:$B$604=$A14)*'3. Peat Data'!$F$5:$F$604)))) | R14: =IF($A14="","",IFERROR(SUMIFS('3. Peat Data'!$P$5:$P$604,'3. Peat Data'!$B$5:$B$604,$A14),"")) | S14: =IF($A14="","",IFERROR(SUMIFS('3. Peat Data'!$Q$5:$Q$604,'3. Peat Data'!$B$5:$B$604,$A14),"")) | T14: =IF(NOT(ISNUMBER($Q14)),"",IF($Q14>=REFERENCE_DEPTH_CM,"Yes","No")) | U14: =IF($A14="","",IF(AND($B14<>"",COUNTIF('1. Plot & Site Log'!$A$5:$A$64,$B14)=0),"Plot ID not in Plot & Site Log. ","")&IF(NOT(ISNUMBER($Q14)),"No peat sections logged for this core. ","")&IF($T14="No","Core stops short of the reference depth, so its reference-depth stock is an underestimate. Its full-profile stock is still valid. ","")&IF($L14="No","Core did not reach the mineral contact — the full-profile stock is a MINIMUM, not the whole store. ","")&IF(AND(ISNUMBER($K14),$K14<PEATLAND_MIN_DEPTH_CM),"Organic depth under "&PEATLAND_MIN_DEPTH_CM&" cm: by the guide's definition this is not peatland. Report it, but say so. ","")&IF(AND(ISNUMBER($J14),$J14<QC_RECOVERY_MIN),"Recovered only "&TEXT($J14,"0%")&" of the bore depth — the chamber probably did not fill completely. Material is missing, which is not the same as compaction. ","")&IF(AND(ISNUMBER($J14),$J14>1.05),"Recovered more than the bore depth — check the two measurements. ","")&IF(AND(ISNUMBER($I14),$I14>2),"Surface compaction of "&$I14&" cm: depths in this core sit shallower than in the ground, so depth-limited stock is biased. Full-profile stock is unaffected. ",""))
J15: =IF(OR($G15="",$H15="",$G15=0),"",$H15/$G15) | Q15: =IF($A15="","",IF(SUMPRODUCT(MAX(('3. Peat Data'!$B$5:$B$604=$A15)*'3. Peat Data'!$F$5:$F$604))=0,"",SUMPRODUCT(MAX(('3. Peat Data'!$B$5:$B$604=$A15)*'3. Peat Data'!$F$5:$F$604)))) | R15: =IF($A15="","",IFERROR(SUMIFS('3. Peat Data'!$P$5:$P$604,'3. Peat Data'!$B$5:$B$604,$A15),"")) | S15: =IF($A15="","",IFERROR(SUMIFS('3. Peat Data'!$Q$5:$Q$604,'3. Peat Data'!$B$5:$B$604,$A15),"")) | T15: =IF(NOT(ISNUMBER($Q15)),"",IF($Q15>=REFERENCE_DEPTH_CM,"Yes","No")) | U15: =IF($A15="","",IF(AND($B15<>"",COUNTIF('1. Plot & Site Log'!$A$5:$A$64,$B15)=0),"Plot ID not in Plot & Site Log. ","")&IF(NOT(ISNUMBER($Q15)),"No peat sections logged for this core. ","")&IF($T15="No","Core stops short of the reference depth, so its reference-depth stock is an underestimate. Its full-profile stock is still valid. ","")&IF($L15="No","Core did not reach the mineral contact — the full-profile stock is a MINIMUM, not the whole store. ","")&IF(AND(ISNUMBER($K15),$K15<PEATLAND_MIN_DEPTH_CM),"Organic depth under "&PEATLAND_MIN_DEPTH_CM&" cm: by the guide's definition this is not peatland. Report it, but say so. ","")&IF(AND(ISNUMBER($J15),$J15<QC_RECOVERY_MIN),"Recovered only "&TEXT($J15,"0%")&" of the bore depth — the chamber probably did not fill completely. Material is missing, which is not the same as compaction. ","")&IF(AND(ISNUMBER($J15),$J15>1.05),"Recovered more than the bore depth — check the two measurements. ","")&IF(AND(ISNUMBER($I15),$I15>2),"Surface compaction of "&$I15&" cm: depths in this core sit shallower than in the ground, so depth-limited stock is biased. Full-profile stock is unaffected. ",""))
J16: =IF(OR($G16="",$H16="",$G16=0),"",$H16/$G16) | Q16: =IF($A16="","",IF(SUMPRODUCT(MAX(('3. Peat Data'!$B$5:$B$604=$A16)*'3. Peat Data'!$F$5:$F$604))=0,"",SUMPRODUCT(MAX(('3. Peat Data'!$B$5:$B$604=$A16)*'3. Peat Data'!$F$5:$F$604)))) | R16: =IF($A16="","",IFERROR(SUMIFS('3. Peat Data'!$P$5:$P$604,'3. Peat Data'!$B$5:$B$604,$A16),"")) | S16: =IF($A16="","",IFERROR(SUMIFS('3. Peat Data'!$Q$5:$Q$604,'3. Peat Data'!$B$5:$B$604,$A16),"")) | T16: =IF(NOT(ISNUMBER($Q16)),"",IF($Q16>=REFERENCE_DEPTH_CM,"Yes","No")) | U16: =IF($A16="","",IF(AND($B16<>"",COUNTIF('1. Plot & Site Log'!$A$5:$A$64,$B16)=0),"Plot ID not in Plot & Site Log. ","")&IF(NOT(ISNUMBER($Q16)),"No peat sections logged for this core. ","")&IF($T16="No","Core stops short of the reference depth, so its reference-depth stock is an underestimate. Its full-profile stock is still valid. ","")&IF($L16="No","Core did not reach the mineral contact — the full-profile stock is a MINIMUM, not the whole store. ","")&IF(AND(ISNUMBER($K16),$K16<PEATLAND_MIN_DEPTH_CM),"Organic depth under "&PEATLAND_MIN_DEPTH_CM&" cm: by the guide's definition this is not peatland. Report it, but say so. ","")&IF(AND(ISNUMBER($J16),$J16<QC_RECOVERY_MIN),"Recovered only "&TEXT($J16,"0%")&" of the bore depth — the chamber probably did not fill completely. Material is missing, which is not the same as compaction. ","")&IF(AND(ISNUMBER($J16),$J16>1.05),"Recovered more than the bore depth — check the two measurements. ","")&IF(AND(ISNUMBER($I16),$I16>2),"Surface compaction of "&$I16&" cm: depths in this core sit shallower than in the ground, so depth-limited stock is biased. Full-profile stock is unaffected. ",""))
... J124: =IF(OR($G124="",$H124="",$G124=0),"",$H124/$G124) | Q124: =IF($A124="","",IF(SUMPRODUCT(MAX(('3. Peat Data'!$B$5:$B$604=$A124)*'3. Peat Data'!$F$5:$F$604))=0,"",SUMPRODUCT(MAX(('3. Peat Data'!$B$5:$B$604=$A124)*'3. Peat Data'!$F$5:$F$604)))) | R124: =IF($A124="","",IFERROR(SUMIFS('3. Peat Data'!$P$5:$P$604,'3. Peat Data'!$B$5:$B$604,$A124),"")) | S124: =IF($A124="","",IFERROR(SUMIFS('3. Peat Data'!$Q$5:$Q$604,'3. Peat Data'!$B$5:$B$604,$A124),"")) | T124: =IF(NOT(ISNUMBER($Q124)),"",IF($Q124>=REFERENCE_DEPTH_CM,"Yes","No")) | U124: =IF($A124="","",IF(AND($B124<>"",COUNTIF('1. Plot & Site Log'!$A$5:$A$64,$B124)=0),"Plot ID not in Plot & Site Log. ","")&IF(NOT(ISNUMBER($Q124)),"No peat sections logged for this core. ","")&IF($T124="No","Core stops short of the reference depth, so its reference-depth stock is an underestimate. Its full-profile stock is still valid. ","")&IF($L124="No","Core did not reach the mineral contact — the full-profile stock is a MINIMUM, not the whole store. ","")&IF(AND(ISNUMBER($K124),$K124<PEATLAND_MIN_DEPTH_CM),"Organic depth under "&PEATLAND_MIN_DEPTH_CM&" cm: by the guide's definition this is not peatland. Report it, but say so. ","")&IF(AND(ISNUMBER($J124),$J124<QC_RECOVERY_MIN),"Recovered only "&TEXT($J124,"0%")&" of the bore depth — the chamber probably did not fill completely. Material is missing, which is not the same as compaction. ","")&IF(AND(ISNUMBER($J124),$J124>1.05),"Recovered more than the bore depth — check the two measurements. ","")&IF(AND(ISNUMBER($I124),$I124>2),"Surface compaction of "&$I124&" cm: depths in this core sit shallower than in the ground, so depth-limited stock is biased. Full-profile stock is unaffected. ",""))

Sheet 3. Peat Data
A1: PEAT DATA
A2: ONE ROW PER SECTION. Depths run continuously down the core, so the bottom of one section is the top of the next — and they continue across drive boundaries (drive 2 starts where drive 1 ended). Enter either LOI₅₅₀ or a measured organic carbon %; if you have both, the measured value wins.
A4: Plot ID | B4: Core ID | C4: Drive # | D4: Section ID | E4: Top depth (cm) | F4: Bottom depth (cm) | G4: Thickness (cm) | H4: von Post | I4: Bulk density basis | J4: Bulk density (g/cm³) | K4: Water content (%) | L4: LOI₅₅₀ (%) | M4: Organic carbon (%) | N4: Carbon % used | O4: Thickness within reference depth (cm) | P4: Stock, full thickness (kg C/m²) | Q4: Stock to reference depth (kg C/m²) | R4: _stock per cm | S4: Cumulative carbon to base (kg C/m²) | T4: QC flags | U4: Notes
G5: =IF(OR($E5="",$F5=""),"",$F5-$E5) | N5: =IF($M5<>"",$M5,IF($L5<>"",$L5*CARBON_FRACTION_OM,"")) | O5: =IF(OR($E5="",$F5=""),"",MAX(0,MIN($F5,REFERENCE_DEPTH_CM)-MIN($E5,REFERENCE_DEPTH_CM))) | P5: =IF(OR($J5="",$N5="",$G5=""),"",$J5*($N5/100)*$G5*10) | Q5: =IF(OR($J5="",$N5="",$O5=""),"",$J5*($N5/100)*$O5*10) | R5: =IF(OR(NOT(ISNUMBER($P5)),NOT(ISNUMBER($G5)),$G5=0),0,$P5/$G5) | S5: =IF(OR($B5="",NOT(ISNUMBER($F5))),"",SUMIFS('3. Peat Data'!$P$5:$P$604,'3. Peat Data'!$B$5:$B$604,$B5,'3. Peat Data'!$F$5:$F$604,"<="&$F5)) | T5: =IF(AND($A5="",$B5="",$E5=""),"",IF(AND($B5<>"",COUNTIF('2. Core Log'!$A$5:$A$124,$B5)=0),"Core ID not in Core Log. ","")&IF(AND($A5<>"",COUNTIF('1. Plot & Site Log'!$A$5:$A$64,$A5)=0),"Plot ID not in Plot & Site Log. ","")&IF(AND(ISNUMBER($E5),ISNUMBER($F5),$F5<=$E5),"Bottom depth is not below top depth. ","")&IF($I5="","Say which bulk-density basis the lab reported. ","")&IF(AND(ISNUMBER($J5),OR($J5<QC_BD_MIN,$J5>QC_BD_MAX)),"Bulk density outside "&QC_BD_MIN&"–"&QC_BD_MAX&" g/cm³ for peat. Above the top of that range usually means the mineral contact has been passed. ","")&IF(AND(ISNUMBER($N5),$N5>QC_CARBON_PCT_MAX),"Carbon above "&QC_CARBON_PCT_MAX&"% — check units; this may be organic matter rather than carbon. ","")&IF(AND($L5<>"",$M5<>""),"Both LOI and measured carbon given — the measured value is used. ","")&IF(AND($M5="",$L5<>"",OM_FACTOR_IS_LOCAL<>"Yes"),"Carbon derived from LOI using the default factor of "&CARBON_FRACTION_OM&", which has not been calibrated locally. See R1. Reference. ","")&IF(AND(ISNUMBER($O5),$O5=0,ISNUMBER($E5)),"Section lies entirely below the reference depth — it counts to the full-profile stock only. ",""))
G6: =IF(OR($E6="",$F6=""),"",$F6-$E6) | N6: =IF($M6<>"",$M6,IF($L6<>"",$L6*CARBON_FRACTION_OM,"")) | O6: =IF(OR($E6="",$F6=""),"",MAX(0,MIN($F6,REFERENCE_DEPTH_CM)-MIN($E6,REFERENCE_DEPTH_CM))) | P6: =IF(OR($J6="",$N6="",$G6=""),"",$J6*($N6/100)*$G6*10) | Q6: =IF(OR($J6="",$N6="",$O6=""),"",$J6*($N6/100)*$O6*10) | R6: =IF(OR(NOT(ISNUMBER($P6)),NOT(ISNUMBER($G6)),$G6=0),0,$P6/$G6) | S6: =IF(OR($B6="",NOT(ISNUMBER($F6))),"",SUMIFS('3. Peat Data'!$P$5:$P$604,'3. Peat Data'!$B$5:$B$604,$B6,'3. Peat Data'!$F$5:$F$604,"<="&$F6)) | T6: =IF(AND($A6="",$B6="",$E6=""),"",IF(AND($B6<>"",COUNTIF('2. Core Log'!$A$5:$A$124,$B6)=0),"Core ID not in Core Log. ","")&IF(AND($A6<>"",COUNTIF('1. Plot & Site Log'!$A$5:$A$64,$A6)=0),"Plot ID not in Plot & Site Log. ","")&IF(AND(ISNUMBER($E6),ISNUMBER($F6),$F6<=$E6),"Bottom depth is not below top depth. ","")&IF($I6="","Say which bulk-density basis the lab reported. ","")&IF(AND(ISNUMBER($J6),OR($J6<QC_BD_MIN,$J6>QC_BD_MAX)),"Bulk density outside "&QC_BD_MIN&"–"&QC_BD_MAX&" g/cm³ for peat. Above the top of that range usually means the mineral contact has been passed. ","")&IF(AND(ISNUMBER($N6),$N6>QC_CARBON_PCT_MAX),"Carbon above "&QC_CARBON_PCT_MAX&"% — check units; this may be organic matter rather than carbon. ","")&IF(AND($L6<>"",$M6<>""),"Both LOI and measured carbon given — the measured value is used. ","")&IF(AND($M6="",$L6<>"",OM_FACTOR_IS_LOCAL<>"Yes"),"Carbon derived from LOI using the default factor of "&CARBON_FRACTION_OM&", which has not been calibrated locally. See R1. Reference. ","")&IF(AND(ISNUMBER($O6),$O6=0,ISNUMBER($E6)),"Section lies entirely below the reference depth — it counts to the full-profile stock only. ",""))
G7: =IF(OR($E7="",$F7=""),"",$F7-$E7) | N7: =IF($M7<>"",$M7,IF($L7<>"",$L7*CARBON_FRACTION_OM,"")) | O7: =IF(OR($E7="",$F7=""),"",MAX(0,MIN($F7,REFERENCE_DEPTH_CM)-MIN($E7,REFERENCE_DEPTH_CM))) | P7: =IF(OR($J7="",$N7="",$G7=""),"",$J7*($N7/100)*$G7*10) | Q7: =IF(OR($J7="",$N7="",$O7=""),"",$J7*($N7/100)*$O7*10) | R7: =IF(OR(NOT(ISNUMBER($P7)),NOT(ISNUMBER($G7)),$G7=0),0,$P7/$G7) | S7: =IF(OR($B7="",NOT(ISNUMBER($F7))),"",SUMIFS('3. Peat Data'!$P$5:$P$604,'3. Peat Data'!$B$5:$B$604,$B7,'3. Peat Data'!$F$5:$F$604,"<="&$F7)) | T7: =IF(AND($A7="",$B7="",$E7=""),"",IF(AND($B7<>"",COUNTIF('2. Core Log'!$A$5:$A$124,$B7)=0),"Core ID not in Core Log. ","")&IF(AND($A7<>"",COUNTIF('1. Plot & Site Log'!$A$5:$A$64,$A7)=0),"Plot ID not in Plot & Site Log. ","")&IF(AND(ISNUMBER($E7),ISNUMBER($F7),$F7<=$E7),"Bottom depth is not below top depth. ","")&IF($I7="","Say which bulk-density basis the lab reported. ","")&IF(AND(ISNUMBER($J7),OR($J7<QC_BD_MIN,$J7>QC_BD_MAX)),"Bulk density outside "&QC_BD_MIN&"–"&QC_BD_MAX&" g/cm³ for peat. Above the top of that range usually means the mineral contact has been passed. ","")&IF(AND(ISNUMBER($N7),$N7>QC_CARBON_PCT_MAX),"Carbon above "&QC_CARBON_PCT_MAX&"% — check units; this may be organic matter rather than carbon. ","")&IF(AND($L7<>"",$M7<>""),"Both LOI and measured carbon given — the measured value is used. ","")&IF(AND($M7="",$L7<>"",OM_FACTOR_IS_LOCAL<>"Yes"),"Carbon derived from LOI using the default factor of "&CARBON_FRACTION_OM&", which has not been calibrated locally. See R1. Reference. ","")&IF(AND(ISNUMBER($O7),$O7=0,ISNUMBER($E7)),"Section lies entirely below the reference depth — it counts to the full-profile stock only. ",""))
G8: =IF(OR($E8="",$F8=""),"",$F8-$E8) | N8: =IF($M8<>"",$M8,IF($L8<>"",$L8*CARBON_FRACTION_OM,"")) | O8: =IF(OR($E8="",$F8=""),"",MAX(0,MIN($F8,REFERENCE_DEPTH_CM)-MIN($E8,REFERENCE_DEPTH_CM))) | P8: =IF(OR($J8="",$N8="",$G8=""),"",$J8*($N8/100)*$G8*10) | Q8: =IF(OR($J8="",$N8="",$O8=""),"",$J8*($N8/100)*$O8*10) | R8: =IF(OR(NOT(ISNUMBER($P8)),NOT(ISNUMBER($G8)),$G8=0),0,$P8/$G8) | S8: =IF(OR($B8="",NOT(ISNUMBER($F8))),"",SUMIFS('3. Peat Data'!$P$5:$P$604,'3. Peat Data'!$B$5:$B$604,$B8,'3. Peat Data'!$F$5:$F$604,"<="&$F8)) | T8: =IF(AND($A8="",$B8="",$E8=""),"",IF(AND($B8<>"",COUNTIF('2. Core Log'!$A$5:$A$124,$B8)=0),"Core ID not in Core Log. ","")&IF(AND($A8<>"",COUNTIF('1. Plot & Site Log'!$A$5:$A$64,$A8)=0),"Plot ID not in Plot & Site Log. ","")&IF(AND(ISNUMBER($E8),ISNUMBER($F8),$F8<=$E8),"Bottom depth is not below top depth. ","")&IF($I8="","Say which bulk-density basis the lab reported. ","")&IF(AND(ISNUMBER($J8),OR($J8<QC_BD_MIN,$J8>QC_BD_MAX)),"Bulk density outside "&QC_BD_MIN&"–"&QC_BD_MAX&" g/cm³ for peat. Above the top of that range usually means the mineral contact has been passed. ","")&IF(AND(ISNUMBER($N8),$N8>QC_CARBON_PCT_MAX),"Carbon above "&QC_CARBON_PCT_MAX&"% — check units; this may be organic matter rather than carbon. ","")&IF(AND($L8<>"",$M8<>""),"Both LOI and measured carbon given — the measured value is used. ","")&IF(AND($M8="",$L8<>"",OM_FACTOR_IS_LOCAL<>"Yes"),"Carbon derived from LOI using the default factor of "&CARBON_FRACTION_OM&", which has not been calibrated locally. See R1. Reference. ","")&IF(AND(ISNUMBER($O8),$O8=0,ISNUMBER($E8)),"Section lies entirely below the reference depth — it counts to the full-profile stock only. ",""))
G9: =IF(OR($E9="",$F9=""),"",$F9-$E9) | N9: =IF($M9<>"",$M9,IF($L9<>"",$L9*CARBON_FRACTION_OM,"")) | O9: =IF(OR($E9="",$F9=""),"",MAX(0,MIN($F9,REFERENCE_DEPTH_CM)-MIN($E9,REFERENCE_DEPTH_CM))) | P9: =IF(OR($J9="",$N9="",$G9=""),"",$J9*($N9/100)*$G9*10) | Q9: =IF(OR($J9="",$N9="",$O9=""),"",$J9*($N9/100)*$O9*10) | R9: =IF(OR(NOT(ISNUMBER($P9)),NOT(ISNUMBER($G9)),$G9=0),0,$P9/$G9) | S9: =IF(OR($B9="",NOT(ISNUMBER($F9))),"",SUMIFS('3. Peat Data'!$P$5:$P$604,'3. Peat Data'!$B$5:$B$604,$B9,'3. Peat Data'!$F$5:$F$604,"<="&$F9)) | T9: =IF(AND($A9="",$B9="",$E9=""),"",IF(AND($B9<>"",COUNTIF('2. Core Log'!$A$5:$A$124,$B9)=0),"Core ID not in Core Log. ","")&IF(AND($A9<>"",COUNTIF('1. Plot & Site Log'!$A$5:$A$64,$A9)=0),"Plot ID not in Plot & Site Log. ","")&IF(AND(ISNUMBER($E9),ISNUMBER($F9),$F9<=$E9),"Bottom depth is not below top depth. ","")&IF($I9="","Say which bulk-density basis the lab reported. ","")&IF(AND(ISNUMBER($J9),OR($J9<QC_BD_MIN,$J9>QC_BD_MAX)),"Bulk density outside "&QC_BD_MIN&"–"&QC_BD_MAX&" g/cm³ for peat. Above the top of that range usually means the mineral contact has been passed. ","")&IF(AND(ISNUMBER($N9),$N9>QC_CARBON_PCT_MAX),"Carbon above "&QC_CARBON_PCT_MAX&"% — check units; this may be organic matter rather than carbon. ","")&IF(AND($L9<>"",$M9<>""),"Both LOI and measured carbon given — the measured value is used. ","")&IF(AND($M9="",$L9<>"",OM_FACTOR_IS_LOCAL<>"Yes"),"Carbon derived from LOI using the default factor of "&CARBON_FRACTION_OM&", which has not been calibrated locally. See R1. Reference. ","")&IF(AND(ISNUMBER($O9),$O9=0,ISNUMBER($E9)),"Section lies entirely below the reference depth — it counts to the full-profile stock only. ",""))
G10: =IF(OR($E10="",$F10=""),"",$F10-$E10) | N10: =IF($M10<>"",$M10,IF($L10<>"",$L10*CARBON_FRACTION_OM,"")) | O10: =IF(OR($E10="",$F10=""),"",MAX(0,MIN($F10,REFERENCE_DEPTH_CM)-MIN($E10,REFERENCE_DEPTH_CM))) | P10: =IF(OR($J10="",$N10="",$G10=""),"",$J10*($N10/100)*$G10*10) | Q10: =IF(OR($J10="",$N10="",$O10=""),"",$J10*($N10/100)*$O10*10) | R10: =IF(OR(NOT(ISNUMBER($P10)),NOT(ISNUMBER($G10)),$G10=0),0,$P10/$G10) | S10: =IF(OR($B10="",NOT(ISNUMBER($F10))),"",SUMIFS('3. Peat Data'!$P$5:$P$604,'3. Peat Data'!$B$5:$B$604,$B10,'3. Peat Data'!$F$5:$F$604,"<="&$F10)) | T10: =IF(AND($A10="",$B10="",$E10=""),"",IF(AND($B10<>"",COUNTIF('2. Core Log'!$A$5:$A$124,$B10)=0),"Core ID not in Core Log. ","")&IF(AND($A10<>"",COUNTIF('1. Plot & Site Log'!$A$5:$A$64,$A10)=0),"Plot ID not in Plot & Site Log. ","")&IF(AND(ISNUMBER($E10),ISNUMBER($F10),$F10<=$E10),"Bottom depth is not below top depth. ","")&IF($I10="","Say which bulk-density basis the lab reported. ","")&IF(AND(ISNUMBER($J10),OR($J10<QC_BD_MIN,$J10>QC_BD_MAX)),"Bulk density outside "&QC_BD_MIN&"–"&QC_BD_MAX&" g/cm³ for peat. Above the top of that range usually means the mineral contact has been passed. ","")&IF(AND(ISNUMBER($N10),$N10>QC_CARBON_PCT_MAX),"Carbon above "&QC_CARBON_PCT_MAX&"% — check units; this may be organic matter rather than carbon. ","")&IF(AND($L10<>"",$M10<>""),"Both LOI and measured carbon given — the measured value is used. ","")&IF(AND($M10="",$L10<>"",OM_FACTOR_IS_LOCAL<>"Yes"),"Carbon derived from LOI using the default factor of "&CARBON_FRACTION_OM&", which has not been calibrated locally. See R1. Reference. ","")&IF(AND(ISNUMBER($O10),$O10=0,ISNUMBER($E10)),"Section lies entirely below the reference depth — it counts to the full-profile stock only. ",""))
G11: =IF(OR($E11="",$F11=""),"",$F11-$E11) | N11: =IF($M11<>"",$M11,IF($L11<>"",$L11*CARBON_FRACTION_OM,"")) | O11: =IF(OR($E11="",$F11=""),"",MAX(0,MIN($F11,REFERENCE_DEPTH_CM)-MIN($E11,REFERENCE_DEPTH_CM))) | P11: =IF(OR($J11="",$N11="",$G11=""),"",$J11*($N11/100)*$G11*10) | Q11: =IF(OR($J11="",$N11="",$O11=""),"",$J11*($N11/100)*$O11*10) | R11: =IF(OR(NOT(ISNUMBER($P11)),NOT(ISNUMBER($G11)),$G11=0),0,$P11/$G11) | S11: =IF(OR($B11="",NOT(ISNUMBER($F11))),"",SUMIFS('3. Peat Data'!$P$5:$P$604,'3. Peat Data'!$B$5:$B$604,$B11,'3. Peat Data'!$F$5:$F$604,"<="&$F11)) | T11: =IF(AND($A11="",$B11="",$E11=""),"",IF(AND($B11<>"",COUNTIF('2. Core Log'!$A$5:$A$124,$B11)=0),"Core ID not in Core Log. ","")&IF(AND($A11<>"",COUNTIF('1. Plot & Site Log'!$A$5:$A$64,$A11)=0),"Plot ID not in Plot & Site Log. ","")&IF(AND(ISNUMBER($E11),ISNUMBER($F11),$F11<=$E11),"Bottom depth is not below top depth. ","")&IF($I11="","Say which bulk-density basis the lab reported. ","")&IF(AND(ISNUMBER($J11),OR($J11<QC_BD_MIN,$J11>QC_BD_MAX)),"Bulk density outside "&QC_BD_MIN&"–"&QC_BD_MAX&" g/cm³ for peat. Above the top of that range usually means the mineral contact has been passed. ","")&IF(AND(ISNUMBER($N11),$N11>QC_CARBON_PCT_MAX),"Carbon above "&QC_CARBON_PCT_MAX&"% — check units; this may be organic matter rather than carbon. ","")&IF(AND($L11<>"",$M11<>""),"Both LOI and measured carbon given — the measured value is used. ","")&IF(AND($M11="",$L11<>"",OM_FACTOR_IS_LOCAL<>"Yes"),"Carbon derived from LOI using the default factor of "&CARBON_FRACTION_OM&", which has not been calibrated locally. See R1. Reference. ","")&IF(AND(ISNUMBER($O11),$O11=0,ISNUMBER($E11)),"Section lies entirely below the reference depth — it counts to the full-profile stock only. ",""))
G12: =IF(OR($E12="",$F12=""),"",$F12-$E12) | N12: =IF($M12<>"",$M12,IF($L12<>"",$L12*CARBON_FRACTION_OM,"")) | O12: =IF(OR($E12="",$F12=""),"",MAX(0,MIN($F12,REFERENCE_DEPTH_CM)-MIN($E12,REFERENCE_DEPTH_CM))) | P12: =IF(OR($J12="",$N12="",$G12=""),"",$J12*($N12/100)*$G12*10) | Q12: =IF(OR($J12="",$N12="",$O12=""),"",$J12*($N12/100)*$O12*10) | R12: =IF(OR(NOT(ISNUMBER($P12)),NOT(ISNUMBER($G12)),$G12=0),0,$P12/$G12) | S12: =IF(OR($B12="",NOT(ISNUMBER($F12))),"",SUMIFS('3. Peat Data'!$P$5:$P$604,'3. Peat Data'!$B$5:$B$604,$B12,'3. Peat Data'!$F$5:$F$604,"<="&$F12)) | T12: =IF(AND($A12="",$B12="",$E12=""),"",IF(AND($B12<>"",COUNTIF('2. Core Log'!$A$5:$A$124,$B12)=0),"Core ID not in Core Log. ","")&IF(AND($A12<>"",COUNTIF('1. Plot & Site Log'!$A$5:$A$64,$A12)=0),"Plot ID not in Plot & Site Log. ","")&IF(AND(ISNUMBER($E12),ISNUMBER($F12),$F12<=$E12),"Bottom depth is not below top depth. ","")&IF($I12="","Say which bulk-density basis the lab reported. ","")&IF(AND(ISNUMBER($J12),OR($J12<QC_BD_MIN,$J12>QC_BD_MAX)),"Bulk density outside "&QC_BD_MIN&"–"&QC_BD_MAX&" g/cm³ for peat. Above the top of that range usually means the mineral contact has been passed. ","")&IF(AND(ISNUMBER($N12),$N12>QC_CARBON_PCT_MAX),"Carbon above "&QC_CARBON_PCT_MAX&"% — check units; this may be organic matter rather than carbon. ","")&IF(AND($L12<>"",$M12<>""),"Both LOI and measured carbon given — the measured value is used. ","")&IF(AND($M12="",$L12<>"",OM_FACTOR_IS_LOCAL<>"Yes"),"Carbon derived from LOI using the default factor of "&CARBON_FRACTION_OM&", which has not been calibrated locally. See R1. Reference. ","")&IF(AND(ISNUMBER($O12),$O12=0,ISNUMBER($E12)),"Section lies entirely below the reference depth — it counts to the full-profile stock only. ",""))
G13: =IF(OR($E13="",$F13=""),"",$F13-$E13) | N13: =IF($M13<>"",$M13,IF($L13<>"",$L13*CARBON_FRACTION_OM,"")) | O13: =IF(OR($E13="",$F13=""),"",MAX(0,MIN($F13,REFERENCE_DEPTH_CM)-MIN($E13,REFERENCE_DEPTH_CM))) | P13: =IF(OR($J13="",$N13="",$G13=""),"",$J13*($N13/100)*$G13*10) | Q13: =IF(OR($J13="",$N13="",$O13=""),"",$J13*($N13/100)*$O13*10) | R13: =IF(OR(NOT(ISNUMBER($P13)),NOT(ISNUMBER($G13)),$G13=0),0,$P13/$G13) | S13: =IF(OR($B13="",NOT(ISNUMBER($F13))),"",SUMIFS('3. Peat Data'!$P$5:$P$604,'3. Peat Data'!$B$5:$B$604,$B13,'3. Peat Data'!$F$5:$F$604,"<="&$F13)) | T13: =IF(AND($A13="",$B13="",$E13=""),"",IF(AND($B13<>"",COUNTIF('2. Core Log'!$A$5:$A$124,$B13)=0),"Core ID not in Core Log. ","")&IF(AND($A13<>"",COUNTIF('1. Plot & Site Log'!$A$5:$A$64,$A13)=0),"Plot ID not in Plot & Site Log. ","")&IF(AND(ISNUMBER($E13),ISNUMBER($F13),$F13<=$E13),"Bottom depth is not below top depth. ","")&IF($I13="","Say which bulk-density basis the lab reported. ","")&IF(AND(ISNUMBER($J13),OR($J13<QC_BD_MIN,$J13>QC_BD_MAX)),"Bulk density outside "&QC_BD_MIN&"–"&QC_BD_MAX&" g/cm³ for peat. Above the top of that range usually means the mineral contact has been passed. ","")&IF(AND(ISNUMBER($N13),$N13>QC_CARBON_PCT_MAX),"Carbon above "&QC_CARBON_PCT_MAX&"% — check units; this may be organic matter rather than carbon. ","")&IF(AND($L13<>"",$M13<>""),"Both LOI and measured carbon given — the measured value is used. ","")&IF(AND($M13="",$L13<>"",OM_FACTOR_IS_LOCAL<>"Yes"),"Carbon derived from LOI using the default factor of "&CARBON_FRACTION_OM&", which has not been calibrated locally. See R1. Reference. ","")&IF(AND(ISNUMBER($O13),$O13=0,ISNUMBER($E13)),"Section lies entirely below the reference depth — it counts to the full-profile stock only. ",""))
G14: =IF(OR($E14="",$F14=""),"",$F14-$E14) | N14: =IF($M14<>"",$M14,IF($L14<>"",$L14*CARBON_FRACTION_OM,"")) | O14: =IF(OR($E14="",$F14=""),"",MAX(0,MIN($F14,REFERENCE_DEPTH_CM)-MIN($E14,REFERENCE_DEPTH_CM))) | P14: =IF(OR($J14="",$N14="",$G14=""),"",$J14*($N14/100)*$G14*10) | Q14: =IF(OR($J14="",$N14="",$O14=""),"",$J14*($N14/100)*$O14*10) | R14: =IF(OR(NOT(ISNUMBER($P14)),NOT(ISNUMBER($G14)),$G14=0),0,$P14/$G14) | S14: =IF(OR($B14="",NOT(ISNUMBER($F14))),"",SUMIFS('3. Peat Data'!$P$5:$P$604,'3. Peat Data'!$B$5:$B$604,$B14,'3. Peat Data'!$F$5:$F$604,"<="&$F14)) | T14: =IF(AND($A14="",$B14="",$E14=""),"",IF(AND($B14<>"",COUNTIF('2. Core Log'!$A$5:$A$124,$B14)=0),"Core ID not in Core Log. ","")&IF(AND($A14<>"",COUNTIF('1. Plot & Site Log'!$A$5:$A$64,$A14)=0),"Plot ID not in Plot & Site Log. ","")&IF(AND(ISNUMBER($E14),ISNUMBER($F14),$F14<=$E14),"Bottom depth is not below top depth. ","")&IF($I14="","Say which bulk-density basis the lab reported. ","")&IF(AND(ISNUMBER($J14),OR($J14<QC_BD_MIN,$J14>QC_BD_MAX)),"Bulk density outside "&QC_BD_MIN&"–"&QC_BD_MAX&" g/cm³ for peat. Above the top of that range usually means the mineral contact has been passed. ","")&IF(AND(ISNUMBER($N14),$N14>QC_CARBON_PCT_MAX),"Carbon above "&QC_CARBON_PCT_MAX&"% — check units; this may be organic matter rather than carbon. ","")&IF(AND($L14<>"",$M14<>""),"Both LOI and measured carbon given — the measured value is used. ","")&IF(AND($M14="",$L14<>"",OM_FACTOR_IS_LOCAL<>"Yes"),"Carbon derived from LOI using the default factor of "&CARBON_FRACTION_OM&", which has not been calibrated locally. See R1. Reference. ","")&IF(AND(ISNUMBER($O14),$O14=0,ISNUMBER($E14)),"Section lies entirely below the reference depth — it counts to the full-profile stock only. ",""))
G15: =IF(OR($E15="",$F15=""),"",$F15-$E15) | N15: =IF($M15<>"",$M15,IF($L15<>"",$L15*CARBON_FRACTION_OM,"")) | O15: =IF(OR($E15="",$F15=""),"",MAX(0,MIN($F15,REFERENCE_DEPTH_CM)-MIN($E15,REFERENCE_DEPTH_CM))) | P15: =IF(OR($J15="",$N15="",$G15=""),"",$J15*($N15/100)*$G15*10) | Q15: =IF(OR($J15="",$N15="",$O15=""),"",$J15*($N15/100)*$O15*10) | R15: =IF(OR(NOT(ISNUMBER($P15)),NOT(ISNUMBER($G15)),$G15=0),0,$P15/$G15) | S15: =IF(OR($B15="",NOT(ISNUMBER($F15))),"",SUMIFS('3. Peat Data'!$P$5:$P$604,'3. Peat Data'!$B$5:$B$604,$B15,'3. Peat Data'!$F$5:$F$604,"<="&$F15)) | T15: =IF(AND($A15="",$B15="",$E15=""),"",IF(AND($B15<>"",COUNTIF('2. Core Log'!$A$5:$A$124,$B15)=0),"Core ID not in Core Log. ","")&IF(AND($A15<>"",COUNTIF('1. Plot & Site Log'!$A$5:$A$64,$A15)=0),"Plot ID not in Plot & Site Log. ","")&IF(AND(ISNUMBER($E15),ISNUMBER($F15),$F15<=$E15),"Bottom depth is not below top depth. ","")&IF($I15="","Say which bulk-density basis the lab reported. ","")&IF(AND(ISNUMBER($J15),OR($J15<QC_BD_MIN,$J15>QC_BD_MAX)),"Bulk density outside "&QC_BD_MIN&"–"&QC_BD_MAX&" g/cm³ for peat. Above the top of that range usually means the mineral contact has been passed. ","")&IF(AND(ISNUMBER($N15),$N15>QC_CARBON_PCT_MAX),"Carbon above "&QC_CARBON_PCT_MAX&"% — check units; this may be organic matter rather than carbon. ","")&IF(AND($L15<>"",$M15<>""),"Both LOI and measured carbon given — the measured value is used. ","")&IF(AND($M15="",$L15<>"",OM_FACTOR_IS_LOCAL<>"Yes"),"Carbon derived from LOI using the default factor of "&CARBON_FRACTION_OM&", which has not been calibrated locally. See R1. Reference. ","")&IF(AND(ISNUMBER($O15),$O15=0,ISNUMBER($E15)),"Section lies entirely below the reference depth — it counts to the full-profile stock only. ",""))
G16: =IF(OR($E16="",$F16=""),"",$F16-$E16) | N16: =IF($M16<>"",$M16,IF($L16<>"",$L16*CARBON_FRACTION_OM,"")) | O16: =IF(OR($E16="",$F16=""),"",MAX(0,MIN($F16,REFERENCE_DEPTH_CM)-MIN($E16,REFERENCE_DEPTH_CM))) | P16: =IF(OR($J16="",$N16="",$G16=""),"",$J16*($N16/100)*$G16*10) | Q16: =IF(OR($J16="",$N16="",$O16=""),"",$J16*($N16/100)*$O16*10) | R16: =IF(OR(NOT(ISNUMBER($P16)),NOT(ISNUMBER($G16)),$G16=0),0,$P16/$G16) | S16: =IF(OR($B16="",NOT(ISNUMBER($F16))),"",SUMIFS('3. Peat Data'!$P$5:$P$604,'3. Peat Data'!$B$5:$B$604,$B16,'3. Peat Data'!$F$5:$F$604,"<="&$F16)) | T16: =IF(AND($A16="",$B16="",$E16=""),"",IF(AND($B16<>"",COUNTIF('2. Core Log'!$A$5:$A$124,$B16)=0),"Core ID not in Core Log. ","")&IF(AND($A16<>"",COUNTIF('1. Plot & Site Log'!$A$5:$A$64,$A16)=0),"Plot ID not in Plot & Site Log. ","")&IF(AND(ISNUMBER($E16),ISNUMBER($F16),$F16<=$E16),"Bottom depth is not below top depth. ","")&IF($I16="","Say which bulk-density basis the lab reported. ","")&IF(AND(ISNUMBER($J16),OR($J16<QC_BD_MIN,$J16>QC_BD_MAX)),"Bulk density outside "&QC_BD_MIN&"–"&QC_BD_MAX&" g/cm³ for peat. Above the top of that range usually means the mineral contact has been passed. ","")&IF(AND(ISNUMBER($N16),$N16>QC_CARBON_PCT_MAX),"Carbon above "&QC_CARBON_PCT_MAX&"% — check units; this may be organic matter rather than carbon. ","")&IF(AND($L16<>"",$M16<>""),"Both LOI and measured carbon given — the measured value is used. ","")&IF(AND($M16="",$L16<>"",OM_FACTOR_IS_LOCAL<>"Yes"),"Carbon derived from LOI using the default factor of "&CARBON_FRACTION_OM&", which has not been calibrated locally. See R1. Reference. ","")&IF(AND(ISNUMBER($O16),$O16=0,ISNUMBER($E16)),"Section lies entirely below the reference depth — it counts to the full-profile stock only. ",""))
... G604: =IF(OR($E604="",$F604=""),"",$F604-$E604) | N604: =IF($M604<>"",$M604,IF($L604<>"",$L604*CARBON_FRACTION_OM,"")) | O604: =IF(OR($E604="",$F604=""),"",MAX(0,MIN($F604,REFERENCE_DEPTH_CM)-MIN($E604,REFERENCE_DEPTH_CM))) | P604: =IF(OR($J604="",$N604="",$G604=""),"",$J604*($N604/100)*$G604*10) | Q604: =IF(OR($J604="",$N604="",$O604=""),"",$J604*($N604/100)*$O604*10) | R604: =IF(OR(NOT(ISNUMBER($P604)),NOT(ISNUMBER($G604)),$G604=0),0,$P604/$G604) | S604: =IF(OR($B604="",NOT(ISNUMBER($F604))),"",SUMIFS('3. Peat Data'!$P$5:$P$604,'3. Peat Data'!$B$5:$B$604,$B604,'3. Peat Data'!$F$5:$F$604,"<="&$F604)) | T604: =IF(AND($A604="",$B604="",$E604=""),"",IF(AND($B604<>"",COUNTIF('2. Core Log'!$A$5:$A$124,$B604)=0),"Core ID not in Core Log. ","")&IF(AND($A604<>"",COUNTIF('1. Plot & Site Log'!$A$5:$A$64,$A604)=0),"Plot ID not in Plot & Site Log. ","")&IF(AND(ISNUMBER($E604),ISNUMBER($F604),$F604<=$E604),"Bottom depth is not below top depth. ","")&IF($I604="","Say which bulk-density basis the lab reported. ","")&IF(AND(ISNUMBER($J604),OR($J604<QC_BD_MIN,$J604>QC_BD_MAX)),"Bulk density outside "&QC_BD_MIN&"–"&QC_BD_MAX&" g/cm³ for peat. Above the top of that range usually means the mineral contact has been passed. ","")&IF(AND(ISNUMBER($N604),$N604>QC_CARBON_PCT_MAX),"Carbon above "&QC_CARBON_PCT_MAX&"% — check units; this may be organic matter rather than carbon. ","")&IF(AND($L604<>"",$M604<>""),"Both LOI and measured carbon given — the measured value is used. ","")&IF(AND($M604="",$L604<>"",OM_FACTOR_IS_LOCAL<>"Yes"),"Carbon derived from LOI using the default factor of "&CARBON_FRACTION_OM&", which has not been calibrated locally. See R1. Reference. ","")&IF(AND(ISNUMBER($O604),$O604=0,ISNUMBER($E604)),"Section lies entirely below the reference depth — it counts to the full-profile stock only. ",""))

Sheet 4. Chronology
A1: CHRONOLOGY
A2: OPTIONAL — only if the core has been dated. ONE ROW PER DATED HORIZON. Age is in years BEFORE THE CORING YEAR, not years BP (which is referenced to 1950). The age-depth modelling itself happens in R — see Part 5 — and what you type here are its outputs. Carbon comes from the peat sheet, so nothing is entered twice.
A4: Core ID | B4: Depth (cm) | C4: Age (yr before coring) | D4: Age ± (yr) | E4: Date source | F4: Cumulative carbon at depth (kg C/m²) | G4: Interval SAR (cm/yr) | H4: Interval CAR (g C/m²/yr) | I4: QC flags | J4: _recent | K4: _prevdepth
F5: =IF(OR($A5="",NOT(ISNUMBER($B5))),"",SUMIFS('3. Peat Data'!$P$5:$P$604,'3. Peat Data'!$B$5:$B$604,$A5,'3. Peat Data'!$F$5:$F$604,"<="&$B5)+SUMPRODUCT(('3. Peat Data'!$B$5:$B$604=$A5)*('3. Peat Data'!$E$5:$E$604<$B5)*('3. Peat Data'!$F$5:$F$604>$B5)*'3. Peat Data'!$R$5:$R$604*($B5-'3. Peat Data'!$E$5:$E$604))) | G5: =IF(OR($A5="",NOT(ISNUMBER($B5)),NOT(ISNUMBER($C5))),"",IFERROR(($B5-$K5)/($C5-IF($K5=0,0,SUMIFS('4. Chronology'!$C$5:$C$204,'4. Chronology'!$A$5:$A$204,$A5,'4. Chronology'!$B$5:$B$204,$K5))),"")) | H5: =IF(OR($A5="",NOT(ISNUMBER($F5)),NOT(ISNUMBER($C5))),"",IFERROR((($F5-IF($K5=0,0,SUMIFS('4. Chronology'!$F$5:$F$204,'4. Chronology'!$A$5:$A$204,$A5,'4. Chronology'!$B$5:$B$204,$K5)))*1000)/($C5-IF($K5=0,0,SUMIFS('4. Chronology'!$C$5:$C$204,'4. Chronology'!$A$5:$A$204,$A5,'4. Chronology'!$B$5:$B$204,$K5))),"")) | I5: =IF($A5="","",IF(COUNTIF('2. Core Log'!$A$5:$A$124,$A5)=0,"Core ID not in Core Log. ","")&IF($E5="","No date source given — RERCA and LORCA need to know which method produced this age. ","")&IF(AND(ISNUMBER($C5),$C5<0),"Negative age: this horizon post-dates the coring year. Check the conversion. ","")&IF(AND(ISNUMBER($G5),$G5<0),"Age reversal — this horizon is younger than one above it. A mixed or disturbed profile may not be datable at all. ","")&IF(AND(ISNUMBER($D5),ISNUMBER($C5),$C5>0,$D5/$C5>0.5),"Age uncertainty exceeds 50% of the age. Usable as an indication only. ","")&IF(AND($D5="",$C5<>""),"No uncertainty given. Every radiometric age has one; a rate without it cannot be defended. ","")) | J5: =IF($E5="",0,IF(OR(LEFT($E5,6)="Pb-210",LEFT($E5,6)="Cs-137"),1,0)) | K5: =IF(OR($A5="",NOT(ISNUMBER($B5))),"",SUMPRODUCT(MAX(('4. Chronology'!$A$5:$A$204=$A5)*('4. Chronology'!$B$5:$B$204<$B5)*'4. Chronology'!$B$5:$B$204)))
F6: =IF(OR($A6="",NOT(ISNUMBER($B6))),"",SUMIFS('3. Peat Data'!$P$5:$P$604,'3. Peat Data'!$B$5:$B$604,$A6,'3. Peat Data'!$F$5:$F$604,"<="&$B6)+SUMPRODUCT(('3. Peat Data'!$B$5:$B$604=$A6)*('3. Peat Data'!$E$5:$E$604<$B6)*('3. Peat Data'!$F$5:$F$604>$B6)*'3. Peat Data'!$R$5:$R$604*($B6-'3. Peat Data'!$E$5:$E$604))) | G6: =IF(OR($A6="",NOT(ISNUMBER($B6)),NOT(ISNUMBER($C6))),"",IFERROR(($B6-$K6)/($C6-IF($K6=0,0,SUMIFS('4. Chronology'!$C$5:$C$204,'4. Chronology'!$A$5:$A$204,$A6,'4. Chronology'!$B$5:$B$204,$K6))),"")) | H6: =IF(OR($A6="",NOT(ISNUMBER($F6)),NOT(ISNUMBER($C6))),"",IFERROR((($F6-IF($K6=0,0,SUMIFS('4. Chronology'!$F$5:$F$204,'4. Chronology'!$A$5:$A$204,$A6,'4. Chronology'!$B$5:$B$204,$K6)))*1000)/($C6-IF($K6=0,0,SUMIFS('4. Chronology'!$C$5:$C$204,'4. Chronology'!$A$5:$A$204,$A6,'4. Chronology'!$B$5:$B$204,$K6))),"")) | I6: =IF($A6="","",IF(COUNTIF('2. Core Log'!$A$5:$A$124,$A6)=0,"Core ID not in Core Log. ","")&IF($E6="","No date source given — RERCA and LORCA need to know which method produced this age. ","")&IF(AND(ISNUMBER($C6),$C6<0),"Negative age: this horizon post-dates the coring year. Check the conversion. ","")&IF(AND(ISNUMBER($G6),$G6<0),"Age reversal — this horizon is younger than one above it. A mixed or disturbed profile may not be datable at all. ","")&IF(AND(ISNUMBER($D6),ISNUMBER($C6),$C6>0,$D6/$C6>0.5),"Age uncertainty exceeds 50% of the age. Usable as an indication only. ","")&IF(AND($D6="",$C6<>""),"No uncertainty given. Every radiometric age has one; a rate without it cannot be defended. ","")) | J6: =IF($E6="",0,IF(OR(LEFT($E6,6)="Pb-210",LEFT($E6,6)="Cs-137"),1,0)) | K6: =IF(OR($A6="",NOT(ISNUMBER($B6))),"",SUMPRODUCT(MAX(('4. Chronology'!$A$5:$A$204=$A6)*('4. Chronology'!$B$5:$B$204<$B6)*'4. Chronology'!$B$5:$B$204)))
F7: =IF(OR($A7="",NOT(ISNUMBER($B7))),"",SUMIFS('3. Peat Data'!$P$5:$P$604,'3. Peat Data'!$B$5:$B$604,$A7,'3. Peat Data'!$F$5:$F$604,"<="&$B7)+SUMPRODUCT(('3. Peat Data'!$B$5:$B$604=$A7)*('3. Peat Data'!$E$5:$E$604<$B7)*('3. Peat Data'!$F$5:$F$604>$B7)*'3. Peat Data'!$R$5:$R$604*($B7-'3. Peat Data'!$E$5:$E$604))) | G7: =IF(OR($A7="",NOT(ISNUMBER($B7)),NOT(ISNUMBER($C7))),"",IFERROR(($B7-$K7)/($C7-IF($K7=0,0,SUMIFS('4. Chronology'!$C$5:$C$204,'4. Chronology'!$A$5:$A$204,$A7,'4. Chronology'!$B$5:$B$204,$K7))),"")) | H7: =IF(OR($A7="",NOT(ISNUMBER($F7)),NOT(ISNUMBER($C7))),"",IFERROR((($F7-IF($K7=0,0,SUMIFS('4. Chronology'!$F$5:$F$204,'4. Chronology'!$A$5:$A$204,$A7,'4. Chronology'!$B$5:$B$204,$K7)))*1000)/($C7-IF($K7=0,0,SUMIFS('4. Chronology'!$C$5:$C$204,'4. Chronology'!$A$5:$A$204,$A7,'4. Chronology'!$B$5:$B$204,$K7))),"")) | I7: =IF($A7="","",IF(COUNTIF('2. Core Log'!$A$5:$A$124,$A7)=0,"Core ID not in Core Log. ","")&IF($E7="","No date source given — RERCA and LORCA need to know which method produced this age. ","")&IF(AND(ISNUMBER($C7),$C7<0),"Negative age: this horizon post-dates the coring year. Check the conversion. ","")&IF(AND(ISNUMBER($G7),$G7<0),"Age reversal — this horizon is younger than one above it. A mixed or disturbed profile may not be datable at all. ","")&IF(AND(ISNUMBER($D7),ISNUMBER($C7),$C7>0,$D7/$C7>0.5),"Age uncertainty exceeds 50% of the age. Usable as an indication only. ","")&IF(AND($D7="",$C7<>""),"No uncertainty given. Every radiometric age has one; a rate without it cannot be defended. ","")) | J7: =IF($E7="",0,IF(OR(LEFT($E7,6)="Pb-210",LEFT($E7,6)="Cs-137"),1,0)) | K7: =IF(OR($A7="",NOT(ISNUMBER($B7))),"",SUMPRODUCT(MAX(('4. Chronology'!$A$5:$A$204=$A7)*('4. Chronology'!$B$5:$B$204<$B7)*'4. Chronology'!$B$5:$B$204)))
F8: =IF(OR($A8="",NOT(ISNUMBER($B8))),"",SUMIFS('3. Peat Data'!$P$5:$P$604,'3. Peat Data'!$B$5:$B$604,$A8,'3. Peat Data'!$F$5:$F$604,"<="&$B8)+SUMPRODUCT(('3. Peat Data'!$B$5:$B$604=$A8)*('3. Peat Data'!$E$5:$E$604<$B8)*('3. Peat Data'!$F$5:$F$604>$B8)*'3. Peat Data'!$R$5:$R$604*($B8-'3. Peat Data'!$E$5:$E$604))) | G8: =IF(OR($A8="",NOT(ISNUMBER($B8)),NOT(ISNUMBER($C8))),"",IFERROR(($B8-$K8)/($C8-IF($K8=0,0,SUMIFS('4. Chronology'!$C$5:$C$204,'4. Chronology'!$A$5:$A$204,$A8,'4. Chronology'!$B$5:$B$204,$K8))),"")) | H8: =IF(OR($A8="",NOT(ISNUMBER($F8)),NOT(ISNUMBER($C8))),"",IFERROR((($F8-IF($K8=0,0,SUMIFS('4. Chronology'!$F$5:$F$204,'4. Chronology'!$A$5:$A$204,$A8,'4. Chronology'!$B$5:$B$204,$K8)))*1000)/($C8-IF($K8=0,0,SUMIFS('4. Chronology'!$C$5:$C$204,'4. Chronology'!$A$5:$A$204,$A8,'4. Chronology'!$B$5:$B$204,$K8))),"")) | I8: =IF($A8="","",IF(COUNTIF('2. Core Log'!$A$5:$A$124,$A8)=0,"Core ID not in Core Log. ","")&IF($E8="","No date source given — RERCA and LORCA need to know which method produced this age. ","")&IF(AND(ISNUMBER($C8),$C8<0),"Negative age: this horizon post-dates the coring year. Check the conversion. ","")&IF(AND(ISNUMBER($G8),$G8<0),"Age reversal — this horizon is younger than one above it. A mixed or disturbed profile may not be datable at all. ","")&IF(AND(ISNUMBER($D8),ISNUMBER($C8),$C8>0,$D8/$C8>0.5),"Age uncertainty exceeds 50% of the age. Usable as an indication only. ","")&IF(AND($D8="",$C8<>""),"No uncertainty given. Every radiometric age has one; a rate without it cannot be defended. ","")) | J8: =IF($E8="",0,IF(OR(LEFT($E8,6)="Pb-210",LEFT($E8,6)="Cs-137"),1,0)) | K8: =IF(OR($A8="",NOT(ISNUMBER($B8))),"",SUMPRODUCT(MAX(('4. Chronology'!$A$5:$A$204=$A8)*('4. Chronology'!$B$5:$B$204<$B8)*'4. Chronology'!$B$5:$B$204)))
F9: =IF(OR($A9="",NOT(ISNUMBER($B9))),"",SUMIFS('3. Peat Data'!$P$5:$P$604,'3. Peat Data'!$B$5:$B$604,$A9,'3. Peat Data'!$F$5:$F$604,"<="&$B9)+SUMPRODUCT(('3. Peat Data'!$B$5:$B$604=$A9)*('3. Peat Data'!$E$5:$E$604<$B9)*('3. Peat Data'!$F$5:$F$604>$B9)*'3. Peat Data'!$R$5:$R$604*($B9-'3. Peat Data'!$E$5:$E$604))) | G9: =IF(OR($A9="",NOT(ISNUMBER($B9)),NOT(ISNUMBER($C9))),"",IFERROR(($B9-$K9)/($C9-IF($K9=0,0,SUMIFS('4. Chronology'!$C$5:$C$204,'4. Chronology'!$A$5:$A$204,$A9,'4. Chronology'!$B$5:$B$204,$K9))),"")) | H9: =IF(OR($A9="",NOT(ISNUMBER($F9)),NOT(ISNUMBER($C9))),"",IFERROR((($F9-IF($K9=0,0,SUMIFS('4. Chronology'!$F$5:$F$204,'4. Chronology'!$A$5:$A$204,$A9,'4. Chronology'!$B$5:$B$204,$K9)))*1000)/($C9-IF($K9=0,0,SUMIFS('4. Chronology'!$C$5:$C$204,'4. Chronology'!$A$5:$A$204,$A9,'4. Chronology'!$B$5:$B$204,$K9))),"")) | I9: =IF($A9="","",IF(COUNTIF('2. Core Log'!$A$5:$A$124,$A9)=0,"Core ID not in Core Log. ","")&IF($E9="","No date source given — RERCA and LORCA need to know which method produced this age. ","")&IF(AND(ISNUMBER($C9),$C9<0),"Negative age: this horizon post-dates the coring year. Check the conversion. ","")&IF(AND(ISNUMBER($G9),$G9<0),"Age reversal — this horizon is younger than one above it. A mixed or disturbed profile may not be datable at all. ","")&IF(AND(ISNUMBER($D9),ISNUMBER($C9),$C9>0,$D9/$C9>0.5),"Age uncertainty exceeds 50% of the age. Usable as an indication only. ","")&IF(AND($D9="",$C9<>""),"No uncertainty given. Every radiometric age has one; a rate without it cannot be defended. ","")) | J9: =IF($E9="",0,IF(OR(LEFT($E9,6)="Pb-210",LEFT($E9,6)="Cs-137"),1,0)) | K9: =IF(OR($A9="",NOT(ISNUMBER($B9))),"",SUMPRODUCT(MAX(('4. Chronology'!$A$5:$A$204=$A9)*('4. Chronology'!$B$5:$B$204<$B9)*'4. Chronology'!$B$5:$B$204)))
F10: =IF(OR($A10="",NOT(ISNUMBER($B10))),"",SUMIFS('3. Peat Data'!$P$5:$P$604,'3. Peat Data'!$B$5:$B$604,$A10,'3. Peat Data'!$F$5:$F$604,"<="&$B10)+SUMPRODUCT(('3. Peat Data'!$B$5:$B$604=$A10)*('3. Peat Data'!$E$5:$E$604<$B10)*('3. Peat Data'!$F$5:$F$604>$B10)*'3. Peat Data'!$R$5:$R$604*($B10-'3. Peat Data'!$E$5:$E$604))) | G10: =IF(OR($A10="",NOT(ISNUMBER($B10)),NOT(ISNUMBER($C10))),"",IFERROR(($B10-$K10)/($C10-IF($K10=0,0,SUMIFS('4. Chronology'!$C$5:$C$204,'4. Chronology'!$A$5:$A$204,$A10,'4. Chronology'!$B$5:$B$204,$K10))),"")) | H10: =IF(OR($A10="",NOT(ISNUMBER($F10)),NOT(ISNUMBER($C10))),"",IFERROR((($F10-IF($K10=0,0,SUMIFS('4. Chronology'!$F$5:$F$204,'4. Chronology'!$A$5:$A$204,$A10,'4. Chronology'!$B$5:$B$204,$K10)))*1000)/($C10-IF($K10=0,0,SUMIFS('4. Chronology'!$C$5:$C$204,'4. Chronology'!$A$5:$A$204,$A10,'4. Chronology'!$B$5:$B$204,$K10))),"")) | I10: =IF($A10="","",IF(COUNTIF('2. Core Log'!$A$5:$A$124,$A10)=0,"Core ID not in Core Log. ","")&IF($E10="","No date source given — RERCA and LORCA need to know which method produced this age. ","")&IF(AND(ISNUMBER($C10),$C10<0),"Negative age: this horizon post-dates the coring year. Check the conversion. ","")&IF(AND(ISNUMBER($G10),$G10<0),"Age reversal — this horizon is younger than one above it. A mixed or disturbed profile may not be datable at all. ","")&IF(AND(ISNUMBER($D10),ISNUMBER($C10),$C10>0,$D10/$C10>0.5),"Age uncertainty exceeds 50% of the age. Usable as an indication only. ","")&IF(AND($D10="",$C10<>""),"No uncertainty given. Every radiometric age has one; a rate without it cannot be defended. ","")) | J10: =IF($E10="",0,IF(OR(LEFT($E10,6)="Pb-210",LEFT($E10,6)="Cs-137"),1,0)) | K10: =IF(OR($A10="",NOT(ISNUMBER($B10))),"",SUMPRODUCT(MAX(('4. Chronology'!$A$5:$A$204=$A10)*('4. Chronology'!$B$5:$B$204<$B10)*'4. Chronology'!$B$5:$B$204)))
F11: =IF(OR($A11="",NOT(ISNUMBER($B11))),"",SUMIFS('3. Peat Data'!$P$5:$P$604,'3. Peat Data'!$B$5:$B$604,$A11,'3. Peat Data'!$F$5:$F$604,"<="&$B11)+SUMPRODUCT(('3. Peat Data'!$B$5:$B$604=$A11)*('3. Peat Data'!$E$5:$E$604<$B11)*('3. Peat Data'!$F$5:$F$604>$B11)*'3. Peat Data'!$R$5:$R$604*($B11-'3. Peat Data'!$E$5:$E$604))) | G11: =IF(OR($A11="",NOT(ISNUMBER($B11)),NOT(ISNUMBER($C11))),"",IFERROR(($B11-$K11)/($C11-IF($K11=0,0,SUMIFS('4. Chronology'!$C$5:$C$204,'4. Chronology'!$A$5:$A$204,$A11,'4. Chronology'!$B$5:$B$204,$K11))),"")) | H11: =IF(OR($A11="",NOT(ISNUMBER($F11)),NOT(ISNUMBER($C11))),"",IFERROR((($F11-IF($K11=0,0,SUMIFS('4. Chronology'!$F$5:$F$204,'4. Chronology'!$A$5:$A$204,$A11,'4. Chronology'!$B$5:$B$204,$K11)))*1000)/($C11-IF($K11=0,0,SUMIFS('4. Chronology'!$C$5:$C$204,'4. Chronology'!$A$5:$A$204,$A11,'4. Chronology'!$B$5:$B$204,$K11))),"")) | I11: =IF($A11="","",IF(COUNTIF('2. Core Log'!$A$5:$A$124,$A11)=0,"Core ID not in Core Log. ","")&IF($E11="","No date source given — RERCA and LORCA need to know which method produced this age. ","")&IF(AND(ISNUMBER($C11),$C11<0),"Negative age: this horizon post-dates the coring year. Check the conversion. ","")&IF(AND(ISNUMBER($G11),$G11<0),"Age reversal — this horizon is younger than one above it. A mixed or disturbed profile may not be datable at all. ","")&IF(AND(ISNUMBER($D11),ISNUMBER($C11),$C11>0,$D11/$C11>0.5),"Age uncertainty exceeds 50% of the age. Usable as an indication only. ","")&IF(AND($D11="",$C11<>""),"No uncertainty given. Every radiometric age has one; a rate without it cannot be defended. ","")) | J11: =IF($E11="",0,IF(OR(LEFT($E11,6)="Pb-210",LEFT($E11,6)="Cs-137"),1,0)) | K11: =IF(OR($A11="",NOT(ISNUMBER($B11))),"",SUMPRODUCT(MAX(('4. Chronology'!$A$5:$A$204=$A11)*('4. Chronology'!$B$5:$B$204<$B11)*'4. Chronology'!$B$5:$B$204)))
F12: =IF(OR($A12="",NOT(ISNUMBER($B12))),"",SUMIFS('3. Peat Data'!$P$5:$P$604,'3. Peat Data'!$B$5:$B$604,$A12,'3. Peat Data'!$F$5:$F$604,"<="&$B12)+SUMPRODUCT(('3. Peat Data'!$B$5:$B$604=$A12)*('3. Peat Data'!$E$5:$E$604<$B12)*('3. Peat Data'!$F$5:$F$604>$B12)*'3. Peat Data'!$R$5:$R$604*($B12-'3. Peat Data'!$E$5:$E$604))) | G12: =IF(OR($A12="",NOT(ISNUMBER($B12)),NOT(ISNUMBER($C12))),"",IFERROR(($B12-$K12)/($C12-IF($K12=0,0,SUMIFS('4. Chronology'!$C$5:$C$204,'4. Chronology'!$A$5:$A$204,$A12,'4. Chronology'!$B$5:$B$204,$K12))),"")) | H12: =IF(OR($A12="",NOT(ISNUMBER($F12)),NOT(ISNUMBER($C12))),"",IFERROR((($F12-IF($K12=0,0,SUMIFS('4. Chronology'!$F$5:$F$204,'4. Chronology'!$A$5:$A$204,$A12,'4. Chronology'!$B$5:$B$204,$K12)))*1000)/($C12-IF($K12=0,0,SUMIFS('4. Chronology'!$C$5:$C$204,'4. Chronology'!$A$5:$A$204,$A12,'4. Chronology'!$B$5:$B$204,$K12))),"")) | I12: =IF($A12="","",IF(COUNTIF('2. Core Log'!$A$5:$A$124,$A12)=0,"Core ID not in Core Log. ","")&IF($E12="","No date source given — RERCA and LORCA need to know which method produced this age. ","")&IF(AND(ISNUMBER($C12),$C12<0),"Negative age: this horizon post-dates the coring year. Check the conversion. ","")&IF(AND(ISNUMBER($G12),$G12<0),"Age reversal — this horizon is younger than one above it. A mixed or disturbed profile may not be datable at all. ","")&IF(AND(ISNUMBER($D12),ISNUMBER($C12),$C12>0,$D12/$C12>0.5),"Age uncertainty exceeds 50% of the age. Usable as an indication only. ","")&IF(AND($D12="",$C12<>""),"No uncertainty given. Every radiometric age has one; a rate without it cannot be defended. ","")) | J12: =IF($E12="",0,IF(OR(LEFT($E12,6)="Pb-210",LEFT($E12,6)="Cs-137"),1,0)) | K12: =IF(OR($A12="",NOT(ISNUMBER($B12))),"",SUMPRODUCT(MAX(('4. Chronology'!$A$5:$A$204=$A12)*('4. Chronology'!$B$5:$B$204<$B12)*'4. Chronology'!$B$5:$B$204)))
F13: =IF(OR($A13="",NOT(ISNUMBER($B13))),"",SUMIFS('3. Peat Data'!$P$5:$P$604,'3. Peat Data'!$B$5:$B$604,$A13,'3. Peat Data'!$F$5:$F$604,"<="&$B13)+SUMPRODUCT(('3. Peat Data'!$B$5:$B$604=$A13)*('3. Peat Data'!$E$5:$E$604<$B13)*('3. Peat Data'!$F$5:$F$604>$B13)*'3. Peat Data'!$R$5:$R$604*($B13-'3. Peat Data'!$E$5:$E$604))) | G13: =IF(OR($A13="",NOT(ISNUMBER($B13)),NOT(ISNUMBER($C13))),"",IFERROR(($B13-$K13)/($C13-IF($K13=0,0,SUMIFS('4. Chronology'!$C$5:$C$204,'4. Chronology'!$A$5:$A$204,$A13,'4. Chronology'!$B$5:$B$204,$K13))),"")) | H13: =IF(OR($A13="",NOT(ISNUMBER($F13)),NOT(ISNUMBER($C13))),"",IFERROR((($F13-IF($K13=0,0,SUMIFS('4. Chronology'!$F$5:$F$204,'4. Chronology'!$A$5:$A$204,$A13,'4. Chronology'!$B$5:$B$204,$K13)))*1000)/($C13-IF($K13=0,0,SUMIFS('4. Chronology'!$C$5:$C$204,'4. Chronology'!$A$5:$A$204,$A13,'4. Chronology'!$B$5:$B$204,$K13))),"")) | I13: =IF($A13="","",IF(COUNTIF('2. Core Log'!$A$5:$A$124,$A13)=0,"Core ID not in Core Log. ","")&IF($E13="","No date source given — RERCA and LORCA need to know which method produced this age. ","")&IF(AND(ISNUMBER($C13),$C13<0),"Negative age: this horizon post-dates the coring year. Check the conversion. ","")&IF(AND(ISNUMBER($G13),$G13<0),"Age reversal — this horizon is younger than one above it. A mixed or disturbed profile may not be datable at all. ","")&IF(AND(ISNUMBER($D13),ISNUMBER($C13),$C13>0,$D13/$C13>0.5),"Age uncertainty exceeds 50% of the age. Usable as an indication only. ","")&IF(AND($D13="",$C13<>""),"No uncertainty given. Every radiometric age has one; a rate without it cannot be defended. ","")) | J13: =IF($E13="",0,IF(OR(LEFT($E13,6)="Pb-210",LEFT($E13,6)="Cs-137"),1,0)) | K13: =IF(OR($A13="",NOT(ISNUMBER($B13))),"",SUMPRODUCT(MAX(('4. Chronology'!$A$5:$A$204=$A13)*('4. Chronology'!$B$5:$B$204<$B13)*'4. Chronology'!$B$5:$B$204)))
F14: =IF(OR($A14="",NOT(ISNUMBER($B14))),"",SUMIFS('3. Peat Data'!$P$5:$P$604,'3. Peat Data'!$B$5:$B$604,$A14,'3. Peat Data'!$F$5:$F$604,"<="&$B14)+SUMPRODUCT(('3. Peat Data'!$B$5:$B$604=$A14)*('3. Peat Data'!$E$5:$E$604<$B14)*('3. Peat Data'!$F$5:$F$604>$B14)*'3. Peat Data'!$R$5:$R$604*($B14-'3. Peat Data'!$E$5:$E$604))) | G14: =IF(OR($A14="",NOT(ISNUMBER($B14)),NOT(ISNUMBER($C14))),"",IFERROR(($B14-$K14)/($C14-IF($K14=0,0,SUMIFS('4. Chronology'!$C$5:$C$204,'4. Chronology'!$A$5:$A$204,$A14,'4. Chronology'!$B$5:$B$204,$K14))),"")) | H14: =IF(OR($A14="",NOT(ISNUMBER($F14)),NOT(ISNUMBER($C14))),"",IFERROR((($F14-IF($K14=0,0,SUMIFS('4. Chronology'!$F$5:$F$204,'4. Chronology'!$A$5:$A$204,$A14,'4. Chronology'!$B$5:$B$204,$K14)))*1000)/($C14-IF($K14=0,0,SUMIFS('4. Chronology'!$C$5:$C$204,'4. Chronology'!$A$5:$A$204,$A14,'4. Chronology'!$B$5:$B$204,$K14))),"")) | I14: =IF($A14="","",IF(COUNTIF('2. Core Log'!$A$5:$A$124,$A14)=0,"Core ID not in Core Log. ","")&IF($E14="","No date source given — RERCA and LORCA need to know which method produced this age. ","")&IF(AND(ISNUMBER($C14),$C14<0),"Negative age: this horizon post-dates the coring year. Check the conversion. ","")&IF(AND(ISNUMBER($G14),$G14<0),"Age reversal — this horizon is younger than one above it. A mixed or disturbed profile may not be datable at all. ","")&IF(AND(ISNUMBER($D14),ISNUMBER($C14),$C14>0,$D14/$C14>0.5),"Age uncertainty exceeds 50% of the age. Usable as an indication only. ","")&IF(AND($D14="",$C14<>""),"No uncertainty given. Every radiometric age has one; a rate without it cannot be defended. ","")) | J14: =IF($E14="",0,IF(OR(LEFT($E14,6)="Pb-210",LEFT($E14,6)="Cs-137"),1,0)) | K14: =IF(OR($A14="",NOT(ISNUMBER($B14))),"",SUMPRODUCT(MAX(('4. Chronology'!$A$5:$A$204=$A14)*('4. Chronology'!$B$5:$B$204<$B14)*'4. Chronology'!$B$5:$B$204)))
F15: =IF(OR($A15="",NOT(ISNUMBER($B15))),"",SUMIFS('3. Peat Data'!$P$5:$P$604,'3. Peat Data'!$B$5:$B$604,$A15,'3. Peat Data'!$F$5:$F$604,"<="&$B15)+SUMPRODUCT(('3. Peat Data'!$B$5:$B$604=$A15)*('3. Peat Data'!$E$5:$E$604<$B15)*('3. Peat Data'!$F$5:$F$604>$B15)*'3. Peat Data'!$R$5:$R$604*($B15-'3. Peat Data'!$E$5:$E$604))) | G15: =IF(OR($A15="",NOT(ISNUMBER($B15)),NOT(ISNUMBER($C15))),"",IFERROR(($B15-$K15)/($C15-IF($K15=0,0,SUMIFS('4. Chronology'!$C$5:$C$204,'4. Chronology'!$A$5:$A$204,$A15,'4. Chronology'!$B$5:$B$204,$K15))),"")) | H15: =IF(OR($A15="",NOT(ISNUMBER($F15)),NOT(ISNUMBER($C15))),"",IFERROR((($F15-IF($K15=0,0,SUMIFS('4. Chronology'!$F$5:$F$204,'4. Chronology'!$A$5:$A$204,$A15,'4. Chronology'!$B$5:$B$204,$K15)))*1000)/($C15-IF($K15=0,0,SUMIFS('4. Chronology'!$C$5:$C$204,'4. Chronology'!$A$5:$A$204,$A15,'4. Chronology'!$B$5:$B$204,$K15))),"")) | I15: =IF($A15="","",IF(COUNTIF('2. Core Log'!$A$5:$A$124,$A15)=0,"Core ID not in Core Log. ","")&IF($E15="","No date source given — RERCA and LORCA need to know which method produced this age. ","")&IF(AND(ISNUMBER($C15),$C15<0),"Negative age: this horizon post-dates the coring year. Check the conversion. ","")&IF(AND(ISNUMBER($G15),$G15<0),"Age reversal — this horizon is younger than one above it. A mixed or disturbed profile may not be datable at all. ","")&IF(AND(ISNUMBER($D15),ISNUMBER($C15),$C15>0,$D15/$C15>0.5),"Age uncertainty exceeds 50% of the age. Usable as an indication only. ","")&IF(AND($D15="",$C15<>""),"No uncertainty given. Every radiometric age has one; a rate without it cannot be defended. ","")) | J15: =IF($E15="",0,IF(OR(LEFT($E15,6)="Pb-210",LEFT($E15,6)="Cs-137"),1,0)) | K15: =IF(OR($A15="",NOT(ISNUMBER($B15))),"",SUMPRODUCT(MAX(('4. Chronology'!$A$5:$A$204=$A15)*('4. Chronology'!$B$5:$B$204<$B15)*'4. Chronology'!$B$5:$B$204)))
F16: =IF(OR($A16="",NOT(ISNUMBER($B16))),"",SUMIFS('3. Peat Data'!$P$5:$P$604,'3. Peat Data'!$B$5:$B$604,$A16,'3. Peat Data'!$F$5:$F$604,"<="&$B16)+SUMPRODUCT(('3. Peat Data'!$B$5:$B$604=$A16)*('3. Peat Data'!$E$5:$E$604<$B16)*('3. Peat Data'!$F$5:$F$604>$B16)*'3. Peat Data'!$R$5:$R$604*($B16-'3. Peat Data'!$E$5:$E$604))) | G16: =IF(OR($A16="",NOT(ISNUMBER($B16)),NOT(ISNUMBER($C16))),"",IFERROR(($B16-$K16)/($C16-IF($K16=0,0,SUMIFS('4. Chronology'!$C$5:$C$204,'4. Chronology'!$A$5:$A$204,$A16,'4. Chronology'!$B$5:$B$204,$K16))),"")) | H16: =IF(OR($A16="",NOT(ISNUMBER($F16)),NOT(ISNUMBER($C16))),"",IFERROR((($F16-IF($K16=0,0,SUMIFS('4. Chronology'!$F$5:$F$204,'4. Chronology'!$A$5:$A$204,$A16,'4. Chronology'!$B$5:$B$204,$K16)))*1000)/($C16-IF($K16=0,0,SUMIFS('4. Chronology'!$C$5:$C$204,'4. Chronology'!$A$5:$A$204,$A16,'4. Chronology'!$B$5:$B$204,$K16))),"")) | I16: =IF($A16="","",IF(COUNTIF('2. Core Log'!$A$5:$A$124,$A16)=0,"Core ID not in Core Log. ","")&IF($E16="","No date source given — RERCA and LORCA need to know which method produced this age. ","")&IF(AND(ISNUMBER($C16),$C16<0),"Negative age: this horizon post-dates the coring year. Check the conversion. ","")&IF(AND(ISNUMBER($G16),$G16<0),"Age reversal — this horizon is younger than one above it. A mixed or disturbed profile may not be datable at all. ","")&IF(AND(ISNUMBER($D16),ISNUMBER($C16),$C16>0,$D16/$C16>0.5),"Age uncertainty exceeds 50% of the age. Usable as an indication only. ","")&IF(AND($D16="",$C16<>""),"No uncertainty given. Every radiometric age has one; a rate without it cannot be defended. ","")) | J16: =IF($E16="",0,IF(OR(LEFT($E16,6)="Pb-210",LEFT($E16,6)="Cs-137"),1,0)) | K16: =IF(OR($A16="",NOT(ISNUMBER($B16))),"",SUMPRODUCT(MAX(('4. Chronology'!$A$5:$A$204=$A16)*('4. Chronology'!$B$5:$B$204<$B16)*'4. Chronology'!$B$5:$B$204)))
... F204: =IF(OR($A204="",NOT(ISNUMBER($B204))),"",SUMIFS('3. Peat Data'!$P$5:$P$604,'3. Peat Data'!$B$5:$B$604,$A204,'3. Peat Data'!$F$5:$F$604,"<="&$B204)+SUMPRODUCT(('3. Peat Data'!$B$5:$B$604=$A204)*('3. Peat Data'!$E$5:$E$604<$B204)*('3. Peat Data'!$F$5:$F$604>$B204)*'3. Peat Data'!$R$5:$R$604*($B204-'3. Peat Data'!$E$5:$E$604))) | G204: =IF(OR($A204="",NOT(ISNUMBER($B204)),NOT(ISNUMBER($C204))),"",IFERROR(($B204-$K204)/($C204-IF($K204=0,0,SUMIFS('4. Chronology'!$C$5:$C$204,'4. Chronology'!$A$5:$A$204,$A204,'4. Chronology'!$B$5:$B$204,$K204))),"")) | H204: =IF(OR($A204="",NOT(ISNUMBER($F204)),NOT(ISNUMBER($C204))),"",IFERROR((($F204-IF($K204=0,0,SUMIFS('4. Chronology'!$F$5:$F$204,'4. Chronology'!$A$5:$A$204,$A204,'4. Chronology'!$B$5:$B$204,$K204)))*1000)/($C204-IF($K204=0,0,SUMIFS('4. Chronology'!$C$5:$C$204,'4. Chronology'!$A$5:$A$204,$A204,'4. Chronology'!$B$5:$B$204,$K204))),"")) | I204: =IF($A204="","",IF(COUNTIF('2. Core Log'!$A$5:$A$124,$A204)=0,"Core ID not in Core Log. ","")&IF($E204="","No date source given — RERCA and LORCA need to know which method produced this age. ","")&IF(AND(ISNUMBER($C204),$C204<0),"Negative age: this horizon post-dates the coring year. Check the conversion. ","")&IF(AND(ISNUMBER($G204),$G204<0),"Age reversal — this horizon is younger than one above it. A mixed or disturbed profile may not be datable at all. ","")&IF(AND(ISNUMBER($D204),ISNUMBER($C204),$C204>0,$D204/$C204>0.5),"Age uncertainty exceeds 50% of the age. Usable as an indication only. ","")&IF(AND($D204="",$C204<>""),"No uncertainty given. Every radiometric age has one; a rate without it cannot be defended. ","")) | J204: =IF($E204="",0,IF(OR(LEFT($E204,6)="Pb-210",LEFT($E204,6)="Cs-137"),1,0)) | K204: =IF(OR($A204="",NOT(ISNUMBER($B204))),"",SUMPRODUCT(MAX(('4. Chronology'!$A$5:$A$204=$A204)*('4. Chronology'!$B$5:$B$204<$B204)*'4. Chronology'!$B$5:$B$204)))
A207: ACCUMULATION RATES — one row per core, calculated from the horizons above
A208: LORCA is the whole-profile average: all the carbon in the core divided by the age at its base. RERCA covers only the recent, Pb-210/Cs-137-dated part near the surface. They answer different questions and are not interchangeable — read the flag in the last column before comparing them.
A209: Core ID | B209: Basal age (yr) | C209: Profile carbon (kg C/m²) | D209: LORCA (g C/m²/yr) | E209: Recent horizon depth (cm) | F209: Recent horizon age (yr) | G209: Carbon above it (kg C/m²) | H209: RERCA (g C/m²/yr) | I209: RERCA ÷ LORCA | J209: QC flags | K209: Notes
A210: =IF(INDEX('2. Core Log'!$A$5:$A$124,ROW()-209)="","",INDEX('2. Core Log'!$A$5:$A$124,ROW()-209)) | B210: =IF($A210="","",IF(SUMPRODUCT(('4. Chronology'!$A$5:$A$204=$A210)*'4. Chronology'!$C$5:$C$204)=0,"",SUMPRODUCT(MAX(('4. Chronology'!$A$5:$A$204=$A210)*'4. Chronology'!$C$5:$C$204)))) | C210: =IF($A210="","",IFERROR(INDEX('2. Core Log'!$R$5:$R$124,MATCH($A210,'2. Core Log'!$A$5:$A$124,0)),"")) | D210: =IF(OR(NOT(ISNUMBER($B210)),NOT(ISNUMBER($C210)),$B210=0),"",$C210*1000/$B210) | E210: =IF($A210="","",IF(SUMPRODUCT(('4. Chronology'!$A$5:$A$204=$A210)*'4. Chronology'!$J$5:$J$204*'4. Chronology'!$B$5:$B$204)=0,"",SUMPRODUCT(MAX(('4. Chronology'!$A$5:$A$204=$A210)*'4. Chronology'!$J$5:$J$204*'4. Chronology'!$B$5:$B$204)))) | F210: =IF(NOT(ISNUMBER($E210)),"",SUMIFS('4. Chronology'!$C$5:$C$204,'4. Chronology'!$A$5:$A$204,$A210,'4. Chronology'!$B$5:$B$204,$E210)) | G210: =IF(NOT(ISNUMBER($E210)),"",SUMIFS('4. Chronology'!$F$5:$F$204,'4. Chronology'!$A$5:$A$204,$A210,'4. Chronology'!$B$5:$B$204,$E210)) | H210: =IF(OR(NOT(ISNUMBER($F210)),NOT(ISNUMBER($G210)),$F210=0),"",$G210*1000/$F210) | I210: =IF(OR(NOT(ISNUMBER($H210)),NOT(ISNUMBER($D210)),$D210=0),"",$H210/$D210) | J210: =IF($A210="","",IF(NOT(ISNUMBER($B210)),"No dated horizons for this core — LORCA cannot be calculated. ","")&IF(AND(ISNUMBER($B210),NOT(ISNUMBER($E210))),"No Pb-210 or Cs-137 horizon — RERCA cannot be calculated. ","")&IF(IFERROR(INDEX('2. Core Log'!$L$5:$L$124,MATCH($A210,'2. Core Log'!$A$5:$A$124,0)),"")="No","Core did not reach the mineral contact, so LORCA is based on a partial profile and is a MINIMUM. ","")&IF(AND(ISNUMBER($I210),$I210>1.2),"RERCA is "&TEXT($I210,"0.0")&"x LORCA. This is EXPECTED, not a finding: near-surface peat has not finished decomposing, so recent rates always look higher. Do not report it as accelerating sequestration. ","")&IF(AND(ISNUMBER($D210),OR($D210<LORCA_MIN,$D210>LORCA_MAX)),"LORCA outside the published range of "&LORCA_MIN&"-"&LORCA_MAX&" g C/m2/yr — check the basal age and the profile carbon. ",""))
A211: =IF(INDEX('2. Core Log'!$A$5:$A$124,ROW()-209)="","",INDEX('2. Core Log'!$A$5:$A$124,ROW()-209)) | B211: =IF($A211="","",IF(SUMPRODUCT(('4. Chronology'!$A$5:$A$204=$A211)*'4. Chronology'!$C$5:$C$204)=0,"",SUMPRODUCT(MAX(('4. Chronology'!$A$5:$A$204=$A211)*'4. Chronology'!$C$5:$C$204)))) | C211: =IF($A211="","",IFERROR(INDEX('2. Core Log'!$R$5:$R$124,MATCH($A211,'2. Core Log'!$A$5:$A$124,0)),"")) | D211: =IF(OR(NOT(ISNUMBER($B211)),NOT(ISNUMBER($C211)),$B211=0),"",$C211*1000/$B211) | E211: =IF($A211="","",IF(SUMPRODUCT(('4. Chronology'!$A$5:$A$204=$A211)*'4. Chronology'!$J$5:$J$204*'4. Chronology'!$B$5:$B$204)=0,"",SUMPRODUCT(MAX(('4. Chronology'!$A$5:$A$204=$A211)*'4. Chronology'!$J$5:$J$204*'4. Chronology'!$B$5:$B$204)))) | F211: =IF(NOT(ISNUMBER($E211)),"",SUMIFS('4. Chronology'!$C$5:$C$204,'4. Chronology'!$A$5:$A$204,$A211,'4. Chronology'!$B$5:$B$204,$E211)) | G211: =IF(NOT(ISNUMBER($E211)),"",SUMIFS('4. Chronology'!$F$5:$F$204,'4. Chronology'!$A$5:$A$204,$A211,'4. Chronology'!$B$5:$B$204,$E211)) | H211: =IF(OR(NOT(ISNUMBER($F211)),NOT(ISNUMBER($G211)),$F211=0),"",$G211*1000/$F211) | I211: =IF(OR(NOT(ISNUMBER($H211)),NOT(ISNUMBER($D211)),$D211=0),"",$H211/$D211) | J211: =IF($A211="","",IF(NOT(ISNUMBER($B211)),"No dated horizons for this core — LORCA cannot be calculated. ","")&IF(AND(ISNUMBER($B211),NOT(ISNUMBER($E211))),"No Pb-210 or Cs-137 horizon — RERCA cannot be calculated. ","")&IF(IFERROR(INDEX('2. Core Log'!$L$5:$L$124,MATCH($A211,'2. Core Log'!$A$5:$A$124,0)),"")="No","Core did not reach the mineral contact, so LORCA is based on a partial profile and is a MINIMUM. ","")&IF(AND(ISNUMBER($I211),$I211>1.2),"RERCA is "&TEXT($I211,"0.0")&"x LORCA. This is EXPECTED, not a finding: near-surface peat has not finished decomposing, so recent rates always look higher. Do not report it as accelerating sequestration. ","")&IF(AND(ISNUMBER($D211),OR($D211<LORCA_MIN,$D211>LORCA_MAX)),"LORCA outside the published range of "&LORCA_MIN&"-"&LORCA_MAX&" g C/m2/yr — check the basal age and the profile carbon. ",""))
A212: =IF(INDEX('2. Core Log'!$A$5:$A$124,ROW()-209)="","",INDEX('2. Core Log'!$A$5:$A$124,ROW()-209)) | B212: =IF($A212="","",IF(SUMPRODUCT(('4. Chronology'!$A$5:$A$204=$A212)*'4. Chronology'!$C$5:$C$204)=0,"",SUMPRODUCT(MAX(('4. Chronology'!$A$5:$A$204=$A212)*'4. Chronology'!$C$5:$C$204)))) | C212: =IF($A212="","",IFERROR(INDEX('2. Core Log'!$R$5:$R$124,MATCH($A212,'2. Core Log'!$A$5:$A$124,0)),"")) | D212: =IF(OR(NOT(ISNUMBER($B212)),NOT(ISNUMBER($C212)),$B212=0),"",$C212*1000/$B212) | E212: =IF($A212="","",IF(SUMPRODUCT(('4. Chronology'!$A$5:$A$204=$A212)*'4. Chronology'!$J$5:$J$204*'4. Chronology'!$B$5:$B$204)=0,"",SUMPRODUCT(MAX(('4. Chronology'!$A$5:$A$204=$A212)*'4. Chronology'!$J$5:$J$204*'4. Chronology'!$B$5:$B$204)))) | F212: =IF(NOT(ISNUMBER($E212)),"",SUMIFS('4. Chronology'!$C$5:$C$204,'4. Chronology'!$A$5:$A$204,$A212,'4. Chronology'!$B$5:$B$204,$E212)) | G212: =IF(NOT(ISNUMBER($E212)),"",SUMIFS('4. Chronology'!$F$5:$F$204,'4. Chronology'!$A$5:$A$204,$A212,'4. Chronology'!$B$5:$B$204,$E212)) | H212: =IF(OR(NOT(ISNUMBER($F212)),NOT(ISNUMBER($G212)),$F212=0),"",$G212*1000/$F212) | I212: =IF(OR(NOT(ISNUMBER($H212)),NOT(ISNUMBER($D212)),$D212=0),"",$H212/$D212) | J212: =IF($A212="","",IF(NOT(ISNUMBER($B212)),"No dated horizons for this core — LORCA cannot be calculated. ","")&IF(AND(ISNUMBER($B212),NOT(ISNUMBER($E212))),"No Pb-210 or Cs-137 horizon — RERCA cannot be calculated. ","")&IF(IFERROR(INDEX('2. Core Log'!$L$5:$L$124,MATCH($A212,'2. Core Log'!$A$5:$A$124,0)),"")="No","Core did not reach the mineral contact, so LORCA is based on a partial profile and is a MINIMUM. ","")&IF(AND(ISNUMBER($I212),$I212>1.2),"RERCA is "&TEXT($I212,"0.0")&"x LORCA. This is EXPECTED, not a finding: near-surface peat has not finished decomposing, so recent rates always look higher. Do not report it as accelerating sequestration. ","")&IF(AND(ISNUMBER($D212),OR($D212<LORCA_MIN,$D212>LORCA_MAX)),"LORCA outside the published range of "&LORCA_MIN&"-"&LORCA_MAX&" g C/m2/yr — check the basal age and the profile carbon. ",""))
A213: =IF(INDEX('2. Core Log'!$A$5:$A$124,ROW()-209)="","",INDEX('2. Core Log'!$A$5:$A$124,ROW()-209)) | B213: =IF($A213="","",IF(SUMPRODUCT(('4. Chronology'!$A$5:$A$204=$A213)*'4. Chronology'!$C$5:$C$204)=0,"",SUMPRODUCT(MAX(('4. Chronology'!$A$5:$A$204=$A213)*'4. Chronology'!$C$5:$C$204)))) | C213: =IF($A213="","",IFERROR(INDEX('2. Core Log'!$R$5:$R$124,MATCH($A213,'2. Core Log'!$A$5:$A$124,0)),"")) | D213: =IF(OR(NOT(ISNUMBER($B213)),NOT(ISNUMBER($C213)),$B213=0),"",$C213*1000/$B213) | E213: =IF($A213="","",IF(SUMPRODUCT(('4. Chronology'!$A$5:$A$204=$A213)*'4. Chronology'!$J$5:$J$204*'4. Chronology'!$B$5:$B$204)=0,"",SUMPRODUCT(MAX(('4. Chronology'!$A$5:$A$204=$A213)*'4. Chronology'!$J$5:$J$204*'4. Chronology'!$B$5:$B$204)))) | F213: =IF(NOT(ISNUMBER($E213)),"",SUMIFS('4. Chronology'!$C$5:$C$204,'4. Chronology'!$A$5:$A$204,$A213,'4. Chronology'!$B$5:$B$204,$E213)) | G213: =IF(NOT(ISNUMBER($E213)),"",SUMIFS('4. Chronology'!$F$5:$F$204,'4. Chronology'!$A$5:$A$204,$A213,'4. Chronology'!$B$5:$B$204,$E213)) | H213: =IF(OR(NOT(ISNUMBER($F213)),NOT(ISNUMBER($G213)),$F213=0),"",$G213*1000/$F213) | I213: =IF(OR(NOT(ISNUMBER($H213)),NOT(ISNUMBER($D213)),$D213=0),"",$H213/$D213) | J213: =IF($A213="","",IF(NOT(ISNUMBER($B213)),"No dated horizons for this core — LORCA cannot be calculated. ","")&IF(AND(ISNUMBER($B213),NOT(ISNUMBER($E213))),"No Pb-210 or Cs-137 horizon — RERCA cannot be calculated. ","")&IF(IFERROR(INDEX('2. Core Log'!$L$5:$L$124,MATCH($A213,'2. Core Log'!$A$5:$A$124,0)),"")="No","Core did not reach the mineral contact, so LORCA is based on a partial profile and is a MINIMUM. ","")&IF(AND(ISNUMBER($I213),$I213>1.2),"RERCA is "&TEXT($I213,"0.0")&"x LORCA. This is EXPECTED, not a finding: near-surface peat has not finished decomposing, so recent rates always look higher. Do not report it as accelerating sequestration. ","")&IF(AND(ISNUMBER($D213),OR($D213<LORCA_MIN,$D213>LORCA_MAX)),"LORCA outside the published range of "&LORCA_MIN&"-"&LORCA_MAX&" g C/m2/yr — check the basal age and the profile carbon. ",""))
A214: =IF(INDEX('2. Core Log'!$A$5:$A$124,ROW()-209)="","",INDEX('2. Core Log'!$A$5:$A$124,ROW()-209)) | B214: =IF($A214="","",IF(SUMPRODUCT(('4. Chronology'!$A$5:$A$204=$A214)*'4. Chronology'!$C$5:$C$204)=0,"",SUMPRODUCT(MAX(('4. Chronology'!$A$5:$A$204=$A214)*'4. Chronology'!$C$5:$C$204)))) | C214: =IF($A214="","",IFERROR(INDEX('2. Core Log'!$R$5:$R$124,MATCH($A214,'2. Core Log'!$A$5:$A$124,0)),"")) | D214: =IF(OR(NOT(ISNUMBER($B214)),NOT(ISNUMBER($C214)),$B214=0),"",$C214*1000/$B214) | E214: =IF($A214="","",IF(SUMPRODUCT(('4. Chronology'!$A$5:$A$204=$A214)*'4. Chronology'!$J$5:$J$204*'4. Chronology'!$B$5:$B$204)=0,"",SUMPRODUCT(MAX(('4. Chronology'!$A$5:$A$204=$A214)*'4. Chronology'!$J$5:$J$204*'4. Chronology'!$B$5:$B$204)))) | F214: =IF(NOT(ISNUMBER($E214)),"",SUMIFS('4. Chronology'!$C$5:$C$204,'4. Chronology'!$A$5:$A$204,$A214,'4. Chronology'!$B$5:$B$204,$E214)) | G214: =IF(NOT(ISNUMBER($E214)),"",SUMIFS('4. Chronology'!$F$5:$F$204,'4. Chronology'!$A$5:$A$204,$A214,'4. Chronology'!$B$5:$B$204,$E214)) | H214: =IF(OR(NOT(ISNUMBER($F214)),NOT(ISNUMBER($G214)),$F214=0),"",$G214*1000/$F214) | I214: =IF(OR(NOT(ISNUMBER($H214)),NOT(ISNUMBER($D214)),$D214=0),"",$H214/$D214) | J214: =IF($A214="","",IF(NOT(ISNUMBER($B214)),"No dated horizons for this core — LORCA cannot be calculated. ","")&IF(AND(ISNUMBER($B214),NOT(ISNUMBER($E214))),"No Pb-210 or Cs-137 horizon — RERCA cannot be calculated. ","")&IF(IFERROR(INDEX('2. Core Log'!$L$5:$L$124,MATCH($A214,'2. Core Log'!$A$5:$A$124,0)),"")="No","Core did not reach the mineral contact, so LORCA is based on a partial profile and is a MINIMUM. ","")&IF(AND(ISNUMBER($I214),$I214>1.2),"RERCA is "&TEXT($I214,"0.0")&"x LORCA. This is EXPECTED, not a finding: near-surface peat has not finished decomposing, so recent rates always look higher. Do not report it as accelerating sequestration. ","")&IF(AND(ISNUMBER($D214),OR($D214<LORCA_MIN,$D214>LORCA_MAX)),"LORCA outside the published range of "&LORCA_MIN&"-"&LORCA_MAX&" g C/m2/yr — check the basal age and the profile carbon. ",""))
A215: =IF(INDEX('2. Core Log'!$A$5:$A$124,ROW()-209)="","",INDEX('2. Core Log'!$A$5:$A$124,ROW()-209)) | B215: =IF($A215="","",IF(SUMPRODUCT(('4. Chronology'!$A$5:$A$204=$A215)*'4. Chronology'!$C$5:$C$204)=0,"",SUMPRODUCT(MAX(('4. Chronology'!$A$5:$A$204=$A215)*'4. Chronology'!$C$5:$C$204)))) | C215: =IF($A215="","",IFERROR(INDEX('2. Core Log'!$R$5:$R$124,MATCH($A215,'2. Core Log'!$A$5:$A$124,0)),"")) | D215: =IF(OR(NOT(ISNUMBER($B215)),NOT(ISNUMBER($C215)),$B215=0),"",$C215*1000/$B215) | E215: =IF($A215="","",IF(SUMPRODUCT(('4. Chronology'!$A$5:$A$204=$A215)*'4. Chronology'!$J$5:$J$204*'4. Chronology'!$B$5:$B$204)=0,"",SUMPRODUCT(MAX(('4. Chronology'!$A$5:$A$204=$A215)*'4. Chronology'!$J$5:$J$204*'4. Chronology'!$B$5:$B$204)))) | F215: =IF(NOT(ISNUMBER($E215)),"",SUMIFS('4. Chronology'!$C$5:$C$204,'4. Chronology'!$A$5:$A$204,$A215,'4. Chronology'!$B$5:$B$204,$E215)) | G215: =IF(NOT(ISNUMBER($E215)),"",SUMIFS('4. Chronology'!$F$5:$F$204,'4. Chronology'!$A$5:$A$204,$A215,'4. Chronology'!$B$5:$B$204,$E215)) | H215: =IF(OR(NOT(ISNUMBER($F215)),NOT(ISNUMBER($G215)),$F215=0),"",$G215*1000/$F215) | I215: =IF(OR(NOT(ISNUMBER($H215)),NOT(ISNUMBER($D215)),$D215=0),"",$H215/$D215) | J215: =IF($A215="","",IF(NOT(ISNUMBER($B215)),"No dated horizons for this core — LORCA cannot be calculated. ","")&IF(AND(ISNUMBER($B215),NOT(ISNUMBER($E215))),"No Pb-210 or Cs-137 horizon — RERCA cannot be calculated. ","")&IF(IFERROR(INDEX('2. Core Log'!$L$5:$L$124,MATCH($A215,'2. Core Log'!$A$5:$A$124,0)),"")="No","Core did not reach the mineral contact, so LORCA is based on a partial profile and is a MINIMUM. ","")&IF(AND(ISNUMBER($I215),$I215>1.2),"RERCA is "&TEXT($I215,"0.0")&"x LORCA. This is EXPECTED, not a finding: near-surface peat has not finished decomposing, so recent rates always look higher. Do not report it as accelerating sequestration. ","")&IF(AND(ISNUMBER($D215),OR($D215<LORCA_MIN,$D215>LORCA_MAX)),"LORCA outside the published range of "&LORCA_MIN&"-"&LORCA_MAX&" g C/m2/yr — check the basal age and the profile carbon. ",""))
A216: =IF(INDEX('2. Core Log'!$A$5:$A$124,ROW()-209)="","",INDEX('2. Core Log'!$A$5:$A$124,ROW()-209)) | B216: =IF($A216="","",IF(SUMPRODUCT(('4. Chronology'!$A$5:$A$204=$A216)*'4. Chronology'!$C$5:$C$204)=0,"",SUMPRODUCT(MAX(('4. Chronology'!$A$5:$A$204=$A216)*'4. Chronology'!$C$5:$C$204)))) | C216: =IF($A216="","",IFERROR(INDEX('2. Core Log'!$R$5:$R$124,MATCH($A216,'2. Core Log'!$A$5:$A$124,0)),"")) | D216: =IF(OR(NOT(ISNUMBER($B216)),NOT(ISNUMBER($C216)),$B216=0),"",$C216*1000/$B216) | E216: =IF($A216="","",IF(SUMPRODUCT(('4. Chronology'!$A$5:$A$204=$A216)*'4. Chronology'!$J$5:$J$204*'4. Chronology'!$B$5:$B$204)=0,"",SUMPRODUCT(MAX(('4. Chronology'!$A$5:$A$204=$A216)*'4. Chronology'!$J$5:$J$204*'4. Chronology'!$B$5:$B$204)))) | F216: =IF(NOT(ISNUMBER($E216)),"",SUMIFS('4. Chronology'!$C$5:$C$204,'4. Chronology'!$A$5:$A$204,$A216,'4. Chronology'!$B$5:$B$204,$E216)) | G216: =IF(NOT(ISNUMBER($E216)),"",SUMIFS('4. Chronology'!$F$5:$F$204,'4. Chronology'!$A$5:$A$204,$A216,'4. Chronology'!$B$5:$B$204,$E216)) | H216: =IF(OR(NOT(ISNUMBER($F216)),NOT(ISNUMBER($G216)),$F216=0),"",$G216*1000/$F216) | I216: =IF(OR(NOT(ISNUMBER($H216)),NOT(ISNUMBER($D216)),$D216=0),"",$H216/$D216) | J216: =IF($A216="","",IF(NOT(ISNUMBER($B216)),"No dated horizons for this core — LORCA cannot be calculated. ","")&IF(AND(ISNUMBER($B216),NOT(ISNUMBER($E216))),"No Pb-210 or Cs-137 horizon — RERCA cannot be calculated. ","")&IF(IFERROR(INDEX('2. Core Log'!$L$5:$L$124,MATCH($A216,'2. Core Log'!$A$5:$A$124,0)),"")="No","Core did not reach the mineral contact, so LORCA is based on a partial profile and is a MINIMUM. ","")&IF(AND(ISNUMBER($I216),$I216>1.2),"RERCA is "&TEXT($I216,"0.0")&"x LORCA. This is EXPECTED, not a finding: near-surface peat has not finished decomposing, so recent rates always look higher. Do not report it as accelerating sequestration. ","")&IF(AND(ISNUMBER($D216),OR($D216<LORCA_MIN,$D216>LORCA_MAX)),"LORCA outside the published range of "&LORCA_MIN&"-"&LORCA_MAX&" g C/m2/yr — check the basal age and the profile carbon. ",""))
A217: =IF(INDEX('2. Core Log'!$A$5:$A$124,ROW()-209)="","",INDEX('2. Core Log'!$A$5:$A$124,ROW()-209)) | B217: =IF($A217="","",IF(SUMPRODUCT(('4. Chronology'!$A$5:$A$204=$A217)*'4. Chronology'!$C$5:$C$204)=0,"",SUMPRODUCT(MAX(('4. Chronology'!$A$5:$A$204=$A217)*'4. Chronology'!$C$5:$C$204)))) | C217: =IF($A217="","",IFERROR(INDEX('2. Core Log'!$R$5:$R$124,MATCH($A217,'2. Core Log'!$A$5:$A$124,0)),"")) | D217: =IF(OR(NOT(ISNUMBER($B217)),NOT(ISNUMBER($C217)),$B217=0),"",$C217*1000/$B217) | E217: =IF($A217="","",IF(SUMPRODUCT(('4. Chronology'!$A$5:$A$204=$A217)*'4. Chronology'!$J$5:$J$204*'4. Chronology'!$B$5:$B$204)=0,"",SUMPRODUCT(MAX(('4. Chronology'!$A$5:$A$204=$A217)*'4. Chronology'!$J$5:$J$204*'4. Chronology'!$B$5:$B$204)))) | F217: =IF(NOT(ISNUMBER($E217)),"",SUMIFS('4. Chronology'!$C$5:$C$204,'4. Chronology'!$A$5:$A$204,$A217,'4. Chronology'!$B$5:$B$204,$E217)) | G217: =IF(NOT(ISNUMBER($E217)),"",SUMIFS('4. Chronology'!$F$5:$F$204,'4. Chronology'!$A$5:$A$204,$A217,'4. Chronology'!$B$5:$B$204,$E217)) | H217: =IF(OR(NOT(ISNUMBER($F217)),NOT(ISNUMBER($G217)),$F217=0),"",$G217*1000/$F217) | I217: =IF(OR(NOT(ISNUMBER($H217)),NOT(ISNUMBER($D217)),$D217=0),"",$H217/$D217) | J217: =IF($A217="","",IF(NOT(ISNUMBER($B217)),"No dated horizons for this core — LORCA cannot be calculated. ","")&IF(AND(ISNUMBER($B217),NOT(ISNUMBER($E217))),"No Pb-210 or Cs-137 horizon — RERCA cannot be calculated. ","")&IF(IFERROR(INDEX('2. Core Log'!$L$5:$L$124,MATCH($A217,'2. Core Log'!$A$5:$A$124,0)),"")="No","Core did not reach the mineral contact, so LORCA is based on a partial profile and is a MINIMUM. ","")&IF(AND(ISNUMBER($I217),$I217>1.2),"RERCA is "&TEXT($I217,"0.0")&"x LORCA. This is EXPECTED, not a finding: near-surface peat has not finished decomposing, so recent rates always look higher. Do not report it as accelerating sequestration. ","")&IF(AND(ISNUMBER($D217),OR($D217<LORCA_MIN,$D217>LORCA_MAX)),"LORCA outside the published range of "&LORCA_MIN&"-"&LORCA_MAX&" g C/m2/yr — check the basal age and the profile carbon. ",""))
A218: =IF(INDEX('2. Core Log'!$A$5:$A$124,ROW()-209)="","",INDEX('2. Core Log'!$A$5:$A$124,ROW()-209)) | B218: =IF($A218="","",IF(SUMPRODUCT(('4. Chronology'!$A$5:$A$204=$A218)*'4. Chronology'!$C$5:$C$204)=0,"",SUMPRODUCT(MAX(('4. Chronology'!$A$5:$A$204=$A218)*'4. Chronology'!$C$5:$C$204)))) | C218: =IF($A218="","",IFERROR(INDEX('2. Core Log'!$R$5:$R$124,MATCH($A218,'2. Core Log'!$A$5:$A$124,0)),"")) | D218: =IF(OR(NOT(ISNUMBER($B218)),NOT(ISNUMBER($C218)),$B218=0),"",$C218*1000/$B218) | E218: =IF($A218="","",IF(SUMPRODUCT(('4. Chronology'!$A$5:$A$204=$A218)*'4. Chronology'!$J$5:$J$204*'4. Chronology'!$B$5:$B$204)=0,"",SUMPRODUCT(MAX(('4. Chronology'!$A$5:$A$204=$A218)*'4. Chronology'!$J$5:$J$204*'4. Chronology'!$B$5:$B$204)))) | F218: =IF(NOT(ISNUMBER($E218)),"",SUMIFS('4. Chronology'!$C$5:$C$204,'4. Chronology'!$A$5:$A$204,$A218,'4. Chronology'!$B$5:$B$204,$E218)) | G218: =IF(NOT(ISNUMBER($E218)),"",SUMIFS('4. Chronology'!$F$5:$F$204,'4. Chronology'!$A$5:$A$204,$A218,'4. Chronology'!$B$5:$B$204,$E218)) | H218: =IF(OR(NOT(ISNUMBER($F218)),NOT(ISNUMBER($G218)),$F218=0),"",$G218*1000/$F218) | I218: =IF(OR(NOT(ISNUMBER($H218)),NOT(ISNUMBER($D218)),$D218=0),"",$H218/$D218) | J218: =IF($A218="","",IF(NOT(ISNUMBER($B218)),"No dated horizons for this core — LORCA cannot be calculated. ","")&IF(AND(ISNUMBER($B218),NOT(ISNUMBER($E218))),"No Pb-210 or Cs-137 horizon — RERCA cannot be calculated. ","")&IF(IFERROR(INDEX('2. Core Log'!$L$5:$L$124,MATCH($A218,'2. Core Log'!$A$5:$A$124,0)),"")="No","Core did not reach the mineral contact, so LORCA is based on a partial profile and is a MINIMUM. ","")&IF(AND(ISNUMBER($I218),$I218>1.2),"RERCA is "&TEXT($I218,"0.0")&"x LORCA. This is EXPECTED, not a finding: near-surface peat has not finished decomposing, so recent rates always look higher. Do not report it as accelerating sequestration. ","")&IF(AND(ISNUMBER($D218),OR($D218<LORCA_MIN,$D218>LORCA_MAX)),"LORCA outside the published range of "&LORCA_MIN&"-"&LORCA_MAX&" g C/m2/yr — check the basal age and the profile carbon. ",""))
A219: =IF(INDEX('2. Core Log'!$A$5:$A$124,ROW()-209)="","",INDEX('2. Core Log'!$A$5:$A$124,ROW()-209)) | B219: =IF($A219="","",IF(SUMPRODUCT(('4. Chronology'!$A$5:$A$204=$A219)*'4. Chronology'!$C$5:$C$204)=0,"",SUMPRODUCT(MAX(('4. Chronology'!$A$5:$A$204=$A219)*'4. Chronology'!$C$5:$C$204)))) | C219: =IF($A219="","",IFERROR(INDEX('2. Core Log'!$R$5:$R$124,MATCH($A219,'2. Core Log'!$A$5:$A$124,0)),"")) | D219: =IF(OR(NOT(ISNUMBER($B219)),NOT(ISNUMBER($C219)),$B219=0),"",$C219*1000/$B219) | E219: =IF($A219="","",IF(SUMPRODUCT(('4. Chronology'!$A$5:$A$204=$A219)*'4. Chronology'!$J$5:$J$204*'4. Chronology'!$B$5:$B$204)=0,"",SUMPRODUCT(MAX(('4. Chronology'!$A$5:$A$204=$A219)*'4. Chronology'!$J$5:$J$204*'4. Chronology'!$B$5:$B$204)))) | F219: =IF(NOT(ISNUMBER($E219)),"",SUMIFS('4. Chronology'!$C$5:$C$204,'4. Chronology'!$A$5:$A$204,$A219,'4. Chronology'!$B$5:$B$204,$E219)) | G219: =IF(NOT(ISNUMBER($E219)),"",SUMIFS('4. Chronology'!$F$5:$F$204,'4. Chronology'!$A$5:$A$204,$A219,'4. Chronology'!$B$5:$B$204,$E219)) | H219: =IF(OR(NOT(ISNUMBER($F219)),NOT(ISNUMBER($G219)),$F219=0),"",$G219*1000/$F219) | I219: =IF(OR(NOT(ISNUMBER($H219)),NOT(ISNUMBER($D219)),$D219=0),"",$H219/$D219) | J219: =IF($A219="","",IF(NOT(ISNUMBER($B219)),"No dated horizons for this core — LORCA cannot be calculated. ","")&IF(AND(ISNUMBER($B219),NOT(ISNUMBER($E219))),"No Pb-210 or Cs-137 horizon — RERCA cannot be calculated. ","")&IF(IFERROR(INDEX('2. Core Log'!$L$5:$L$124,MATCH($A219,'2. Core Log'!$A$5:$A$124,0)),"")="No","Core did not reach the mineral contact, so LORCA is based on a partial profile and is a MINIMUM. ","")&IF(AND(ISNUMBER($I219),$I219>1.2),"RERCA is "&TEXT($I219,"0.0")&"x LORCA. This is EXPECTED, not a finding: near-surface peat has not finished decomposing, so recent rates always look higher. Do not report it as accelerating sequestration. ","")&IF(AND(ISNUMBER($D219),OR($D219<LORCA_MIN,$D219>LORCA_MAX)),"LORCA outside the published range of "&LORCA_MIN&"-"&LORCA_MAX&" g C/m2/yr — check the basal age and the profile carbon. ",""))
A220: =IF(INDEX('2. Core Log'!$A$5:$A$124,ROW()-209)="","",INDEX('2. Core Log'!$A$5:$A$124,ROW()-209)) | B220: =IF($A220="","",IF(SUMPRODUCT(('4. Chronology'!$A$5:$A$204=$A220)*'4. Chronology'!$C$5:$C$204)=0,"",SUMPRODUCT(MAX(('4. Chronology'!$A$5:$A$204=$A220)*'4. Chronology'!$C$5:$C$204)))) | C220: =IF($A220="","",IFERROR(INDEX('2. Core Log'!$R$5:$R$124,MATCH($A220,'2. Core Log'!$A$5:$A$124,0)),"")) | D220: =IF(OR(NOT(ISNUMBER($B220)),NOT(ISNUMBER($C220)),$B220=0),"",$C220*1000/$B220) | E220: =IF($A220="","",IF(SUMPRODUCT(('4. Chronology'!$A$5:$A$204=$A220)*'4. Chronology'!$J$5:$J$204*'4. Chronology'!$B$5:$B$204)=0,"",SUMPRODUCT(MAX(('4. Chronology'!$A$5:$A$204=$A220)*'4. Chronology'!$J$5:$J$204*'4. Chronology'!$B$5:$B$204)))) | F220: =IF(NOT(ISNUMBER($E220)),"",SUMIFS('4. Chronology'!$C$5:$C$204,'4. Chronology'!$A$5:$A$204,$A220,'4. Chronology'!$B$5:$B$204,$E220)) | G220: =IF(NOT(ISNUMBER($E220)),"",SUMIFS('4. Chronology'!$F$5:$F$204,'4. Chronology'!$A$5:$A$204,$A220,'4. Chronology'!$B$5:$B$204,$E220)) | H220: =IF(OR(NOT(ISNUMBER($F220)),NOT(ISNUMBER($G220)),$F220=0),"",$G220*1000/$F220) | I220: =IF(OR(NOT(ISNUMBER($H220)),NOT(ISNUMBER($D220)),$D220=0),"",$H220/$D220) | J220: =IF($A220="","",IF(NOT(ISNUMBER($B220)),"No dated horizons for this core — LORCA cannot be calculated. ","")&IF(AND(ISNUMBER($B220),NOT(ISNUMBER($E220))),"No Pb-210 or Cs-137 horizon — RERCA cannot be calculated. ","")&IF(IFERROR(INDEX('2. Core Log'!$L$5:$L$124,MATCH($A220,'2. Core Log'!$A$5:$A$124,0)),"")="No","Core did not reach the mineral contact, so LORCA is based on a partial profile and is a MINIMUM. ","")&IF(AND(ISNUMBER($I220),$I220>1.2),"RERCA is "&TEXT($I220,"0.0")&"x LORCA. This is EXPECTED, not a finding: near-surface peat has not finished decomposing, so recent rates always look higher. Do not report it as accelerating sequestration. ","")&IF(AND(ISNUMBER($D220),OR($D220<LORCA_MIN,$D220>LORCA_MAX)),"LORCA outside the published range of "&LORCA_MIN&"-"&LORCA_MAX&" g C/m2/yr — check the basal age and the profile carbon. ",""))
A221: =IF(INDEX('2. Core Log'!$A$5:$A$124,ROW()-209)="","",INDEX('2. Core Log'!$A$5:$A$124,ROW()-209)) | B221: =IF($A221="","",IF(SUMPRODUCT(('4. Chronology'!$A$5:$A$204=$A221)*'4. Chronology'!$C$5:$C$204)=0,"",SUMPRODUCT(MAX(('4. Chronology'!$A$5:$A$204=$A221)*'4. Chronology'!$C$5:$C$204)))) | C221: =IF($A221="","",IFERROR(INDEX('2. Core Log'!$R$5:$R$124,MATCH($A221,'2. Core Log'!$A$5:$A$124,0)),"")) | D221: =IF(OR(NOT(ISNUMBER($B221)),NOT(ISNUMBER($C221)),$B221=0),"",$C221*1000/$B221) | E221: =IF($A221="","",IF(SUMPRODUCT(('4. Chronology'!$A$5:$A$204=$A221)*'4. Chronology'!$J$5:$J$204*'4. Chronology'!$B$5:$B$204)=0,"",SUMPRODUCT(MAX(('4. Chronology'!$A$5:$A$204=$A221)*'4. Chronology'!$J$5:$J$204*'4. Chronology'!$B$5:$B$204)))) | F221: =IF(NOT(ISNUMBER($E221)),"",SUMIFS('4. Chronology'!$C$5:$C$204,'4. Chronology'!$A$5:$A$204,$A221,'4. Chronology'!$B$5:$B$204,$E221)) | G221: =IF(NOT(ISNUMBER($E221)),"",SUMIFS('4. Chronology'!$F$5:$F$204,'4. Chronology'!$A$5:$A$204,$A221,'4. Chronology'!$B$5:$B$204,$E221)) | H221: =IF(OR(NOT(ISNUMBER($F221)),NOT(ISNUMBER($G221)),$F221=0),"",$G221*1000/$F221) | I221: =IF(OR(NOT(ISNUMBER($H221)),NOT(ISNUMBER($D221)),$D221=0),"",$H221/$D221) | J221: =IF($A221="","",IF(NOT(ISNUMBER($B221)),"No dated horizons for this core — LORCA cannot be calculated. ","")&IF(AND(ISNUMBER($B221),NOT(ISNUMBER($E221))),"No Pb-210 or Cs-137 horizon — RERCA cannot be calculated. ","")&IF(IFERROR(INDEX('2. Core Log'!$L$5:$L$124,MATCH($A221,'2. Core Log'!$A$5:$A$124,0)),"")="No","Core did not reach the mineral contact, so LORCA is based on a partial profile and is a MINIMUM. ","")&IF(AND(ISNUMBER($I221),$I221>1.2),"RERCA is "&TEXT($I221,"0.0")&"x LORCA. This is EXPECTED, not a finding: near-surface peat has not finished decomposing, so recent rates always look higher. Do not report it as accelerating sequestration. ","")&IF(AND(ISNUMBER($D221),OR($D221<LORCA_MIN,$D221>LORCA_MAX)),"LORCA outside the published range of "&LORCA_MIN&"-"&LORCA_MAX&" g C/m2/yr — check the basal age and the profile carbon. ",""))
... A239: =IF(INDEX('2. Core Log'!$A$5:$A$124,ROW()-209)="","",INDEX('2. Core Log'!$A$5:$A$124,ROW()-209)) | B239: =IF($A239="","",IF(SUMPRODUCT(('4. Chronology'!$A$5:$A$204=$A239)*'4. Chronology'!$C$5:$C$204)=0,"",SUMPRODUCT(MAX(('4. Chronology'!$A$5:$A$204=$A239)*'4. Chronology'!$C$5:$C$204)))) | C239: =IF($A239="","",IFERROR(INDEX('2. Core Log'!$R$5:$R$124,MATCH($A239,'2. Core Log'!$A$5:$A$124,0)),"")) | D239: =IF(OR(NOT(ISNUMBER($B239)),NOT(ISNUMBER($C239)),$B239=0),"",$C239*1000/$B239) | E239: =IF($A239="","",IF(SUMPRODUCT(('4. Chronology'!$A$5:$A$204=$A239)*'4. Chronology'!$J$5:$J$204*'4. Chronology'!$B$5:$B$204)=0,"",SUMPRODUCT(MAX(('4. Chronology'!$A$5:$A$204=$A239)*'4. Chronology'!$J$5:$J$204*'4. Chronology'!$B$5:$B$204)))) | F239: =IF(NOT(ISNUMBER($E239)),"",SUMIFS('4. Chronology'!$C$5:$C$204,'4. Chronology'!$A$5:$A$204,$A239,'4. Chronology'!$B$5:$B$204,$E239)) | G239: =IF(NOT(ISNUMBER($E239)),"",SUMIFS('4. Chronology'!$F$5:$F$204,'4. Chronology'!$A$5:$A$204,$A239,'4. Chronology'!$B$5:$B$204,$E239)) | H239: =IF(OR(NOT(ISNUMBER($F239)),NOT(ISNUMBER($G239)),$F239=0),"",$G239*1000/$F239) | I239: =IF(OR(NOT(ISNUMBER($H239)),NOT(ISNUMBER($D239)),$D239=0),"",$H239/$D239) | J239: =IF($A239="","",IF(NOT(ISNUMBER($B239)),"No dated horizons for this core — LORCA cannot be calculated. ","")&IF(AND(ISNUMBER($B239),NOT(ISNUMBER($E239))),"No Pb-210 or Cs-137 horizon — RERCA cannot be calculated. ","")&IF(IFERROR(INDEX('2. Core Log'!$L$5:$L$124,MATCH($A239,'2. Core Log'!$A$5:$A$124,0)),"")="No","Core did not reach the mineral contact, so LORCA is based on a partial profile and is a MINIMUM. ","")&IF(AND(ISNUMBER($I239),$I239>1.2),"RERCA is "&TEXT($I239,"0.0")&"x LORCA. This is EXPECTED, not a finding: near-surface peat has not finished decomposing, so recent rates always look higher. Do not report it as accelerating sequestration. ","")&IF(AND(ISNUMBER($D239),OR($D239<LORCA_MIN,$D239>LORCA_MAX)),"LORCA outside the published range of "&LORCA_MIN&"-"&LORCA_MAX&" g C/m2/yr — check the basal age and the profile carbon. ",""))

Sheet 5. Plot Summary
A1: PLOT SUMMARY
A2: One row per plot, calculated for you. Peat is the mean of the cores taken in that plot. If the site is a swamp, or you surveyed shrubs and ground layer, enter that carbon in the yellow column — it comes from the Forests calculator, which this workshop does not duplicate.
A4: Plot ID | B4: Site ID | C4: Cores in plot | D4: Peat, full profile (kg C/m²) | E4: Peat to reference depth (kg C/m²) | F4: Vegetation carbon (kg C/m²) | G4: TOTAL, full profile (kg C/m²) | H4: QC flags | I4: _num | J4: _inc
A5: =IF(INDEX('1. Plot & Site Log'!$A$5:$A$64,ROW()-4)="","",INDEX('1. Plot & Site Log'!$A$5:$A$64,ROW()-4)) | B5: =IF($A5="","",INDEX('1. Plot & Site Log'!$B$5:$B$64,MATCH($A5,'1. Plot & Site Log'!$A$5:$A$64,0))) | C5: =IF($A5="","",COUNTIFS('2. Core Log'!$B$5:$B$124,$A5)) | D5: =IF(OR($A5="",$C5=0),"",IFERROR(AVERAGEIFS('2. Core Log'!$R$5:$R$124,'2. Core Log'!$B$5:$B$124,$A5),"")) | E5: =IF(OR($A5="",$C5=0),"",IFERROR(AVERAGEIFS('2. Core Log'!$S$5:$S$124,'2. Core Log'!$B$5:$B$124,$A5),"")) | G5: =IF($A5="","",IF(ISNUMBER($D5),$D5,0)+IF(ISNUMBER($F5),$F5,0)) | H5: =IF($A5="","",IF($C5=0,"No cores for this plot — it contributes nothing to the site mean. ","")&IF(AND($C5>0,$C5<2),"Only one core in this plot. Bansal et al. recommend three or more per wetland. ","")&IF(AND(ISNUMBER($D5),ISNUMBER($E5),$D5>$E5*1.5),"Most of this plot's carbon lies below the reference depth — make sure your reporting says which number you are quoting. ","")) | I5: =IF(ISNUMBER($G5),$G5,0) | J5: =IF(AND(ISNUMBER($G5),$A5<>""),1,0)
A6: =IF(INDEX('1. Plot & Site Log'!$A$5:$A$64,ROW()-4)="","",INDEX('1. Plot & Site Log'!$A$5:$A$64,ROW()-4)) | B6: =IF($A6="","",INDEX('1. Plot & Site Log'!$B$5:$B$64,MATCH($A6,'1. Plot & Site Log'!$A$5:$A$64,0))) | C6: =IF($A6="","",COUNTIFS('2. Core Log'!$B$5:$B$124,$A6)) | D6: =IF(OR($A6="",$C6=0),"",IFERROR(AVERAGEIFS('2. Core Log'!$R$5:$R$124,'2. Core Log'!$B$5:$B$124,$A6),"")) | E6: =IF(OR($A6="",$C6=0),"",IFERROR(AVERAGEIFS('2. Core Log'!$S$5:$S$124,'2. Core Log'!$B$5:$B$124,$A6),"")) | G6: =IF($A6="","",IF(ISNUMBER($D6),$D6,0)+IF(ISNUMBER($F6),$F6,0)) | H6: =IF($A6="","",IF($C6=0,"No cores for this plot — it contributes nothing to the site mean. ","")&IF(AND($C6>0,$C6<2),"Only one core in this plot. Bansal et al. recommend three or more per wetland. ","")&IF(AND(ISNUMBER($D6),ISNUMBER($E6),$D6>$E6*1.5),"Most of this plot's carbon lies below the reference depth — make sure your reporting says which number you are quoting. ","")) | I6: =IF(ISNUMBER($G6),$G6,0) | J6: =IF(AND(ISNUMBER($G6),$A6<>""),1,0)
A7: =IF(INDEX('1. Plot & Site Log'!$A$5:$A$64,ROW()-4)="","",INDEX('1. Plot & Site Log'!$A$5:$A$64,ROW()-4)) | B7: =IF($A7="","",INDEX('1. Plot & Site Log'!$B$5:$B$64,MATCH($A7,'1. Plot & Site Log'!$A$5:$A$64,0))) | C7: =IF($A7="","",COUNTIFS('2. Core Log'!$B$5:$B$124,$A7)) | D7: =IF(OR($A7="",$C7=0),"",IFERROR(AVERAGEIFS('2. Core Log'!$R$5:$R$124,'2. Core Log'!$B$5:$B$124,$A7),"")) | E7: =IF(OR($A7="",$C7=0),"",IFERROR(AVERAGEIFS('2. Core Log'!$S$5:$S$124,'2. Core Log'!$B$5:$B$124,$A7),"")) | G7: =IF($A7="","",IF(ISNUMBER($D7),$D7,0)+IF(ISNUMBER($F7),$F7,0)) | H7: =IF($A7="","",IF($C7=0,"No cores for this plot — it contributes nothing to the site mean. ","")&IF(AND($C7>0,$C7<2),"Only one core in this plot. Bansal et al. recommend three or more per wetland. ","")&IF(AND(ISNUMBER($D7),ISNUMBER($E7),$D7>$E7*1.5),"Most of this plot's carbon lies below the reference depth — make sure your reporting says which number you are quoting. ","")) | I7: =IF(ISNUMBER($G7),$G7,0) | J7: =IF(AND(ISNUMBER($G7),$A7<>""),1,0)
A8: =IF(INDEX('1. Plot & Site Log'!$A$5:$A$64,ROW()-4)="","",INDEX('1. Plot & Site Log'!$A$5:$A$64,ROW()-4)) | B8: =IF($A8="","",INDEX('1. Plot & Site Log'!$B$5:$B$64,MATCH($A8,'1. Plot & Site Log'!$A$5:$A$64,0))) | C8: =IF($A8="","",COUNTIFS('2. Core Log'!$B$5:$B$124,$A8)) | D8: =IF(OR($A8="",$C8=0),"",IFERROR(AVERAGEIFS('2. Core Log'!$R$5:$R$124,'2. Core Log'!$B$5:$B$124,$A8),"")) | E8: =IF(OR($A8="",$C8=0),"",IFERROR(AVERAGEIFS('2. Core Log'!$S$5:$S$124,'2. Core Log'!$B$5:$B$124,$A8),"")) | G8: =IF($A8="","",IF(ISNUMBER($D8),$D8,0)+IF(ISNUMBER($F8),$F8,0)) | H8: =IF($A8="","",IF($C8=0,"No cores for this plot — it contributes nothing to the site mean. ","")&IF(AND($C8>0,$C8<2),"Only one core in this plot. Bansal et al. recommend three or more per wetland. ","")&IF(AND(ISNUMBER($D8),ISNUMBER($E8),$D8>$E8*1.5),"Most of this plot's carbon lies below the reference depth — make sure your reporting says which number you are quoting. ","")) | I8: =IF(ISNUMBER($G8),$G8,0) | J8: =IF(AND(ISNUMBER($G8),$A8<>""),1,0)
A9: =IF(INDEX('1. Plot & Site Log'!$A$5:$A$64,ROW()-4)="","",INDEX('1. Plot & Site Log'!$A$5:$A$64,ROW()-4)) | B9: =IF($A9="","",INDEX('1. Plot & Site Log'!$B$5:$B$64,MATCH($A9,'1. Plot & Site Log'!$A$5:$A$64,0))) | C9: =IF($A9="","",COUNTIFS('2. Core Log'!$B$5:$B$124,$A9)) | D9: =IF(OR($A9="",$C9=0),"",IFERROR(AVERAGEIFS('2. Core Log'!$R$5:$R$124,'2. Core Log'!$B$5:$B$124,$A9),"")) | E9: =IF(OR($A9="",$C9=0),"",IFERROR(AVERAGEIFS('2. Core Log'!$S$5:$S$124,'2. Core Log'!$B$5:$B$124,$A9),"")) | G9: =IF($A9="","",IF(ISNUMBER($D9),$D9,0)+IF(ISNUMBER($F9),$F9,0)) | H9: =IF($A9="","",IF($C9=0,"No cores for this plot — it contributes nothing to the site mean. ","")&IF(AND($C9>0,$C9<2),"Only one core in this plot. Bansal et al. recommend three or more per wetland. ","")&IF(AND(ISNUMBER($D9),ISNUMBER($E9),$D9>$E9*1.5),"Most of this plot's carbon lies below the reference depth — make sure your reporting says which number you are quoting. ","")) | I9: =IF(ISNUMBER($G9),$G9,0) | J9: =IF(AND(ISNUMBER($G9),$A9<>""),1,0)
A10: =IF(INDEX('1. Plot & Site Log'!$A$5:$A$64,ROW()-4)="","",INDEX('1. Plot & Site Log'!$A$5:$A$64,ROW()-4)) | B10: =IF($A10="","",INDEX('1. Plot & Site Log'!$B$5:$B$64,MATCH($A10,'1. Plot & Site Log'!$A$5:$A$64,0))) | C10: =IF($A10="","",COUNTIFS('2. Core Log'!$B$5:$B$124,$A10)) | D10: =IF(OR($A10="",$C10=0),"",IFERROR(AVERAGEIFS('2. Core Log'!$R$5:$R$124,'2. Core Log'!$B$5:$B$124,$A10),"")) | E10: =IF(OR($A10="",$C10=0),"",IFERROR(AVERAGEIFS('2. Core Log'!$S$5:$S$124,'2. Core Log'!$B$5:$B$124,$A10),"")) | G10: =IF($A10="","",IF(ISNUMBER($D10),$D10,0)+IF(ISNUMBER($F10),$F10,0)) | H10: =IF($A10="","",IF($C10=0,"No cores for this plot — it contributes nothing to the site mean. ","")&IF(AND($C10>0,$C10<2),"Only one core in this plot. Bansal et al. recommend three or more per wetland. ","")&IF(AND(ISNUMBER($D10),ISNUMBER($E10),$D10>$E10*1.5),"Most of this plot's carbon lies below the reference depth — make sure your reporting says which number you are quoting. ","")) | I10: =IF(ISNUMBER($G10),$G10,0) | J10: =IF(AND(ISNUMBER($G10),$A10<>""),1,0)
A11: =IF(INDEX('1. Plot & Site Log'!$A$5:$A$64,ROW()-4)="","",INDEX('1. Plot & Site Log'!$A$5:$A$64,ROW()-4)) | B11: =IF($A11="","",INDEX('1. Plot & Site Log'!$B$5:$B$64,MATCH($A11,'1. Plot & Site Log'!$A$5:$A$64,0))) | C11: =IF($A11="","",COUNTIFS('2. Core Log'!$B$5:$B$124,$A11)) | D11: =IF(OR($A11="",$C11=0),"",IFERROR(AVERAGEIFS('2. Core Log'!$R$5:$R$124,'2. Core Log'!$B$5:$B$124,$A11),"")) | E11: =IF(OR($A11="",$C11=0),"",IFERROR(AVERAGEIFS('2. Core Log'!$S$5:$S$124,'2. Core Log'!$B$5:$B$124,$A11),"")) | G11: =IF($A11="","",IF(ISNUMBER($D11),$D11,0)+IF(ISNUMBER($F11),$F11,0)) | H11: =IF($A11="","",IF($C11=0,"No cores for this plot — it contributes nothing to the site mean. ","")&IF(AND($C11>0,$C11<2),"Only one core in this plot. Bansal et al. recommend three or more per wetland. ","")&IF(AND(ISNUMBER($D11),ISNUMBER($E11),$D11>$E11*1.5),"Most of this plot's carbon lies below the reference depth — make sure your reporting says which number you are quoting. ","")) | I11: =IF(ISNUMBER($G11),$G11,0) | J11: =IF(AND(ISNUMBER($G11),$A11<>""),1,0)
A12: =IF(INDEX('1. Plot & Site Log'!$A$5:$A$64,ROW()-4)="","",INDEX('1. Plot & Site Log'!$A$5:$A$64,ROW()-4)) | B12: =IF($A12="","",INDEX('1. Plot & Site Log'!$B$5:$B$64,MATCH($A12,'1. Plot & Site Log'!$A$5:$A$64,0))) | C12: =IF($A12="","",COUNTIFS('2. Core Log'!$B$5:$B$124,$A12)) | D12: =IF(OR($A12="",$C12=0),"",IFERROR(AVERAGEIFS('2. Core Log'!$R$5:$R$124,'2. Core Log'!$B$5:$B$124,$A12),"")) | E12: =IF(OR($A12="",$C12=0),"",IFERROR(AVERAGEIFS('2. Core Log'!$S$5:$S$124,'2. Core Log'!$B$5:$B$124,$A12),"")) | G12: =IF($A12="","",IF(ISNUMBER($D12),$D12,0)+IF(ISNUMBER($F12),$F12,0)) | H12: =IF($A12="","",IF($C12=0,"No cores for this plot — it contributes nothing to the site mean. ","")&IF(AND($C12>0,$C12<2),"Only one core in this plot. Bansal et al. recommend three or more per wetland. ","")&IF(AND(ISNUMBER($D12),ISNUMBER($E12),$D12>$E12*1.5),"Most of this plot's carbon lies below the reference depth — make sure your reporting says which number you are quoting. ","")) | I12: =IF(ISNUMBER($G12),$G12,0) | J12: =IF(AND(ISNUMBER($G12),$A12<>""),1,0)
A13: =IF(INDEX('1. Plot & Site Log'!$A$5:$A$64,ROW()-4)="","",INDEX('1. Plot & Site Log'!$A$5:$A$64,ROW()-4)) | B13: =IF($A13="","",INDEX('1. Plot & Site Log'!$B$5:$B$64,MATCH($A13,'1. Plot & Site Log'!$A$5:$A$64,0))) | C13: =IF($A13="","",COUNTIFS('2. Core Log'!$B$5:$B$124,$A13)) | D13: =IF(OR($A13="",$C13=0),"",IFERROR(AVERAGEIFS('2. Core Log'!$R$5:$R$124,'2. Core Log'!$B$5:$B$124,$A13),"")) | E13: =IF(OR($A13="",$C13=0),"",IFERROR(AVERAGEIFS('2. Core Log'!$S$5:$S$124,'2. Core Log'!$B$5:$B$124,$A13),"")) | G13: =IF($A13="","",IF(ISNUMBER($D13),$D13,0)+IF(ISNUMBER($F13),$F13,0)) | H13: =IF($A13="","",IF($C13=0,"No cores for this plot — it contributes nothing to the site mean. ","")&IF(AND($C13>0,$C13<2),"Only one core in this plot. Bansal et al. recommend three or more per wetland. ","")&IF(AND(ISNUMBER($D13),ISNUMBER($E13),$D13>$E13*1.5),"Most of this plot's carbon lies below the reference depth — make sure your reporting says which number you are quoting. ","")) | I13: =IF(ISNUMBER($G13),$G13,0) | J13: =IF(AND(ISNUMBER($G13),$A13<>""),1,0)
A14: =IF(INDEX('1. Plot & Site Log'!$A$5:$A$64,ROW()-4)="","",INDEX('1. Plot & Site Log'!$A$5:$A$64,ROW()-4)) | B14: =IF($A14="","",INDEX('1. Plot & Site Log'!$B$5:$B$64,MATCH($A14,'1. Plot & Site Log'!$A$5:$A$64,0))) | C14: =IF($A14="","",COUNTIFS('2. Core Log'!$B$5:$B$124,$A14)) | D14: =IF(OR($A14="",$C14=0),"",IFERROR(AVERAGEIFS('2. Core Log'!$R$5:$R$124,'2. Core Log'!$B$5:$B$124,$A14),"")) | E14: =IF(OR($A14="",$C14=0),"",IFERROR(AVERAGEIFS('2. Core Log'!$S$5:$S$124,'2. Core Log'!$B$5:$B$124,$A14),"")) | G14: =IF($A14="","",IF(ISNUMBER($D14),$D14,0)+IF(ISNUMBER($F14),$F14,0)) | H14: =IF($A14="","",IF($C14=0,"No cores for this plot — it contributes nothing to the site mean. ","")&IF(AND($C14>0,$C14<2),"Only one core in this plot. Bansal et al. recommend three or more per wetland. ","")&IF(AND(ISNUMBER($D14),ISNUMBER($E14),$D14>$E14*1.5),"Most of this plot's carbon lies below the reference depth — make sure your reporting says which number you are quoting. ","")) | I14: =IF(ISNUMBER($G14),$G14,0) | J14: =IF(AND(ISNUMBER($G14),$A14<>""),1,0)
A15: =IF(INDEX('1. Plot & Site Log'!$A$5:$A$64,ROW()-4)="","",INDEX('1. Plot & Site Log'!$A$5:$A$64,ROW()-4)) | B15: =IF($A15="","",INDEX('1. Plot & Site Log'!$B$5:$B$64,MATCH($A15,'1. Plot & Site Log'!$A$5:$A$64,0))) | C15: =IF($A15="","",COUNTIFS('2. Core Log'!$B$5:$B$124,$A15)) | D15: =IF(OR($A15="",$C15=0),"",IFERROR(AVERAGEIFS('2. Core Log'!$R$5:$R$124,'2. Core Log'!$B$5:$B$124,$A15),"")) | E15: =IF(OR($A15="",$C15=0),"",IFERROR(AVERAGEIFS('2. Core Log'!$S$5:$S$124,'2. Core Log'!$B$5:$B$124,$A15),"")) | G15: =IF($A15="","",IF(ISNUMBER($D15),$D15,0)+IF(ISNUMBER($F15),$F15,0)) | H15: =IF($A15="","",IF($C15=0,"No cores for this plot — it contributes nothing to the site mean. ","")&IF(AND($C15>0,$C15<2),"Only one core in this plot. Bansal et al. recommend three or more per wetland. ","")&IF(AND(ISNUMBER($D15),ISNUMBER($E15),$D15>$E15*1.5),"Most of this plot's carbon lies below the reference depth — make sure your reporting says which number you are quoting. ","")) | I15: =IF(ISNUMBER($G15),$G15,0) | J15: =IF(AND(ISNUMBER($G15),$A15<>""),1,0)
A16: =IF(INDEX('1. Plot & Site Log'!$A$5:$A$64,ROW()-4)="","",INDEX('1. Plot & Site Log'!$A$5:$A$64,ROW()-4)) | B16: =IF($A16="","",INDEX('1. Plot & Site Log'!$B$5:$B$64,MATCH($A16,'1. Plot & Site Log'!$A$5:$A$64,0))) | C16: =IF($A16="","",COUNTIFS('2. Core Log'!$B$5:$B$124,$A16)) | D16: =IF(OR($A16="",$C16=0),"",IFERROR(AVERAGEIFS('2. Core Log'!$R$5:$R$124,'2. Core Log'!$B$5:$B$124,$A16),"")) | E16: =IF(OR($A16="",$C16=0),"",IFERROR(AVERAGEIFS('2. Core Log'!$S$5:$S$124,'2. Core Log'!$B$5:$B$124,$A16),"")) | G16: =IF($A16="","",IF(ISNUMBER($D16),$D16,0)+IF(ISNUMBER($F16),$F16,0)) | H16: =IF($A16="","",IF($C16=0,"No cores for this plot — it contributes nothing to the site mean. ","")&IF(AND($C16>0,$C16<2),"Only one core in this plot. Bansal et al. recommend three or more per wetland. ","")&IF(AND(ISNUMBER($D16),ISNUMBER($E16),$D16>$E16*1.5),"Most of this plot's carbon lies below the reference depth — make sure your reporting says which number you are quoting. ","")) | I16: =IF(ISNUMBER($G16),$G16,0) | J16: =IF(AND(ISNUMBER($G16),$A16<>""),1,0)
... A64: =IF(INDEX('1. Plot & Site Log'!$A$5:$A$64,ROW()-4)="","",INDEX('1. Plot & Site Log'!$A$5:$A$64,ROW()-4)) | B64: =IF($A64="","",INDEX('1. Plot & Site Log'!$B$5:$B$64,MATCH($A64,'1. Plot & Site Log'!$A$5:$A$64,0))) | C64: =IF($A64="","",COUNTIFS('2. Core Log'!$B$5:$B$124,$A64)) | D64: =IF(OR($A64="",$C64=0),"",IFERROR(AVERAGEIFS('2. Core Log'!$R$5:$R$124,'2. Core Log'!$B$5:$B$124,$A64),"")) | E64: =IF(OR($A64="",$C64=0),"",IFERROR(AVERAGEIFS('2. Core Log'!$S$5:$S$124,'2. Core Log'!$B$5:$B$124,$A64),"")) | G64: =IF($A64="","",IF(ISNUMBER($D64),$D64,0)+IF(ISNUMBER($F64),$F64,0)) | H64: =IF($A64="","",IF($C64=0,"No cores for this plot — it contributes nothing to the site mean. ","")&IF(AND($C64>0,$C64<2),"Only one core in this plot. Bansal et al. recommend three or more per wetland. ","")&IF(AND(ISNUMBER($D64),ISNUMBER($E64),$D64>$E64*1.5),"Most of this plot's carbon lies below the reference depth — make sure your reporting says which number you are quoting. ","")) | I64: =IF(ISNUMBER($G64),$G64,0) | J64: =IF(AND(ISNUMBER($G64),$A64<>""),1,0)

Sheet 6. Site Summary
A1: SITE SUMMARY
A2: Type a Site ID and its area; everything else calculates. This is where the loop from Part 2 closes: the precision you asked for when you sized the campaign is checked against the precision you achieved. Totals are on the FULL-PROFILE basis.
A4: Site ID | B4: Site area (m²) | C4: Plots | D4: Mean (kg C/m²) | E4: SD | F4: Standard error | G4: t (two-sided) | H4: ± half-width (kg C/m²) | I4: Achieved margin | J4: Target margin | K4: Precision | L4: Total carbon (kg C) | M4: Total (t CO₂e) | N4: QC flags
C5: =IF($A5="","",SUMIFS('5. Plot Summary'!$J$5:$J$64,'5. Plot Summary'!$B$5:$B$64,$A5)) | D5: =IF(OR($A5="",NOT(ISNUMBER($C5)),$C5=0),"",SUMIFS('5. Plot Summary'!$I$5:$I$64,'5. Plot Summary'!$B$5:$B$64,$A5)/$C5) | E5: =IF(OR($A5="",NOT(ISNUMBER($C5)),$C5<2),"",SQRT(SUMPRODUCT(('5. Plot Summary'!$B$5:$B$64=$A5)*'5. Plot Summary'!$J$5:$J$64*('5. Plot Summary'!$I$5:$I$64-$D5)^2)/($C5-1))) | F5: =IF(OR(NOT(ISNUMBER($E5)),NOT(ISNUMBER($C5)),$C5<2),"",$E5/SQRT($C5)) | G5: =IF(OR($A5="",NOT(ISNUMBER($C5)),$C5<2),"",TINV(1-TARGET_CONFIDENCE,$C5-1)) | H5: =IF(OR(NOT(ISNUMBER($F5)),NOT(ISNUMBER($G5))),"",$G5*$F5) | I5: =IF(OR(NOT(ISNUMBER($H5)),NOT(ISNUMBER($D5)),$D5=0),"",$H5/$D5) | J5: =IF($A5="","",TARGET_MARGIN) | K5: =IF(NOT(ISNUMBER($I5)),IF($A5="","","Cannot be assessed — at least 2 plots are needed for an interval."),IF($I5<=$J5,"MET: ±"&TEXT($I5,"0%")&" at "&TEXT(TARGET_CONFIDENCE,"0%")&" confidence","NOT MET: ±"&TEXT($I5,"0%")&" against a ±"&TEXT($J5,"0%")&" target")) | L5: =IF(OR($A5="",NOT(ISNUMBER($B5)),NOT(ISNUMBER($D5))),"",$D5*$B5) | M5: =IF(NOT(ISNUMBER($L5)),"",$L5*CO2E_FACTOR/1000) | N5: =IF($A5="","",IF($C5=0,"No plots carry this Site ID — check it matches the Plot & Site Log. ","")&IF(AND($C5>0,$C5<2),"Only one plot: a mean can be reported but never an uncertainty. ","")&IF($B5="","No site area, so no total carbon. ","")&IF(AND(ISNUMBER($I5),$I5>$J5),"Wider than planned. Peatland carbon varies more than forest carbon does, largely through depth — more cores, or stratifying by microform and depth, would tighten it. ",""))
C6: =IF($A6="","",SUMIFS('5. Plot Summary'!$J$5:$J$64,'5. Plot Summary'!$B$5:$B$64,$A6)) | D6: =IF(OR($A6="",NOT(ISNUMBER($C6)),$C6=0),"",SUMIFS('5. Plot Summary'!$I$5:$I$64,'5. Plot Summary'!$B$5:$B$64,$A6)/$C6) | E6: =IF(OR($A6="",NOT(ISNUMBER($C6)),$C6<2),"",SQRT(SUMPRODUCT(('5. Plot Summary'!$B$5:$B$64=$A6)*'5. Plot Summary'!$J$5:$J$64*('5. Plot Summary'!$I$5:$I$64-$D6)^2)/($C6-1))) | F6: =IF(OR(NOT(ISNUMBER($E6)),NOT(ISNUMBER($C6)),$C6<2),"",$E6/SQRT($C6)) | G6: =IF(OR($A6="",NOT(ISNUMBER($C6)),$C6<2),"",TINV(1-TARGET_CONFIDENCE,$C6-1)) | H6: =IF(OR(NOT(ISNUMBER($F6)),NOT(ISNUMBER($G6))),"",$G6*$F6) | I6: =IF(OR(NOT(ISNUMBER($H6)),NOT(ISNUMBER($D6)),$D6=0),"",$H6/$D6) | J6: =IF($A6="","",TARGET_MARGIN) | K6: =IF(NOT(ISNUMBER($I6)),IF($A6="","","Cannot be assessed — at least 2 plots are needed for an interval."),IF($I6<=$J6,"MET: ±"&TEXT($I6,"0%")&" at "&TEXT(TARGET_CONFIDENCE,"0%")&" confidence","NOT MET: ±"&TEXT($I6,"0%")&" against a ±"&TEXT($J6,"0%")&" target")) | L6: =IF(OR($A6="",NOT(ISNUMBER($B6)),NOT(ISNUMBER($D6))),"",$D6*$B6) | M6: =IF(NOT(ISNUMBER($L6)),"",$L6*CO2E_FACTOR/1000) | N6: =IF($A6="","",IF($C6=0,"No plots carry this Site ID — check it matches the Plot & Site Log. ","")&IF(AND($C6>0,$C6<2),"Only one plot: a mean can be reported but never an uncertainty. ","")&IF($B6="","No site area, so no total carbon. ","")&IF(AND(ISNUMBER($I6),$I6>$J6),"Wider than planned. Peatland carbon varies more than forest carbon does, largely through depth — more cores, or stratifying by microform and depth, would tighten it. ",""))
C7: =IF($A7="","",SUMIFS('5. Plot Summary'!$J$5:$J$64,'5. Plot Summary'!$B$5:$B$64,$A7)) | D7: =IF(OR($A7="",NOT(ISNUMBER($C7)),$C7=0),"",SUMIFS('5. Plot Summary'!$I$5:$I$64,'5. Plot Summary'!$B$5:$B$64,$A7)/$C7) | E7: =IF(OR($A7="",NOT(ISNUMBER($C7)),$C7<2),"",SQRT(SUMPRODUCT(('5. Plot Summary'!$B$5:$B$64=$A7)*'5. Plot Summary'!$J$5:$J$64*('5. Plot Summary'!$I$5:$I$64-$D7)^2)/($C7-1))) | F7: =IF(OR(NOT(ISNUMBER($E7)),NOT(ISNUMBER($C7)),$C7<2),"",$E7/SQRT($C7)) | G7: =IF(OR($A7="",NOT(ISNUMBER($C7)),$C7<2),"",TINV(1-TARGET_CONFIDENCE,$C7-1)) | H7: =IF(OR(NOT(ISNUMBER($F7)),NOT(ISNUMBER($G7))),"",$G7*$F7) | I7: =IF(OR(NOT(ISNUMBER($H7)),NOT(ISNUMBER($D7)),$D7=0),"",$H7/$D7) | J7: =IF($A7="","",TARGET_MARGIN) | K7: =IF(NOT(ISNUMBER($I7)),IF($A7="","","Cannot be assessed — at least 2 plots are needed for an interval."),IF($I7<=$J7,"MET: ±"&TEXT($I7,"0%")&" at "&TEXT(TARGET_CONFIDENCE,"0%")&" confidence","NOT MET: ±"&TEXT($I7,"0%")&" against a ±"&TEXT($J7,"0%")&" target")) | L7: =IF(OR($A7="",NOT(ISNUMBER($B7)),NOT(ISNUMBER($D7))),"",$D7*$B7) | M7: =IF(NOT(ISNUMBER($L7)),"",$L7*CO2E_FACTOR/1000) | N7: =IF($A7="","",IF($C7=0,"No plots carry this Site ID — check it matches the Plot & Site Log. ","")&IF(AND($C7>0,$C7<2),"Only one plot: a mean can be reported but never an uncertainty. ","")&IF($B7="","No site area, so no total carbon. ","")&IF(AND(ISNUMBER($I7),$I7>$J7),"Wider than planned. Peatland carbon varies more than forest carbon does, largely through depth — more cores, or stratifying by microform and depth, would tighten it. ",""))
C8: =IF($A8="","",SUMIFS('5. Plot Summary'!$J$5:$J$64,'5. Plot Summary'!$B$5:$B$64,$A8)) | D8: =IF(OR($A8="",NOT(ISNUMBER($C8)),$C8=0),"",SUMIFS('5. Plot Summary'!$I$5:$I$64,'5. Plot Summary'!$B$5:$B$64,$A8)/$C8) | E8: =IF(OR($A8="",NOT(ISNUMBER($C8)),$C8<2),"",SQRT(SUMPRODUCT(('5. Plot Summary'!$B$5:$B$64=$A8)*'5. Plot Summary'!$J$5:$J$64*('5. Plot Summary'!$I$5:$I$64-$D8)^2)/($C8-1))) | F8: =IF(OR(NOT(ISNUMBER($E8)),NOT(ISNUMBER($C8)),$C8<2),"",$E8/SQRT($C8)) | G8: =IF(OR($A8="",NOT(ISNUMBER($C8)),$C8<2),"",TINV(1-TARGET_CONFIDENCE,$C8-1)) | H8: =IF(OR(NOT(ISNUMBER($F8)),NOT(ISNUMBER($G8))),"",$G8*$F8) | I8: =IF(OR(NOT(ISNUMBER($H8)),NOT(ISNUMBER($D8)),$D8=0),"",$H8/$D8) | J8: =IF($A8="","",TARGET_MARGIN) | K8: =IF(NOT(ISNUMBER($I8)),IF($A8="","","Cannot be assessed — at least 2 plots are needed for an interval."),IF($I8<=$J8,"MET: ±"&TEXT($I8,"0%")&" at "&TEXT(TARGET_CONFIDENCE,"0%")&" confidence","NOT MET: ±"&TEXT($I8,"0%")&" against a ±"&TEXT($J8,"0%")&" target")) | L8: =IF(OR($A8="",NOT(ISNUMBER($B8)),NOT(ISNUMBER($D8))),"",$D8*$B8) | M8: =IF(NOT(ISNUMBER($L8)),"",$L8*CO2E_FACTOR/1000) | N8: =IF($A8="","",IF($C8=0,"No plots carry this Site ID — check it matches the Plot & Site Log. ","")&IF(AND($C8>0,$C8<2),"Only one plot: a mean can be reported but never an uncertainty. ","")&IF($B8="","No site area, so no total carbon. ","")&IF(AND(ISNUMBER($I8),$I8>$J8),"Wider than planned. Peatland carbon varies more than forest carbon does, largely through depth — more cores, or stratifying by microform and depth, would tighten it. ",""))
C9: =IF($A9="","",SUMIFS('5. Plot Summary'!$J$5:$J$64,'5. Plot Summary'!$B$5:$B$64,$A9)) | D9: =IF(OR($A9="",NOT(ISNUMBER($C9)),$C9=0),"",SUMIFS('5. Plot Summary'!$I$5:$I$64,'5. Plot Summary'!$B$5:$B$64,$A9)/$C9) | E9: =IF(OR($A9="",NOT(ISNUMBER($C9)),$C9<2),"",SQRT(SUMPRODUCT(('5. Plot Summary'!$B$5:$B$64=$A9)*'5. Plot Summary'!$J$5:$J$64*('5. Plot Summary'!$I$5:$I$64-$D9)^2)/($C9-1))) | F9: =IF(OR(NOT(ISNUMBER($E9)),NOT(ISNUMBER($C9)),$C9<2),"",$E9/SQRT($C9)) | G9: =IF(OR($A9="",NOT(ISNUMBER($C9)),$C9<2),"",TINV(1-TARGET_CONFIDENCE,$C9-1)) | H9: =IF(OR(NOT(ISNUMBER($F9)),NOT(ISNUMBER($G9))),"",$G9*$F9) | I9: =IF(OR(NOT(ISNUMBER($H9)),NOT(ISNUMBER($D9)),$D9=0),"",$H9/$D9) | J9: =IF($A9="","",TARGET_MARGIN) | K9: =IF(NOT(ISNUMBER($I9)),IF($A9="","","Cannot be assessed — at least 2 plots are needed for an interval."),IF($I9<=$J9,"MET: ±"&TEXT($I9,"0%")&" at "&TEXT(TARGET_CONFIDENCE,"0%")&" confidence","NOT MET: ±"&TEXT($I9,"0%")&" against a ±"&TEXT($J9,"0%")&" target")) | L9: =IF(OR($A9="",NOT(ISNUMBER($B9)),NOT(ISNUMBER($D9))),"",$D9*$B9) | M9: =IF(NOT(ISNUMBER($L9)),"",$L9*CO2E_FACTOR/1000) | N9: =IF($A9="","",IF($C9=0,"No plots carry this Site ID — check it matches the Plot & Site Log. ","")&IF(AND($C9>0,$C9<2),"Only one plot: a mean can be reported but never an uncertainty. ","")&IF($B9="","No site area, so no total carbon. ","")&IF(AND(ISNUMBER($I9),$I9>$J9),"Wider than planned. Peatland carbon varies more than forest carbon does, largely through depth — more cores, or stratifying by microform and depth, would tighten it. ",""))
C10: =IF($A10="","",SUMIFS('5. Plot Summary'!$J$5:$J$64,'5. Plot Summary'!$B$5:$B$64,$A10)) | D10: =IF(OR($A10="",NOT(ISNUMBER($C10)),$C10=0),"",SUMIFS('5. Plot Summary'!$I$5:$I$64,'5. Plot Summary'!$B$5:$B$64,$A10)/$C10) | E10: =IF(OR($A10="",NOT(ISNUMBER($C10)),$C10<2),"",SQRT(SUMPRODUCT(('5. Plot Summary'!$B$5:$B$64=$A10)*'5. Plot Summary'!$J$5:$J$64*('5. Plot Summary'!$I$5:$I$64-$D10)^2)/($C10-1))) | F10: =IF(OR(NOT(ISNUMBER($E10)),NOT(ISNUMBER($C10)),$C10<2),"",$E10/SQRT($C10)) | G10: =IF(OR($A10="",NOT(ISNUMBER($C10)),$C10<2),"",TINV(1-TARGET_CONFIDENCE,$C10-1)) | H10: =IF(OR(NOT(ISNUMBER($F10)),NOT(ISNUMBER($G10))),"",$G10*$F10) | I10: =IF(OR(NOT(ISNUMBER($H10)),NOT(ISNUMBER($D10)),$D10=0),"",$H10/$D10) | J10: =IF($A10="","",TARGET_MARGIN) | K10: =IF(NOT(ISNUMBER($I10)),IF($A10="","","Cannot be assessed — at least 2 plots are needed for an interval."),IF($I10<=$J10,"MET: ±"&TEXT($I10,"0%")&" at "&TEXT(TARGET_CONFIDENCE,"0%")&" confidence","NOT MET: ±"&TEXT($I10,"0%")&" against a ±"&TEXT($J10,"0%")&" target")) | L10: =IF(OR($A10="",NOT(ISNUMBER($B10)),NOT(ISNUMBER($D10))),"",$D10*$B10) | M10: =IF(NOT(ISNUMBER($L10)),"",$L10*CO2E_FACTOR/1000) | N10: =IF($A10="","",IF($C10=0,"No plots carry this Site ID — check it matches the Plot & Site Log. ","")&IF(AND($C10>0,$C10<2),"Only one plot: a mean can be reported but never an uncertainty. ","")&IF($B10="","No site area, so no total carbon. ","")&IF(AND(ISNUMBER($I10),$I10>$J10),"Wider than planned. Peatland carbon varies more than forest carbon does, largely through depth — more cores, or stratifying by microform and depth, would tighten it. ",""))
C11: =IF($A11="","",SUMIFS('5. Plot Summary'!$J$5:$J$64,'5. Plot Summary'!$B$5:$B$64,$A11)) | D11: =IF(OR($A11="",NOT(ISNUMBER($C11)),$C11=0),"",SUMIFS('5. Plot Summary'!$I$5:$I$64,'5. Plot Summary'!$B$5:$B$64,$A11)/$C11) | E11: =IF(OR($A11="",NOT(ISNUMBER($C11)),$C11<2),"",SQRT(SUMPRODUCT(('5. Plot Summary'!$B$5:$B$64=$A11)*'5. Plot Summary'!$J$5:$J$64*('5. Plot Summary'!$I$5:$I$64-$D11)^2)/($C11-1))) | F11: =IF(OR(NOT(ISNUMBER($E11)),NOT(ISNUMBER($C11)),$C11<2),"",$E11/SQRT($C11)) | G11: =IF(OR($A11="",NOT(ISNUMBER($C11)),$C11<2),"",TINV(1-TARGET_CONFIDENCE,$C11-1)) | H11: =IF(OR(NOT(ISNUMBER($F11)),NOT(ISNUMBER($G11))),"",$G11*$F11) | I11: =IF(OR(NOT(ISNUMBER($H11)),NOT(ISNUMBER($D11)),$D11=0),"",$H11/$D11) | J11: =IF($A11="","",TARGET_MARGIN) | K11: =IF(NOT(ISNUMBER($I11)),IF($A11="","","Cannot be assessed — at least 2 plots are needed for an interval."),IF($I11<=$J11,"MET: ±"&TEXT($I11,"0%")&" at "&TEXT(TARGET_CONFIDENCE,"0%")&" confidence","NOT MET: ±"&TEXT($I11,"0%")&" against a ±"&TEXT($J11,"0%")&" target")) | L11: =IF(OR($A11="",NOT(ISNUMBER($B11)),NOT(ISNUMBER($D11))),"",$D11*$B11) | M11: =IF(NOT(ISNUMBER($L11)),"",$L11*CO2E_FACTOR/1000) | N11: =IF($A11="","",IF($C11=0,"No plots carry this Site ID — check it matches the Plot & Site Log. ","")&IF(AND($C11>0,$C11<2),"Only one plot: a mean can be reported but never an uncertainty. ","")&IF($B11="","No site area, so no total carbon. ","")&IF(AND(ISNUMBER($I11),$I11>$J11),"Wider than planned. Peatland carbon varies more than forest carbon does, largely through depth — more cores, or stratifying by microform and depth, would tighten it. ",""))
C12: =IF($A12="","",SUMIFS('5. Plot Summary'!$J$5:$J$64,'5. Plot Summary'!$B$5:$B$64,$A12)) | D12: =IF(OR($A12="",NOT(ISNUMBER($C12)),$C12=0),"",SUMIFS('5. Plot Summary'!$I$5:$I$64,'5. Plot Summary'!$B$5:$B$64,$A12)/$C12) | E12: =IF(OR($A12="",NOT(ISNUMBER($C12)),$C12<2),"",SQRT(SUMPRODUCT(('5. Plot Summary'!$B$5:$B$64=$A12)*'5. Plot Summary'!$J$5:$J$64*('5. Plot Summary'!$I$5:$I$64-$D12)^2)/($C12-1))) | F12: =IF(OR(NOT(ISNUMBER($E12)),NOT(ISNUMBER($C12)),$C12<2),"",$E12/SQRT($C12)) | G12: =IF(OR($A12="",NOT(ISNUMBER($C12)),$C12<2),"",TINV(1-TARGET_CONFIDENCE,$C12-1)) | H12: =IF(OR(NOT(ISNUMBER($F12)),NOT(ISNUMBER($G12))),"",$G12*$F12) | I12: =IF(OR(NOT(ISNUMBER($H12)),NOT(ISNUMBER($D12)),$D12=0),"",$H12/$D12) | J12: =IF($A12="","",TARGET_MARGIN) | K12: =IF(NOT(ISNUMBER($I12)),IF($A12="","","Cannot be assessed — at least 2 plots are needed for an interval."),IF($I12<=$J12,"MET: ±"&TEXT($I12,"0%")&" at "&TEXT(TARGET_CONFIDENCE,"0%")&" confidence","NOT MET: ±"&TEXT($I12,"0%")&" against a ±"&TEXT($J12,"0%")&" target")) | L12: =IF(OR($A12="",NOT(ISNUMBER($B12)),NOT(ISNUMBER($D12))),"",$D12*$B12) | M12: =IF(NOT(ISNUMBER($L12)),"",$L12*CO2E_FACTOR/1000) | N12: =IF($A12="","",IF($C12=0,"No plots carry this Site ID — check it matches the Plot & Site Log. ","")&IF(AND($C12>0,$C12<2),"Only one plot: a mean can be reported but never an uncertainty. ","")&IF($B12="","No site area, so no total carbon. ","")&IF(AND(ISNUMBER($I12),$I12>$J12),"Wider than planned. Peatland carbon varies more than forest carbon does, largely through depth — more cores, or stratifying by microform and depth, would tighten it. ",""))
C13: =IF($A13="","",SUMIFS('5. Plot Summary'!$J$5:$J$64,'5. Plot Summary'!$B$5:$B$64,$A13)) | D13: =IF(OR($A13="",NOT(ISNUMBER($C13)),$C13=0),"",SUMIFS('5. Plot Summary'!$I$5:$I$64,'5. Plot Summary'!$B$5:$B$64,$A13)/$C13) | E13: =IF(OR($A13="",NOT(ISNUMBER($C13)),$C13<2),"",SQRT(SUMPRODUCT(('5. Plot Summary'!$B$5:$B$64=$A13)*'5. Plot Summary'!$J$5:$J$64*('5. Plot Summary'!$I$5:$I$64-$D13)^2)/($C13-1))) | F13: =IF(OR(NOT(ISNUMBER($E13)),NOT(ISNUMBER($C13)),$C13<2),"",$E13/SQRT($C13)) | G13: =IF(OR($A13="",NOT(ISNUMBER($C13)),$C13<2),"",TINV(1-TARGET_CONFIDENCE,$C13-1)) | H13: =IF(OR(NOT(ISNUMBER($F13)),NOT(ISNUMBER($G13))),"",$G13*$F13) | I13: =IF(OR(NOT(ISNUMBER($H13)),NOT(ISNUMBER($D13)),$D13=0),"",$H13/$D13) | J13: =IF($A13="","",TARGET_MARGIN) | K13: =IF(NOT(ISNUMBER($I13)),IF($A13="","","Cannot be assessed — at least 2 plots are needed for an interval."),IF($I13<=$J13,"MET: ±"&TEXT($I13,"0%")&" at "&TEXT(TARGET_CONFIDENCE,"0%")&" confidence","NOT MET: ±"&TEXT($I13,"0%")&" against a ±"&TEXT($J13,"0%")&" target")) | L13: =IF(OR($A13="",NOT(ISNUMBER($B13)),NOT(ISNUMBER($D13))),"",$D13*$B13) | M13: =IF(NOT(ISNUMBER($L13)),"",$L13*CO2E_FACTOR/1000) | N13: =IF($A13="","",IF($C13=0,"No plots carry this Site ID — check it matches the Plot & Site Log. ","")&IF(AND($C13>0,$C13<2),"Only one plot: a mean can be reported but never an uncertainty. ","")&IF($B13="","No site area, so no total carbon. ","")&IF(AND(ISNUMBER($I13),$I13>$J13),"Wider than planned. Peatland carbon varies more than forest carbon does, largely through depth — more cores, or stratifying by microform and depth, would tighten it. ",""))
C14: =IF($A14="","",SUMIFS('5. Plot Summary'!$J$5:$J$64,'5. Plot Summary'!$B$5:$B$64,$A14)) | D14: =IF(OR($A14="",NOT(ISNUMBER($C14)),$C14=0),"",SUMIFS('5. Plot Summary'!$I$5:$I$64,'5. Plot Summary'!$B$5:$B$64,$A14)/$C14) | E14: =IF(OR($A14="",NOT(ISNUMBER($C14)),$C14<2),"",SQRT(SUMPRODUCT(('5. Plot Summary'!$B$5:$B$64=$A14)*'5. Plot Summary'!$J$5:$J$64*('5. Plot Summary'!$I$5:$I$64-$D14)^2)/($C14-1))) | F14: =IF(OR(NOT(ISNUMBER($E14)),NOT(ISNUMBER($C14)),$C14<2),"",$E14/SQRT($C14)) | G14: =IF(OR($A14="",NOT(ISNUMBER($C14)),$C14<2),"",TINV(1-TARGET_CONFIDENCE,$C14-1)) | H14: =IF(OR(NOT(ISNUMBER($F14)),NOT(ISNUMBER($G14))),"",$G14*$F14) | I14: =IF(OR(NOT(ISNUMBER($H14)),NOT(ISNUMBER($D14)),$D14=0),"",$H14/$D14) | J14: =IF($A14="","",TARGET_MARGIN) | K14: =IF(NOT(ISNUMBER($I14)),IF($A14="","","Cannot be assessed — at least 2 plots are needed for an interval."),IF($I14<=$J14,"MET: ±"&TEXT($I14,"0%")&" at "&TEXT(TARGET_CONFIDENCE,"0%")&" confidence","NOT MET: ±"&TEXT($I14,"0%")&" against a ±"&TEXT($J14,"0%")&" target")) | L14: =IF(OR($A14="",NOT(ISNUMBER($B14)),NOT(ISNUMBER($D14))),"",$D14*$B14) | M14: =IF(NOT(ISNUMBER($L14)),"",$L14*CO2E_FACTOR/1000) | N14: =IF($A14="","",IF($C14=0,"No plots carry this Site ID — check it matches the Plot & Site Log. ","")&IF(AND($C14>0,$C14<2),"Only one plot: a mean can be reported but never an uncertainty. ","")&IF($B14="","No site area, so no total carbon. ","")&IF(AND(ISNUMBER($I14),$I14>$J14),"Wider than planned. Peatland carbon varies more than forest carbon does, largely through depth — more cores, or stratifying by microform and depth, would tighten it. ",""))
C15: =IF($A15="","",SUMIFS('5. Plot Summary'!$J$5:$J$64,'5. Plot Summary'!$B$5:$B$64,$A15)) | D15: =IF(OR($A15="",NOT(ISNUMBER($C15)),$C15=0),"",SUMIFS('5. Plot Summary'!$I$5:$I$64,'5. Plot Summary'!$B$5:$B$64,$A15)/$C15) | E15: =IF(OR($A15="",NOT(ISNUMBER($C15)),$C15<2),"",SQRT(SUMPRODUCT(('5. Plot Summary'!$B$5:$B$64=$A15)*'5. Plot Summary'!$J$5:$J$64*('5. Plot Summary'!$I$5:$I$64-$D15)^2)/($C15-1))) | F15: =IF(OR(NOT(ISNUMBER($E15)),NOT(ISNUMBER($C15)),$C15<2),"",$E15/SQRT($C15)) | G15: =IF(OR($A15="",NOT(ISNUMBER($C15)),$C15<2),"",TINV(1-TARGET_CONFIDENCE,$C15-1)) | H15: =IF(OR(NOT(ISNUMBER($F15)),NOT(ISNUMBER($G15))),"",$G15*$F15) | I15: =IF(OR(NOT(ISNUMBER($H15)),NOT(ISNUMBER($D15)),$D15=0),"",$H15/$D15) | J15: =IF($A15="","",TARGET_MARGIN) | K15: =IF(NOT(ISNUMBER($I15)),IF($A15="","","Cannot be assessed — at least 2 plots are needed for an interval."),IF($I15<=$J15,"MET: ±"&TEXT($I15,"0%")&" at "&TEXT(TARGET_CONFIDENCE,"0%")&" confidence","NOT MET: ±"&TEXT($I15,"0%")&" against a ±"&TEXT($J15,"0%")&" target")) | L15: =IF(OR($A15="",NOT(ISNUMBER($B15)),NOT(ISNUMBER($D15))),"",$D15*$B15) | M15: =IF(NOT(ISNUMBER($L15)),"",$L15*CO2E_FACTOR/1000) | N15: =IF($A15="","",IF($C15=0,"No plots carry this Site ID — check it matches the Plot & Site Log. ","")&IF(AND($C15>0,$C15<2),"Only one plot: a mean can be reported but never an uncertainty. ","")&IF($B15="","No site area, so no total carbon. ","")&IF(AND(ISNUMBER($I15),$I15>$J15),"Wider than planned. Peatland carbon varies more than forest carbon does, largely through depth — more cores, or stratifying by microform and depth, would tighten it. ",""))
C16: =IF($A16="","",SUMIFS('5. Plot Summary'!$J$5:$J$64,'5. Plot Summary'!$B$5:$B$64,$A16)) | D16: =IF(OR($A16="",NOT(ISNUMBER($C16)),$C16=0),"",SUMIFS('5. Plot Summary'!$I$5:$I$64,'5. Plot Summary'!$B$5:$B$64,$A16)/$C16) | E16: =IF(OR($A16="",NOT(ISNUMBER($C16)),$C16<2),"",SQRT(SUMPRODUCT(('5. Plot Summary'!$B$5:$B$64=$A16)*'5. Plot Summary'!$J$5:$J$64*('5. Plot Summary'!$I$5:$I$64-$D16)^2)/($C16-1))) | F16: =IF(OR(NOT(ISNUMBER($E16)),NOT(ISNUMBER($C16)),$C16<2),"",$E16/SQRT($C16)) | G16: =IF(OR($A16="",NOT(ISNUMBER($C16)),$C16<2),"",TINV(1-TARGET_CONFIDENCE,$C16-1)) | H16: =IF(OR(NOT(ISNUMBER($F16)),NOT(ISNUMBER($G16))),"",$G16*$F16) | I16: =IF(OR(NOT(ISNUMBER($H16)),NOT(ISNUMBER($D16)),$D16=0),"",$H16/$D16) | J16: =IF($A16="","",TARGET_MARGIN) | K16: =IF(NOT(ISNUMBER($I16)),IF($A16="","","Cannot be assessed — at least 2 plots are needed for an interval."),IF($I16<=$J16,"MET: ±"&TEXT($I16,"0%")&" at "&TEXT(TARGET_CONFIDENCE,"0%")&" confidence","NOT MET: ±"&TEXT($I16,"0%")&" against a ±"&TEXT($J16,"0%")&" target")) | L16: =IF(OR($A16="",NOT(ISNUMBER($B16)),NOT(ISNUMBER($D16))),"",$D16*$B16) | M16: =IF(NOT(ISNUMBER($L16)),"",$L16*CO2E_FACTOR/1000) | N16: =IF($A16="","",IF($C16=0,"No plots carry this Site ID — check it matches the Plot & Site Log. ","")&IF(AND($C16>0,$C16<2),"Only one plot: a mean can be reported but never an uncertainty. ","")&IF($B16="","No site area, so no total carbon. ","")&IF(AND(ISNUMBER($I16),$I16>$J16),"Wider than planned. Peatland carbon varies more than forest carbon does, largely through depth — more cores, or stratifying by microform and depth, would tighten it. ",""))
... C18: =IF($A18="","",SUMIFS('5. Plot Summary'!$J$5:$J$64,'5. Plot Summary'!$B$5:$B$64,$A18)) | D18: =IF(OR($A18="",NOT(ISNUMBER($C18)),$C18=0),"",SUMIFS('5. Plot Summary'!$I$5:$I$64,'5. Plot Summary'!$B$5:$B$64,$A18)/$C18) | E18: =IF(OR($A18="",NOT(ISNUMBER($C18)),$C18<2),"",SQRT(SUMPRODUCT(('5. Plot Summary'!$B$5:$B$64=$A18)*'5. Plot Summary'!$J$5:$J$64*('5. Plot Summary'!$I$5:$I$64-$D18)^2)/($C18-1))) | F18: =IF(OR(NOT(ISNUMBER($E18)),NOT(ISNUMBER($C18)),$C18<2),"",$E18/SQRT($C18)) | G18: =IF(OR($A18="",NOT(ISNUMBER($C18)),$C18<2),"",TINV(1-TARGET_CONFIDENCE,$C18-1)) | H18: =IF(OR(NOT(ISNUMBER($F18)),NOT(ISNUMBER($G18))),"",$G18*$F18) | I18: =IF(OR(NOT(ISNUMBER($H18)),NOT(ISNUMBER($D18)),$D18=0),"",$H18/$D18) | J18: =IF($A18="","",TARGET_MARGIN) | K18: =IF(NOT(ISNUMBER($I18)),IF($A18="","","Cannot be assessed — at least 2 plots are needed for an interval."),IF($I18<=$J18,"MET: ±"&TEXT($I18,"0%")&" at "&TEXT(TARGET_CONFIDENCE,"0%")&" confidence","NOT MET: ±"&TEXT($I18,"0%")&" against a ±"&TEXT($J18,"0%")&" target")) | L18: =IF(OR($A18="",NOT(ISNUMBER($B18)),NOT(ISNUMBER($D18))),"",$D18*$B18) | M18: =IF(NOT(ISNUMBER($L18)),"",$L18*CO2E_FACTOR/1000) | N18: =IF($A18="","",IF($C18=0,"No plots carry this Site ID — check it matches the Plot & Site Log. ","")&IF(AND($C18>0,$C18<2),"Only one plot: a mean can be reported but never an uncertainty. ","")&IF($B18="","No site area, so no total carbon. ","")&IF(AND(ISNUMBER($I18),$I18>$J18),"Wider than planned. Peatland carbon varies more than forest carbon does, largely through depth — more cores, or stratifying by microform and depth, would tighten it. ",""))
A21: STUDY AREA — all sites combined, weighted by area
A22: Total area (m²) | B22: =IF(SUM($B$5:$B$18)=0,"",SUM($B$5:$B$18))
A23: Total carbon (kg C) | B23: =IF(SUM($L$5:$L$18)=0,"",SUM($L$5:$L$18))
A24: Area-weighted mean (kg C/m²) | B24: =IF(OR($B$22="",$B$23=""),"",$B$23/$B$22)
A25: Total (t CO₂e) | B25: =IF($B$23="","",$B$23*CO2E_FACTOR/1000)
A27: Basis: FULL PROFILE, to the mineral contact.
A28: Reference depth reported alongside: | B28: =REFERENCE_DEPTH_CM&" cm"
A29: Note: the study-area mean weights each site by its area, which is right when sites differ in size. It does NOT propagate the per-site uncertainties into a study-area interval — that needs the stratified estimator described in Part 4.

Sheet 7. Settings
A1: SETTINGS
A2: Everything the calculator assumes lives here. Change it once and every sheet follows.
A4: Parameter | B4: Value | C4: What it does
A5: CARBON_FRACTION_OM | B5: 0.5 | C5: Fraction of peat organic matter that is carbon, used to convert LOI550 to %C. The peat guide's value. See 'R1. Reference' — published factors run 0.21–0.58 and local calibration against CHN is recommended.
A6: OM_FACTOR_IS_LOCAL | B6: No | C6: Set to Yes once you have calibrated the factor above against elemental analysis on a subset of your own samples. Leaving it No raises an advisory flag, not an error.
A7: CO2E_FACTOR | B7: 3.67 | C7: Multiply kg C by this to report CO₂ equivalents.
A8: REFERENCE_DEPTH_CM | B8: 100 | C8: The fixed depth reported alongside the full profile, so cores of different depths stay comparable. 100 cm is the coastal-carbon convention; 30, 50 and 200 cm are also used.
A9: PEATLAND_MIN_DEPTH_CM | B9: 30 | C9: Organic horizon depth at or above which the guide classes a site as peatland. Cores shallower than this are flagged for interpretation, not rejected.
A10: PLOT_AREA_M2 | B10: 100 | C10: Area each plot represents. The peat guide works in 10 × 10 m plots with one coring site per plot.
A11: TARGET_MARGIN | B11: 0.2 | C11: Precision target set in Part 2, Step 4. ±20% of the mean by default.
A12: TARGET_CONFIDENCE | B12: 0.9 | C12: Confidence level for the target and for all reported intervals.
A13: QC_BD_MIN | B13: 0.02 | C13: Minimum plausible bulk density, g/cm³. Set LOW deliberately: surface Sphagnum peat runs 0.02–0.05, and a mineral-soil threshold would reject most real peat.
A14: QC_BD_MAX | B14: 1.2 | C14: Maximum plausible bulk density for peat, g/cm³. Values above this usually mean the mineral contact has been passed.
A15: QC_CARBON_PCT_MAX | B15: 60 | C15: Flag carbon above this per cent. Peat runs roughly 45–55%; higher usually means organic matter has been entered instead of carbon.
A16: QC_RECOVERY_MIN | B16: 0.9 | C16: Minimum acceptable ratio of core length recovered to bore depth. Below this, the corer chamber probably did not fill completely.
A17: LORCA_MIN | B17: 4 | C17: Lower sanity bound for long-term accumulation, g C/m²/yr. Published peatland values run roughly 4.6–85.8, mean ~20.
A18: LORCA_MAX | B18: 90 | C18: Upper sanity bound for long-term accumulation, g C/m²/yr.

Sheet R1. Reference
A1: REFERENCE TABLES
A3: VON POST HUMIFICATION SCALE
A4: Squeeze a handful of wet peat and watch what comes out between your fingers. Subjective, rapid, and the standard field descriptor of how decomposed peat is. Stanek & Silc (1977); Malterer et al. (1992).
A5: Class | B5: Degree of decomposition | C5: What you see when you squeeze it
A6: H1 | B6: Completely undecomposed | C6: Clear, colourless water squeezes out. Plant remains easily identifiable.
A7: H2 | B7: Almost undecomposed | C7: Clear, yellowish water. Plant remains still identifiable.
A8: H3 | B8: Very weakly decomposed | C8: Slightly turbid brown water. No peat escapes between the fingers.
A9: H4 | B9: Weakly decomposed | C9: Strongly turbid brown water. No peat escapes. Residue mushy.
A10: H5 | B10: Moderately decomposed | C10: Very turbid water with a little peat escaping. Plant structure evident but indistinct.
A11: H6 | B11: Fairly well decomposed | C11: About one third of the peat escapes between the fingers. Residue very mushy.
A12: H7 | B12: Strongly decomposed | C12: About half escapes. Plant structure barely discernible.
A13: H8 | B13: Very strongly decomposed | C13: About two thirds escapes. Only resistant remains, such as roots and fibres, left.
A14: H9 | B14: Almost completely decomposed | C14: Nearly all escapes as a fairly uniform paste.
A15: H10 | B15: Completely decomposed | C15: All the peat escapes between the fingers. No free water visible.
A16: H1–H3 is fibric peat (Oi); H4–H6 hemic, or mucky peat (Oe); H7–H10 sapric, or muck (Oa). Carbon content per unit mass falls as decomposition advances, while bulk density rises.
A19: WETLAND TYPES
A20: Type | B20: Water source | C20: Notes
A21: Bog | B21: Ombrotrophic — rain and snow only | C21: Acidic, nutrient-poor. Sphagnum, ericaceous shrubs, stunted black spruce.
A22: Fen | B22: Minerotrophic — groundwater carrying minerals | C22: Less acidic. Sedges, brown mosses, tamarack.
A23: Swamp | B23: Variable; standing or moving water | C23: At least 25% tree cover. Organic depth shallow to very deep. Measure trees too.
A24: Marsh | B24: Standing or slowly moving surface water | C24: Emergent herbaceous vegetation. Often mineral, not peat.
A25: Other | C25: Describe it in the notes.
A28: PUBLISHED ORGANIC-MATTER → CARBON CONVERSION FACTORS
A29: The factor is NOT universal. Bansal et al. (2023) recommend determining a local SOM:SOC ratio on a subset of samples run through BOTH loss-on-ignition and a CHN elemental analyser, and publishing the relationship. The workbook's default is the peat guide's 0.5; change it on '7. Settings' once you have your own.
A30: Factor | B30: Source | C30: System
A31: 0.5 | B31: This workshop / WWF peat guide | C31: Peat organic matter taken as 50% carbon. The default here.
A32: 0.58 | B32: van Bemmelen (historical) | C32: Long-standing general factor. Pribyl (2010) considers it too high for many soils.
A33: 0.53 | B33: Braun et al. (2020) | C33: Freshwater coastal wetlands, Lake Michigan.
A34: 0.52 | B34: Ouyang & Lee (2020) | C34: Salt marsh.
A35: 0.47 | B35: Baustian et al. (2017) | C35: All Louisiana soils.
A36: 0.43 | B36: Fourqurean et al. (2012) | C36: Global seagrass sediments.
A37: 0.21 | B37: Ouyang & Lee (2020) | C37: Mangrove — the low end, and a warning against assuming a universal factor.
A38: 0.4–0.6 | B38: Craft et al. (1991) | C38: 0.4–0.6 depending on organic matter content and soil age, North Carolina salt marsh.
