Workbook
Name CONF_LEVEL: '1. Design'!$B$5
Name Z_MULT: '1. Design'!$B$6
Name CV_SOIL: '1. Design'!$B$21
Name CV_ROOT: '1. Design'!$B$28
Name E_SOIL: '1. Design'!$B$10
Name E_ROOT: '1. Design'!$B$11
Name MIN_PER_STRATUM: '1. Design'!$B$31

Sheet 0. Instructions
A1: GRASSLAND SAMPLE ALLOCATION CALCULATOR
A2: WWF-Canada Carbon Measurement · Grassland Carbon Workshop, Part 2 Step 4
A4: What this workbook does | B4: Turns a precision target into a number of samples, separately for SOIL and for ROOTS, and splits that number across your strata by area. It records every assumption you used, so the design can be defended later.
A5: Why soil and roots are sized separately | B5: Planned sample size scales with the SQUARE of the coefficient of variation. Root biomass is usually more variable than soil carbon, so one shared precision target lets root processing set the size of the whole campaign. Setting a wider, stated target for roots is usually the better trade.
A6: The small-sample adjustment | B6: Planning uses the normal multiplier z. The interval you report afterwards uses Student's t on n-1 degrees of freedom, which is larger. This sheet iterates with t until the answer stops moving, and shows both figures so the adjustment is visible.
A7: What it does NOT do | B7: It does not choose your prior, judge whether your strata are meaningful, or replace a design-specific analysis. It is a planning starting point.
A9: HOW TO USE IT
A10: Step 1 | B10: On '1. Design', set your confidence level and the precision target for each pool.
A11: Step 2 | B11: Enter your variability prior (mean and SD, or a CV directly) for each pool, and say where it came from.
A12: Step 3 | B12: On '2. Strata', enter each stratum's name and area in m². The sheet allocates by area.
A13: Step 4 | B13: Read the per-pool sample size and the per-stratum allocation off '3. Result'.
A14: Step 5 | B14: Copy the assumptions statement on '3. Result' into your project record.
A16: Colour key: yellow = type here · grey = calculated · green = the answer · orange = a value only you can supply

Sheet 1. Design
A1: DESIGN INPUTS
A2: Everything you choose. Yellow and orange cells only.
A4: CONFIDENCE
A5: Confidence level | B5: 0.9 | D5: 0.90 or 0.95. Higher confidence needs more samples.
A6: z multiplier | B6: =NORMSINV(1-(1-'1. Design'!$B$5)/2) | D6: Normal multiplier used for the FIRST planning pass only.
A8: PRECISION TARGET, PER POOL
A9: Pool | B9: Target E | D9: What it means
A10: Soil carbon | B10: 0.2 | D10: Relative margin of error. 0.20 = the interval reaches ±20% of the mean.
A11: Root biomass | B11: 0.4 | D11: A wider target here is usually honest, not a failure. State it and report against it.
A13: VARIABILITY PRIOR, PER POOL
A14: Enter EITHER a mean and SD in the same units, OR a CV directly. If a CV is entered it wins. This is the single input that most changes the answer, and the one the workshop cannot supply for you.
A15: Pool | B15: Value | D15: Notes
A16: Soil carbon
A17: Prior mean | D17: In whatever unit you measure the pool. Only used to derive the CV.
A18: Prior SD | D18: Same unit as the mean.
A19: Prior CV (overrides) | D19: SD ÷ mean. Enter directly if that is what your source reports.
A20: Source of the prior | D20: Pilot / published study / soil map. Write it down — a reviewer will ask.
A21: → CV used | B21: =IF(ISNUMBER($B$19),$B$19,IF(AND(ISNUMBER($B$17),ISNUMBER($B$18),$B$17<>0),$B$18/$B$17,"")) | D21: Blank until you supply a prior. Nothing downstream computes without it.
A23: Root biomass
A24: Prior mean | D24: In whatever unit you measure the pool. Only used to derive the CV.
A25: Prior SD | D25: Same unit as the mean.
A26: Prior CV (overrides) | D26: SD ÷ mean. Enter directly if that is what your source reports.
A27: Source of the prior | D27: Pilot / published study / soil map. Write it down — a reviewer will ask.
A28: → CV used | B28: =IF(ISNUMBER($B$26),$B$26,IF(AND(ISNUMBER($B$24),ISNUMBER($B$25),$B$24<>0),$B$25/$B$24,"")) | D28: Blank until you supply a prior. Nothing downstream computes without it.
A30: MINIMUM PER STRATUM
A31: Minimum samples per stratum | B31: 3 | D31: Draft statistical minimum is 3; 5 is preferred where feasible. The eelgrass workshop uses 5 as an operational minimum. Confirm the series-wide rule.

Sheet 2. Strata
A1: STRATA
A2: One row per stratum from Part 2 Step 2. Area drives the allocation.
A4: Stratum name | B4: Area (m²) | C4: Area (ha) | D4: Share of total | E4: Soil samples | F4: Root samples | G4: Notes
C5: =IF(NOT(ISNUMBER($B5)),"",$B5/10000) | D5: =IF(OR(NOT(ISNUMBER($B5)),SUM($B$5:$B$16)=0),"",$B5/SUM($B$5:$B$16)) | E5: =IF(OR($A5="",NOT(ISNUMBER($D5)),NOT(ISNUMBER('3. Result'!$B$8))),"",MAX(MIN_PER_STRATUM,CEILING($D5*'3. Result'!$B$8,1))) | F5: =IF(OR($A5="",NOT(ISNUMBER($D5)),NOT(ISNUMBER('3. Result'!$C$8))),"",MAX(MIN_PER_STRATUM,CEILING($D5*'3. Result'!$C$8,1)))
C6: =IF(NOT(ISNUMBER($B6)),"",$B6/10000) | D6: =IF(OR(NOT(ISNUMBER($B6)),SUM($B$5:$B$16)=0),"",$B6/SUM($B$5:$B$16)) | E6: =IF(OR($A6="",NOT(ISNUMBER($D6)),NOT(ISNUMBER('3. Result'!$B$8))),"",MAX(MIN_PER_STRATUM,CEILING($D6*'3. Result'!$B$8,1))) | F6: =IF(OR($A6="",NOT(ISNUMBER($D6)),NOT(ISNUMBER('3. Result'!$C$8))),"",MAX(MIN_PER_STRATUM,CEILING($D6*'3. Result'!$C$8,1)))
C7: =IF(NOT(ISNUMBER($B7)),"",$B7/10000) | D7: =IF(OR(NOT(ISNUMBER($B7)),SUM($B$5:$B$16)=0),"",$B7/SUM($B$5:$B$16)) | E7: =IF(OR($A7="",NOT(ISNUMBER($D7)),NOT(ISNUMBER('3. Result'!$B$8))),"",MAX(MIN_PER_STRATUM,CEILING($D7*'3. Result'!$B$8,1))) | F7: =IF(OR($A7="",NOT(ISNUMBER($D7)),NOT(ISNUMBER('3. Result'!$C$8))),"",MAX(MIN_PER_STRATUM,CEILING($D7*'3. Result'!$C$8,1)))
C8: =IF(NOT(ISNUMBER($B8)),"",$B8/10000) | D8: =IF(OR(NOT(ISNUMBER($B8)),SUM($B$5:$B$16)=0),"",$B8/SUM($B$5:$B$16)) | E8: =IF(OR($A8="",NOT(ISNUMBER($D8)),NOT(ISNUMBER('3. Result'!$B$8))),"",MAX(MIN_PER_STRATUM,CEILING($D8*'3. Result'!$B$8,1))) | F8: =IF(OR($A8="",NOT(ISNUMBER($D8)),NOT(ISNUMBER('3. Result'!$C$8))),"",MAX(MIN_PER_STRATUM,CEILING($D8*'3. Result'!$C$8,1)))
C9: =IF(NOT(ISNUMBER($B9)),"",$B9/10000) | D9: =IF(OR(NOT(ISNUMBER($B9)),SUM($B$5:$B$16)=0),"",$B9/SUM($B$5:$B$16)) | E9: =IF(OR($A9="",NOT(ISNUMBER($D9)),NOT(ISNUMBER('3. Result'!$B$8))),"",MAX(MIN_PER_STRATUM,CEILING($D9*'3. Result'!$B$8,1))) | F9: =IF(OR($A9="",NOT(ISNUMBER($D9)),NOT(ISNUMBER('3. Result'!$C$8))),"",MAX(MIN_PER_STRATUM,CEILING($D9*'3. Result'!$C$8,1)))
C10: =IF(NOT(ISNUMBER($B10)),"",$B10/10000) | D10: =IF(OR(NOT(ISNUMBER($B10)),SUM($B$5:$B$16)=0),"",$B10/SUM($B$5:$B$16)) | E10: =IF(OR($A10="",NOT(ISNUMBER($D10)),NOT(ISNUMBER('3. Result'!$B$8))),"",MAX(MIN_PER_STRATUM,CEILING($D10*'3. Result'!$B$8,1))) | F10: =IF(OR($A10="",NOT(ISNUMBER($D10)),NOT(ISNUMBER('3. Result'!$C$8))),"",MAX(MIN_PER_STRATUM,CEILING($D10*'3. Result'!$C$8,1)))
C11: =IF(NOT(ISNUMBER($B11)),"",$B11/10000) | D11: =IF(OR(NOT(ISNUMBER($B11)),SUM($B$5:$B$16)=0),"",$B11/SUM($B$5:$B$16)) | E11: =IF(OR($A11="",NOT(ISNUMBER($D11)),NOT(ISNUMBER('3. Result'!$B$8))),"",MAX(MIN_PER_STRATUM,CEILING($D11*'3. Result'!$B$8,1))) | F11: =IF(OR($A11="",NOT(ISNUMBER($D11)),NOT(ISNUMBER('3. Result'!$C$8))),"",MAX(MIN_PER_STRATUM,CEILING($D11*'3. Result'!$C$8,1)))
C12: =IF(NOT(ISNUMBER($B12)),"",$B12/10000) | D12: =IF(OR(NOT(ISNUMBER($B12)),SUM($B$5:$B$16)=0),"",$B12/SUM($B$5:$B$16)) | E12: =IF(OR($A12="",NOT(ISNUMBER($D12)),NOT(ISNUMBER('3. Result'!$B$8))),"",MAX(MIN_PER_STRATUM,CEILING($D12*'3. Result'!$B$8,1))) | F12: =IF(OR($A12="",NOT(ISNUMBER($D12)),NOT(ISNUMBER('3. Result'!$C$8))),"",MAX(MIN_PER_STRATUM,CEILING($D12*'3. Result'!$C$8,1)))
C13: =IF(NOT(ISNUMBER($B13)),"",$B13/10000) | D13: =IF(OR(NOT(ISNUMBER($B13)),SUM($B$5:$B$16)=0),"",$B13/SUM($B$5:$B$16)) | E13: =IF(OR($A13="",NOT(ISNUMBER($D13)),NOT(ISNUMBER('3. Result'!$B$8))),"",MAX(MIN_PER_STRATUM,CEILING($D13*'3. Result'!$B$8,1))) | F13: =IF(OR($A13="",NOT(ISNUMBER($D13)),NOT(ISNUMBER('3. Result'!$C$8))),"",MAX(MIN_PER_STRATUM,CEILING($D13*'3. Result'!$C$8,1)))
C14: =IF(NOT(ISNUMBER($B14)),"",$B14/10000) | D14: =IF(OR(NOT(ISNUMBER($B14)),SUM($B$5:$B$16)=0),"",$B14/SUM($B$5:$B$16)) | E14: =IF(OR($A14="",NOT(ISNUMBER($D14)),NOT(ISNUMBER('3. Result'!$B$8))),"",MAX(MIN_PER_STRATUM,CEILING($D14*'3. Result'!$B$8,1))) | F14: =IF(OR($A14="",NOT(ISNUMBER($D14)),NOT(ISNUMBER('3. Result'!$C$8))),"",MAX(MIN_PER_STRATUM,CEILING($D14*'3. Result'!$C$8,1)))
C15: =IF(NOT(ISNUMBER($B15)),"",$B15/10000) | D15: =IF(OR(NOT(ISNUMBER($B15)),SUM($B$5:$B$16)=0),"",$B15/SUM($B$5:$B$16)) | E15: =IF(OR($A15="",NOT(ISNUMBER($D15)),NOT(ISNUMBER('3. Result'!$B$8))),"",MAX(MIN_PER_STRATUM,CEILING($D15*'3. Result'!$B$8,1))) | F15: =IF(OR($A15="",NOT(ISNUMBER($D15)),NOT(ISNUMBER('3. Result'!$C$8))),"",MAX(MIN_PER_STRATUM,CEILING($D15*'3. Result'!$C$8,1)))
C16: =IF(NOT(ISNUMBER($B16)),"",$B16/10000) | D16: =IF(OR(NOT(ISNUMBER($B16)),SUM($B$5:$B$16)=0),"",$B16/SUM($B$5:$B$16)) | E16: =IF(OR($A16="",NOT(ISNUMBER($D16)),NOT(ISNUMBER('3. Result'!$B$8))),"",MAX(MIN_PER_STRATUM,CEILING($D16*'3. Result'!$B$8,1))) | F16: =IF(OR($A16="",NOT(ISNUMBER($D16)),NOT(ISNUMBER('3. Result'!$C$8))),"",MAX(MIN_PER_STRATUM,CEILING($D16*'3. Result'!$C$8,1)))
A18: TOTAL | B18: =IF(SUM($B$5:$B$16)=0,"",SUM($B$5:$B$16)) | C18: =IF(SUM($B$5:$B$16)=0,"",SUM($B$5:$B$16)/10000) | E18: =IF(SUM($E$5:$E$16)=0,"",SUM($E$5:$E$16)) | F18: =IF(SUM($F$5:$F$16)=0,"",SUM($F$5:$F$16))
A20: Allocation is proportional to AREA, rounded up, then raised to the minimum per stratum. Both of those push the total above the calculated n, which is expected — rounding down or allowing a 2-sample stratum would leave that stratum without an estimable variance. Where strata differ greatly in variability or cost, area-proportional allocation is not optimal; see Appendix A7.

Sheet 3. Result
A1: RESULT
A2: The sample size for each pool, and how it was reached.
B4: SOIL | C4: ROOTS
A5: CV used | B5: =IF(ISNUMBER(CV_SOIL),CV_SOIL,"") | C5: =IF(ISNUMBER(CV_ROOT),CV_ROOT,"")
A6: Target E | B6: =E_SOIL | C6: =E_ROOT
A7: Planning n (z only) | B7: =IF(OR(NOT(ISNUMBER(CV_SOIL)),NOT(ISNUMBER(E_SOIL)),E_SOIL=0),"",CEILING((Z_MULT*CV_SOIL/E_SOIL)^2,1)) | C7: =IF(OR(NOT(ISNUMBER(CV_ROOT)),NOT(ISNUMBER(E_ROOT)),E_ROOT=0),"",CEILING((Z_MULT*CV_ROOT/E_ROOT)^2,1))
A8: SAMPLE SIZE (t-adjusted) | B8: =IF(NOT(ISNUMBER($B$7)),"",MAX($J$12,$K$12)) | C8: =IF(NOT(ISNUMBER($C$7)),"",MAX($J$13,$K$13))
A9: Added by the adjustment | B9: =IF(OR(NOT(ISNUMBER($B$7)),NOT(ISNUMBER($B$8))),"",$B$8-$B$7) | C9: =IF(OR(NOT(ISNUMBER($C$7)),NOT(ISNUMBER($C$8))),"",$C$8-$C$7)
A11: t-iteration (unrolled) | D11: Each pass recomputes n from t on the previous n−1 degrees of freedom. It converges in three or four passes; six is headroom. | F11: pass 1 | G11: pass 2 | H11: pass 3 | I11: pass 4 | J11: pass 5 | K11: pass 6
A12: soil | F12: =IF(NOT(ISNUMBER($B$7)),"",CEILING((TINV(1-CONF_LEVEL,MAX(1,$B$7-1))*CV_SOIL/E_SOIL)^2,1)) | G12: =IF(NOT(ISNUMBER($F$12)),"",CEILING((TINV(1-CONF_LEVEL,MAX(1,$F$12-1))*CV_SOIL/E_SOIL)^2,1)) | H12: =IF(NOT(ISNUMBER($G$12)),"",CEILING((TINV(1-CONF_LEVEL,MAX(1,$G$12-1))*CV_SOIL/E_SOIL)^2,1)) | I12: =IF(NOT(ISNUMBER($H$12)),"",CEILING((TINV(1-CONF_LEVEL,MAX(1,$H$12-1))*CV_SOIL/E_SOIL)^2,1)) | J12: =IF(NOT(ISNUMBER($I$12)),"",CEILING((TINV(1-CONF_LEVEL,MAX(1,$I$12-1))*CV_SOIL/E_SOIL)^2,1)) | K12: =IF(NOT(ISNUMBER($J$12)),"",CEILING((TINV(1-CONF_LEVEL,MAX(1,$J$12-1))*CV_SOIL/E_SOIL)^2,1))
A13: roots | F13: =IF(NOT(ISNUMBER($C$7)),"",CEILING((TINV(1-CONF_LEVEL,MAX(1,$C$7-1))*CV_ROOT/E_ROOT)^2,1)) | G13: =IF(NOT(ISNUMBER($F$13)),"",CEILING((TINV(1-CONF_LEVEL,MAX(1,$F$13-1))*CV_ROOT/E_ROOT)^2,1)) | H13: =IF(NOT(ISNUMBER($G$13)),"",CEILING((TINV(1-CONF_LEVEL,MAX(1,$G$13-1))*CV_ROOT/E_ROOT)^2,1)) | I13: =IF(NOT(ISNUMBER($H$13)),"",CEILING((TINV(1-CONF_LEVEL,MAX(1,$H$13-1))*CV_ROOT/E_ROOT)^2,1)) | J13: =IF(NOT(ISNUMBER($I$13)),"",CEILING((TINV(1-CONF_LEVEL,MAX(1,$I$13-1))*CV_ROOT/E_ROOT)^2,1)) | K13: =IF(NOT(ISNUMBER($J$13)),"",CEILING((TINV(1-CONF_LEVEL,MAX(1,$J$13-1))*CV_ROOT/E_ROOT)^2,1))
A15: FIELD COUNT
A16: Cores to collect | B16: ='2. Strata'!$E$18 | D16: Soil allocation summed over strata, after rounding and the minimum.
A17: Cores to wash for roots | B17: ='2. Strata'!$F$18 | D17: Roots come out of the same cores. If this is below the soil count, choose the subset AT RANDOM before looking at the cores.
A19: ASSUMPTIONS STATEMENT — copy this into your project record
A20: =IF(OR(NOT(ISNUMBER($B$8)),NOT(ISNUMBER($C$8))),"Complete the design inputs to generate this statement.","Sample sizes were calculated at "&TEXT(CONF_LEVEL,"0%")&" confidence. Soil carbon was sized to a relative margin of error of "&TEXT(E_SOIL,"0%")&" using a coefficient of variation of "&TEXT(CV_SOIL,"0.00")&", giving "&$B$8&" samples. Root biomass was sized separately to "&TEXT(E_ROOT,"0%")&" using a coefficient of variation of "&TEXT(CV_ROOT,"0.00")&", giving "&$C$8&" samples. Planning began from the normal multiplier and was then adjusted for small-sample Students t until stable. Samples were allocated across strata in proportion to area, rounded up, with a minimum of "&MIN_PER_STRATUM&" per stratum. Record the source of each variability prior alongside this statement.")
A25: This is a planning starting point, not a design-specific analysis. It assumes independent samples and a defensible prior. Paired designs, chronosequences, unequal-variance comparisons and detectable-change studies all need more than this sheet — see Appendix A10.

Sheet 4. Sensitivity
A1: SENSITIVITY
A2: What one knob at a time does. These are the figures Part 2 quotes — they are computed here, so the prose and the calculator cannot disagree.
A4: Pool | B4: CV | C4: Target E | D4: Confidence | E4: n (z only) | F4: n (t-adjusted) | G4: Added
A5: Soil carbon — relatively uniform | B5: 0.2 | C5: 0.2 | D5: 0.9 | E5: 3 | F5: 5 | G5: 2
A6: Soil carbon — moderate variation | B6: 0.3 | C6: 0.2 | D6: 0.9 | E6: 7 | F6: 9 | G6: 2
A7: Soil carbon — higher variation | B7: 0.4 | C7: 0.2 | D7: 0.9 | E7: 11 | F7: 13 | G7: 2
A8: Roots — lower illustrative variation | B8: 0.5 | C8: 0.2 | D8: 0.9 | E8: 17 | F8: 19 | G8: 2
A9: Roots — moderate illustrative variation | B9: 0.7 | C9: 0.2 | D9: 0.9 | E9: 34 | F9: 36 | G9: 2
A10: Roots — high illustrative variation | B10: 1 | C10: 0.2 | D10: 0.9 | E10: 68 | F10: 70 | G10: 2
A11: Roots at a ±30% target | B11: 0.7 | C11: 0.3 | D11: 0.9 | E11: 15 | F11: 17 | G11: 2
A12: Roots at a ±40% target | B12: 0.7 | C12: 0.4 | D12: 0.9 | E12: 9 | F12: 11 | G12: 2
A13: Soil at 95% confidence | B13: 0.3 | C13: 0.2 | D13: 0.95 | E13: 9 | F13: 12 | G13: 3
A15: Values computed by build_grass_alloc.py with the same iteration the '3. Result' tab unrolls in Excel. Re-run that script after changing the method, and copy these figures into Part 2 rather than editing either by hand.
